CallSign,City
VR2UGO,Tai Po N T
VR2CLS,Cheung Sha
VR2WCV,Yuen Long
VR2YQH,Hong Kong
VR2VQG,Hong Kong
VR2UD,HONG KONG
VR2XUA,Hong Kong
VR2YDC,Hong Kong
VR2UND,Hong Kong
VR2YMK,Hong Kong
VR2XGB,
VR2ZQT,Hong Kong
VR2WZW,Hong Kong
VR2XHW,Kowloon
VR2VDP,Wong Tau Sin
VR2VDP,Wong Tau Sin
VR2UZO,Sham Shui Po  KLN
VR2UD,HONG KONG
VR2VKU,HKG
VR2UYP,HKG
VR2WGG,HONG KONG
VR2WXP,HKG
VR2WDK,HKG
VR2UCU,HONG KONG
VR2YTX,Hong Kong
VR2YTH,Hong Kong
VR2XXU,Hong Kong
VR2ZKG,Hong Kong
VR2VVP,Hong Kong
VR2VVD,HONG KONG
VR2WIJ,Hong Kong
VR2VHK,Hong Kong
VR2WKW,Hong Kong
VR2WBN,Hong Kong
VR2UJE,Hong Kong
VR2WPY,Hong Kong
VR2XRQ,Hong Kong
VR2YYV,HONG KONG
VR2XVV,Hong Kong
VR2VHW,Hong Kong
VR2UCC,Hong Kong
VR2ZWR,Hong Kong
VR2HX,Hong Kong
VR2YEM,Hong Kong
VR2USP,Hong Kong SAR
VR2USX,Hong Kong
VR2WMV,Ma On Shan
VR2ZGZ,Hong Kong
VR2ZDX,Hong Kong
VR2YYW,Hong Kong
VR2XZK,Hong Kong
VR2VKN,Hong Kong
VR2PX,Hong Kong
VR2OT,Kowloon
VR2UQQ,HK
VR2VMJ,NT
VR2UCO,HONG KONG
VR2WML,Hong Kong
VR2WML,Hong Kong
VR2UGX,Hong Kong
VR2VAV,Hongkong
VR2WFM,Taipo
VR2YKS,Hong Kong
VR2XNG,Quarry Bay
VR2UNG,North Point
VR2XNG,Quarry Bay
VR2VQP,Hong Kong
VR2SC,Hong Kong
VR2YDC,Hong Kong
VR2WMO,Tuen Mun
VR2UHO,Hong Kong
VR2UJG,Hong Kong
VR2IP,Hong Kong
VR2IP,Hong Kong
VR2UHV,
VR2UJG,Hong Kong
VR2WAP,Hksar
VR2YSK,Hong Kong
VR2VIQ,Please Contact Me Vi
VR2WWM,Hong Kong
VR2VIQ,Please Contact Me Vi
VR2WXZ,Hong Kong
VR2URD,Shatin
VR2ZXP,Tseung Kwan O
VR2VFA,Kowloon
VR2WFB,Hong Kong
VR2ZDV,Kowloon
VR2WJL,Hongko G
VR2UEE,Kwun Tong
VR2ZFH,Hong Kong
VR2UWE,Hong Kong
VR2UWE,Hong Kong
VR2WOR,Hong Kong
VR2WOR,Hong Kong
VR2VMR,Hong Kong
VR2YPZ,Hong Kong
VR2YPZ,Hong Kong
VR2WAG,Hong Kong
VR2XPL,Hong Kong
VR2XUA,Hong Kong
VR2VVR,New Territories
VR2XZX,Hk
VR2UND,Hong Kong
VR2UIW,Hong Kong
VR2VSD,Hong Kong
VR2UCW,Hong Kong
VR2VIY,Lung Yeuk Tau Fanling
VR2CS,Kowloon
VR2YOO,Tsueng Kwan O
VR20VVR,Tuen Mun
VR2UOD,Mid-Levels
VR2UGR,Hong Kong
VR2UGR,Hong Kong
VR2YTL,Hong Kong
VR2WUK,China
VR2UOD,Mid-Levels
VR2UYV,Hong Kong
VR2ML,Hong Kong
XX9AS,Macau Sar
BH5HKD,JIAXING
XX9DV,Macao
XX9CM,Macau
BD7IXF,SHENZHEN
BG8CVQ,wen zhou
BL7JV,Zhongshan
BH4CST,Shanghai
BH4BQI,Shanghai
BH4CST,Shanghai
BH4CDS,Shangai
BG1PMS,Beijing
BG4JJS,Qingdao
VR2USB,Hong Kong
BG2DNT,daqing
VR2UEA,Hong Kong
VR2UGX,Hong Kong
VR2VUU,Hk
VR2VUU,Hk
VR2XAC,Hong Kong
VR2VSW,Hong Kong
VR2UEA,Hong Kong
VR2HKS,Wan Chai
BH4DPF,Shanghai
VR2UCL,Kowloon
VR2UCL,Kowloon
VR2YDF,Hong Kong
BG4DIB,Shanghai
VR2VXD,Hong Kong
BG9IXH,
VR2YOQ,Hong Kong
VR2AAA,Hong Kong
VR2AAA,Hong Kong
BG3MDO,Hebei China
BG0BBB,Urmuqi
BG0BPZ,Urumqi
VR2SC,Hong Kong
BD7PA,Guangzhou
VR2ZCL,Hong Kong
BG7PRH,Zhongshan
BG5UEZ,Zhangzhou City Fuji
BI3OGV,TangShan
BG5CDU,Ningbo
BG0AXE,Changji
BG0AXE,Changji
BH7NJF,Taishan
BI1OTX,BeiJing
BI3NFU,Tangshan
BH4FXO,Shanghai
BG2AZX,daqing
BH8SXD,Kunming
BG5EIB,Haining Zhejiang
BG8NRN,Guizhou Xingyi
BG7FKC,Zhangjiajie
BG7THK,Guilin
BG0FFM,Bole
BG0AQM,Urumqi-City Xinjian
BG0BQN,Urumqi
BH3SJN,Datong Shanxi
BG8AZO,Chengdu
BG7DON,Yueyang Cityhunan P
BG6WQG,Wuhan
BG0AVI,Urumqi Xinjiang
BI8BLR,Sichuan
BG0AVI,Urumqi Xinjiang
BG8AZO,Chengdu
BG2ANE,daqing
BD7MNP,LEI ZHOU
BH8SEL,Chuxiong
BG0BZH,Urumqi
BI4KVP,Qingdao
BG0AKT,Urumqi
BG0AKT,Urumqi
BG0AKM,Urumqi
BG0BSA,Xinjiang Shanshan
BH7PUE,Guangzhou Cityguang
BH7NCW,Haizhu DistrictGuan
BG7JBJ,LEI ZHOU
BG0BPZ,Urumqi
BH4QBO,Shanghai City
BG0BBX,Urumqi
BG0BBX,Urumqi
BG0AUV,Hejing
BD7MPN,Guangzhou City Canto
BG8FGK,Sichuan
BG8IAG,Chongqing
BI4TDQ,Jiangsu
BG0AWQ,Urumqi
BG0AWQ,Urumqi
BG0BQN,Urumqi
BG5UTJ,Fuzhou
BH8NOX,Guiyang
BH8NJX,Guiyang
BG4NWB,Zaozhuang Tengzhou
BD7YA,HaikouHainan
BG0BQK,Urumqi
VR2LT,Hong Kong
BH3OXY,XingTai
BG4NWB,Zaozhuang Tengzhou
BG0FQB,Urumqi
BG8JNT,Chongqin
BG7EVG,Changsha
BG1UFC,Beijing
BH4DTT,Shanghai
BG0BVS,Urumqi
BI1ONL,Beijing
BG0BQL,Urumqi
BI7KJP,Shenzhen
BD8SN,
BG8DCJ,Nanchong
BG2GA,Harbin
BG2GA,Harbin
BG8DZN,Chengdu
BI4LTY,China
BG8KCF,Enshi
BG0CDN,Wu Lu Mu Qi
BH1RPW,Beijing
BH2UAV,Shenyang
BD7MNP,LEI ZHOU
BG7ECA,Chian
BH7KCJ,Futian Shenzhen
BD7IOX,Guangzhou City Guangdong Province
BH4EOB,Shanghai Pudong District
BD7NJC,Zhongshan
BH2UAV,Shenyang
BG0BNK,Urumqi
BG7TON,Wuzhou Guangxi China
BG8IKG,Chongqin
BG7HVG,ChangshaHunan
BD7MRD,Guangzhou
BG0BHX,Kuerl
BA5DA,Shaoxing
BG0AUP,Urumqi
BG0AQW,Urumqi
BG0BMK,Urumqi
BD0AH,Xinjiang Wulumuqi City
BG0ANO,Cui Quan RoadTian S
BD0BK,xinjiang
BG0BGZ,Ueumqi
BG0ARE,Urumqi;Xinjiang Uygu
BG0AXS,Karamay Xinjiang
BG2WX,China
BA4UDB,Nanjing
BG2WX,China
BD4QYG,Xuzhou Jiangsu
BH4EAI,Shanghai
BG0AQW,Urumqi
BD0BK,xinjiang
BI4QZW,SuZhou
BH8EQV,Xichang
BG0BWW,Urumqi City Xinjian
BH4ARI,Shanghai
BG0AVK,Urumqi City Xinjian
BH5BMZ,Wenzhou
BG5DCF,shaoxing
BG0BZN,Urumqi
BG4ESO,Shanghai
BG4IIA,Zibo Huantai
BI4LUU,Qingdao
BH1PWA,Beijing
BH3CRO,Tian Jin
BG3SAQ,taiyuan
BG0AFA,Wulumuqi
BG0BUU,Urumqi
BH8NXT,Guizhou
BD4QMB,Nanjing Jiangsu
BG3OTT,Handan City Hebei P
BG0CAA,Urumqi
BD4QMB,Nanjing Jiangsu
BG0BDI,Xinhu General Yard
BG0BCD,Urumqi
BG3SAQ,taiyuan
BG3IAA,Hohhot
BG4INP,Zibo
BH3BBJ,Tianjin
BH6KEU,Luoyang
BH5HDR,Hangzhou
BG6RJC,Xishui
BA5AN,Hangzhou Zhejiang
BG5DMA,Dongyang Zhejiang Pr
BG8HXW,Nanchuan Chongqing
BG0AUP,Urumqi
BG3MBB,Xinzhou Shanxi
BG0AYY,Korla
BD4SRI,NanJing
BG0AVP,UrumqiXinjiang
BG8EJT,Guangyuan
BD4SRI,NanJing
BG0BVK,Urumqi
BD7LPO,Guangzhou
BG0BWJ,Karamay
BG7YVZ,Haikou
BH7KQB,Guangming New Distri
BH7JTB,Guangming New Distri
BG0AYY,Korla
BG0BNK,Urumqi
BG7TVF,Tianyang CountyBa
BG7YBF,Haikou
BD7JBE,Shenzhen
BG3OTT,Handan City Hebei P
BG7YI,
BG8IOI,Chongqing
BH4OFO,Huan Tai
XX9DV,Macao
BG9XX,Hangzhou Zhejiang
BG9XX,Hangzhou Zhejiang
BD7LXP,Shezhen
BH1UKW,Beijing
BD7MCI,Shenzhen
BH4QCM,Changzhou Jiangsu Province
BD7KVG,Foshan Guangdong
BH4EHQ,Shanghai
BH4EGN,Shanghai
BH4EGN,Shanghai
BI4XQQ,Suzhou Jiangsu
BG7YQ,Haikou
BG7YBF,Haikou
BG2RKL,Anshan CityLiaoning
BG3TJB,Xinzhou City Shanxi
BG0BUO,Urumqi
BG0BAC,
BG0BBC,
BI1GUL,BeiJing
BG0BWM,Wusu
BG0EK,Karamay
BH4IWK,Qingdao
BG7YVZ,Haikou
BI1GJL,Beijing
BH3ASP,Dongli District Tia
BG2KMU,Jilin
BH4EGT,Shanghai
BG4NFU,Qingdao
BH3BWI,Tianjin City
BH3BWX,Tianjin City
BG7RPU,Nangning
BD3SN,Tai Yuan Shan Xi
BA7JG,Guangzhou
BD4XW,
BG2DAR,Daqing
BH3SJM,Datong
BG0BES,Wusu
BG7IVP,Shenzhen
BH3BWH,Tianjin City
BG3DYD,Tian Jin City
BG7IVQ,Shenzhen
BG4RVN,nan jing
BG4CRJ,Shanghai
BG7ENO,Changsha
BD7JQO,Shenzhen
BG7IAE,Shenzhen
BG8EJT,Guangyuan
BH3CS,Dongli District Tia
BG4GTL,Shanghai
BG4ETL,Shanghai
BG4FDW,Shanghai
BG0CHC,Urumqi
BG7IFP,Chaozhou
BG8SOK,Kun Ming
BG3OZ,
BH1WOG,Bei Jing
BH4DMQ,Shanghai
BG7XYK,Wuzhou Guangxi China
BH4ECI,Shanghai
BG7XYS,Cenxi Guangxi
BI7OZD,Foshan City
BI7OZD,Foshan City
BG0ARL,Kashi
BH4DMQ,Shanghai
BD7LWI,Guangzhou
BG0AXY,Xing Jiang
BH1WOG,Bei Jing
BH1NRY,Beijing
BG4XYE,nanjing
BI7IOB,Foshan
BD7LMA,Foshan City
BH4AIU,Shang Hai
BG4XYE,nanjing
BH4EGM,Shanghai
BA4UNV,Huaian
BG7BSM,Changsha City Hunan Prov
BG4AIZ,Shanghai
BG0ARL,Kashi
VR2UIW,Hong Kong
BD4SRW,nan jing
BG0CJC,Chongqing
BG0CJC,Chongqing
BD4SRD,Nanjing
BG0CFD,Urumqi
BG0CHC,Urumqi
BI3SCL,Yuncheng
BG0CFI,Wulumuqi
BG7BSM,Changsha City Hunan Prov
BG0COD,Wusu
BH1RPW,Beijing
BG7HLA,Changsha Hunan
BH7CQ,Changsha
BG1JAV,Beijing
BG0AOV,Urumqi
BI1GMG,Beijing
BG4OXV,Jining Shandong
BG6WSF,Wuhan
BG7YRN,Haikou
BG4FUI,Shanghai
BD7OAY,Shenzhen
BG4FVI,Shanghai
BD4QHI,Su Zhou
BG6FHP,Maanshan Anhui
BH3RBQ,Zhangjiakou
BH4EOM,Shanghai
BG6FHP,Maanshan Anhui
BH1CQB,Beijing
BG6WFD,Wuhan
BG6WFD,Wuhan
BG2DQM,Harbin
BG2DQM,Harbin
BG2DQN,Harbin
BD7OHU,Zhongshan
BD7OHU,Zhongshan
BI4WQZ,Nantong
BI4WQZ,Nantong
BH5HLA,Hangzhou
BD7OAW,Shenzhen
BD7OAY,Shenzhen
BD7OAW,Shenzhen
BD7OIC,Guang Dong
BG5HGU,Hangzhou
BI1DSA,Bei Jing
BH1OTD,Beijing
BG6GTU,WUHU
BG7XYC,Nanning City
BG7XYC,Nanning City
BI4XGD,Nantong
BI4XHE,Nantong
BG1PHV,Beijing City
BG1PHV,Beijing City
BG7XXQ,Nanning City
BH7BUJ,Changsha
BG3KZE,Wu Lan Hao Te
BH7BUS,
BH5HGP,Hangzhou
BG1THS,Beijing
BG1THS,Beijing
BG6SMY,jingzhou
BH4BJQ,shanghai
BA4MY,Ji Nan City
BA4MY,Ji Nan City
BG7DWV,ChangSha
BG9AU,Xianyang
BG9FQS,Xianyang Shanxi Province
BG6SMM,jingzhou
BG6SMM,jingzhou
BG6RER,Jingzhou
BG9FQS,Xianyang Shanxi Province
BG1CHA,beijing
BG7FGE,Changde
BG6TYT,wuhan
BG6TYT,wuhan
BG6TOT,wuhan
BG1MB,beijing
BG6SSM,Xiaogan Hubei
BG6SSM,Xiaogan Hubei
BH4EGD,Shanghai
BI4MJX,DongYing
BI4MJX,DongYing
BH4OSN,Shandong Weifang
BD7JMN,Shenzhen
BI4SID,Jiangsu Nantong Of China
BH1VCS,Beijing
BG3HBR,Baotou City In Inner
BI4XGA,NANTONG
BH4BNQ,Shanghai
BG6VYU,Enshi
BI4LKI,Qingdao
BG5RGE,FUZHOU
BD4ROS,Suzhou
BG3KBH,baotou
BD4ROS,Suzhou
BH3APK,shanghai
BG3AKC,tianjin
BH7BUJ,Changsha
BH4LLP,Qingdao City Shando
BH2TVR,DaLian
BG7TJK,Qinzhou Guangxi
BI4MXN,Ji ning
BI4KNM,Zi bo
BH4JND,Zibo
BH4EBS,Shanghai
BH4EBS,Shanghai
BH8SBE,Xingyi City Guizhou Province
BD7JQR,Shenzhen City Guangdong Province
BD7OMA,Shenzhen
BH1UGN,BeiJing
BH4VAA,xuzhou
BG2DMO,Chengdu
BG3HIT,Huhehaote
BH9DYX,Xi An Shaanxi Province
BH9DYX,Xi An Shaanxi Province
BH1XRQ,Beijing
BH9CA,ShanX XI AN
BH7BWV,Hunan Xiangtan
BA7AW,Guangzhou
BD1BSC,Beijing
BD7OQF,Shenzhen Guangdong Province
BG6VHG,Yichang
BH8PEH,Guiyang
BG3IMW,Hohht China
BH4EMN,Shanghai
BG1FJS,Beijing
BH4PQP,Weihai Shandong
BI3NDE,baoding
BD5BLY,Hong Qiao TownYue QingZhejiang
BH6KVY,
BG2IWK,Jilin Tonghua
BD7NIG,
BI3NDE,baoding
BD7OFK,ShenZhen
BH9CA,ShanX XI AN
BH3DYU,Tian Jin
BG7TNN,Guangxi Guilin
BG9FQP,shaanxi xianyang
BH7JTM,GuangZhou
BH4CQC,Shang Hai
BD7ONQ,shenzhen
BG0CFS,Urumqi
BG7LGG,Shenzhen
BA4IRS,Jining
BA5DA,Shaoxing
BH9DRG,Xianyang Shanxi
BI4XXJ,NanJing
BH4CAZ,Shanghai
BG9FFP,shaanxi xianyang
BI7IZD,Shenzhen
BG3CTD,Tianjin
BG7NYT,Shenzhen
BG7NYT,Shenzhen
BG4MAO,Qingdao
BI4MZA,Jining
BG4MAO,Qingdao
BI4MYM,Jining
BH4KOB,Qingdao Shandong
BH4KOB,Qingdao Shandong
BH7BTC,CHANGSHA
BG4UYS,Jiangsu Nantong
BH7BTC,CHANGSHA
BH9BAK,Xi An
BH9BAK,Xi An
BI7IZO,shenzhen
BH9DVE,Xi An
BH3DVH,TIANJIN
BH3DVH,TIANJIN
BG4UYS,Jiangsu Nantong
BD4SDN,Suzhou
BH4CQC,Shang Hai
BD4QBF,Huaibei
BG5DCF,shaoxing
BH4DBZ,shanghai
BG3MQM,Tangshan
BD4SRN,Nanjing
BD4SRN,Nanjing
BH9AZU,Xi An
BI3TYI,TaiYuan
BI4TOM,Taizhou
BH4BCS,shanghai
BH4VAP,NanJing
BI4MJL,DongYing
BH9AKW,Xi an
BH9AZT,Xi An
BI6KSC,Xu Chang
BH4ERL,Shanghai
BG3LGV,Tongliao
BG6UEM,Xianning
BG6UEM,Xianning
BH4ERI,Shang Hai
BI4OSX,Weifang
BI7IZM,ShenZhen
BH9CQ,XiAn
BH3DZG,TIANJIN
BH3DZG,TIANJIN
BI4NFM,Weihai City Shandong Province
BG2DRN,Hei Long Jiang Da Qing
BH4ERI,Shang Hai
BI4KQY,DongYing
BG2DIE,daqing
BG2DNO,daqing
BG2DRH,Daqing
BH9DZC,
BG5USM,FUZHOU
BI4MEW,Zaozhuang Tengzhou
BH3EAT,TIANJIN
BI4MJM,Dongying
BI4MIP,DongYing
BG2BZO,daqing
BG5USS,FUZHOU
BG2RKH,Shenyang
BG2RKH,Shenyang
BI4MJM,Dongying
BG5USS,FUZHOU
BG6SZD,Enshi
BG2CBD,DaQing
BG7JDM,
BG3JZO,LiTong Liao
BG7YFP,Haikou
BG9GYH,Lanzhou
BI3OVY,Tangshan
BG5USN,Gulou District Fuzhou
BG7JBJ,LEI ZHOU
BG7JDM,
BG4BWW,Shanghai
BH3PHG,
BI4TXP,Jiangsu Xuzhou
BG9GYH,Lanzhou
BI4VLG,Nanjing Jiangsu
BI1GLT,Beijing
BG6THE,Wuhan
BG5UTM,FUZHOU
BG5USP,FUZHOU
BG4REG,nang jing
BH1KSC,Beijing
BD7NMC,FoShan
BH9ELJ,
BI1EXF,Beijing
BD4RCV,Nan Jing
BG1DZQ,Beijing
BI1EXF,Beijing
BH9ELJ,
BG9MXK,Zhongwei
BH5EDQ,haining
BG9AMU,Xian Shanxi
BG4NCL,Shandong Qingdao
BG9MXK,Zhongwei
BG1MXQ,Bei Jing
BD7OGW,Guangzhou
BI4KQL,Dongying
BG5FIM,Tai Zhou
BH2UCB,DaLian
BH2UCB,DaLian
BG2DUG,daqing
BG1MXQ,Bei Jing
BI4ORU,weifang
BH4TCC,WUXI
BA9TX,Qinghai
BG9MQC,ZhongWei
BG2TPK,DALIAN
BH4RPN,NanJing
BH4RPN,NanJing
BH4RWP,Nanjing
BH4RWP,Nanjing
BI3SQI,Tai Yuan
BI4TLB,NanJing
BD4SRH,NanJing
BG9NAB,ZhongWei
BG9NFH,ZhongWei
BG9NUD,ZhongWei
BD4SRH,NanJing
BI4TLB,NanJing
BD4SRW,nan jing
BD4SRD,Nanjing
BG7YVB,HaiKou
BH1PIA,Beijing
BG8SYB,Yuxi CityYunnan Province
BG8SYB,Yuxi CityYunnan Province
BH3WHN,Tai Yuan
BI4KQL,Dongying
BG9OHR,ZhongWei
BD4QBZ,Nanjing Jiangsu
BI4TXW,Jiangsu Xuzhou
BD4QBZ,Nanjing Jiangsu
BG4VGJ,Xu Zhoujiangsu
BG9NFN,Zhongwei
BH4QIC,chang zhou
BH6BGF,Tongling
BH7JXW,Canton
BG7NQF,Shen Zhen
BG9NBX,ZhongWei
BH4VJV,Xuzhou
BH4ESA,Pudong Shanghai
BG3NIT,Tangshan
BI1EEK,Bei Jing
BD9MI,ZhongWei
BI1CQF,Beijing
BI1CQF,Beijing
BG3LKF,Manzhouli
BG3LKG,Hubeier
BG3LKI,Hulunbuir
BD7NYZ,Shenzhen
BH4ERU,Shanghai
BD5HLI,Hangzhou
BG7GRE,Huaihua City
BD5HLI,Hangzhou
BH3BBM,Tianjin
BG5HHP,Hangzhou
BG5DCG,shaoxing
BG2CPE,DaQing
BG5DAT,Shaoxing
BG5DCG,shaoxing
BA9TX,Qinghai
BG9EE,Xian
BH3STL,Taiyuan
BI3RYK,Shijiazhuang
BH3STF,Taiyuan
BI3RYK,Shijiazhuang
BG9EE,Xian
BI8EIZ,ChengDu
BI6KEL,Luoyang
BD7JAI,FoShan City Guang Dong Province
BG4CLH,Shanghai China
BG4RJT,nanjing
BG5EOE,Jiaxing Zhejiang
BG4RJT,nanjing
BG2AXG,Harbin
BH4ETL,Shanghai China
BH3EBK,TangShan
BH4DVX,Shanghai
BH4DVX,Shanghai
BH4VJV,Xuzhou
BI1ADA,Beijing
BH4ETE,Shanghai
BI1EZI,Beijing
BH7CSH,Xiang Tan
BH4VAP,NanJing
BH9DX,
BH7CSH,Xiang Tan
BI4UMB,yangzhou
BI4UMB,yangzhou
BH9DX,
BH4DYI,Shnaghai
BG1KSQ,Beijing
BI8DEA,Chengdu CitySichuan Province
BG1KSQ,Beijing
BH2TPV,Shenyang
BH2TPV,Shenyang
BA4TLF,Nanjing
BG7MMN,Shenzhen
BH4ETE,Shanghai
BI9BZR,
BG7MMN,Shenzhen
BH3EBK,TangShan
BD4RCL,NanJing JiangSu
BG2CMM,yangzhou
BI3SSJ,Taiyuan
BG7DTJ,Xiangtan
BD3NK,Hengshui Hebei
BI1GIB,Hengshui Hebei
BG4CRF,Shanghai
BI1GIU,Hengshui Hebei
BI1GIU,Hengshui Hebei
BG7YWQ,sanya
BG7YWQ,sanya
BH9EMI,
BA8SX,Kunming
BH3BFE,Tianjin
BH3BFE,Tianjin
BG3UME,Lvliang
BA8SX,Kunming
BH2TUV,DaLian
BG3UME,Lvliang
BI3PIE,Tangshan
BI3PIE,Tangshan
BI4MKA,dongying
BG9IHY,Wuwei Gansu
BI3SUE,Taiyuan
BI4WRQ,Changzhou
BI4WRQ,Changzhou
BI4TZM,Yixing Jiangsu
BI4MJD,DongYing
BG9HXO,Lanzhou Gansu
BH6AOK,Chuzhou
BI3QMI,Hengshui
BG3NCT,Hengshui
BG3NCT,Hengshui
BI3QMI,Hengshui
BH2UEA,anshan
BH3NME,HeBei
BH4USZ,NANTONG
BI4MJL,DongYing
BI4MJD,DongYing
BG5EKR,Tongxiang
BG5EKR,Tongxiang
BH3NME,HeBei
BD3NK,Hengshui Hebei
BH1TZO,Beijing
BH3PAO,HengShui
BH3PAO,HengShui
BG8FZ,Chengdu Wuhou Zongsh
BI3SSJ,Taiyuan
BH4ETZ,Shanghai
BH4ETZ,Shanghai
BH4USZ,NANTONG
BH1FVL,Beijing
BH1FVL,Beijing
BI7IHP,Shenzhen
BI3QCF,Tangshan
BG6CUV,Hefei
BG6CUV,Hefei
BG4SOM,CHANGSHU
BG4MJR,Qingdao Shandong
BG4MJR,Qingdao Shandong
BG4FCU,SHANGHAI
BH4EUT,SHANGHAI
BH3SKU,Taiyuan
BG4UVD,Nangtong City Jiangsu Province
BH4AAD,Shanghai
BH4AAD,Shanghai
BI4SNE,Lianyungang City Jiangsu Province
BG3ITB,Hohhot City Inner Mongolia Autonomous Region
BG3UDT,TAIYUAN
BH3EAN,Tian Chunhui
BG4FLR,Shanghai
BI4WPR,Nantong
BG4FFG,Shanghai
BG3OIU,Guang xi
BG4FFG,Shanghai
BG3ITB,Hohhot City Inner Mongolia Autonomous Region
BI7JTA,Shenzhen
BI7JTA,Shenzhen
BI7IZQ,Shen Zhen
BG5TWQ,Nanping Fujian
BG7JBT,shenzhen
BI6KXX,zhengzhou
BI6KSS,Zhengzhou
BG9ICM,Lanzhou Gansu
BI7LSH,Huizhou
BI7LVC,shenzhen
BG9ICM,Lanzhou Gansu
BG9HXO,Lanzhou Gansu
BG9IHY,Wuwei Gansu
BH3SVL,Taiyuan
BD4RGU,NANTONG
BG7JBT,shenzhen
BD4AGK,
BH4DGY,Shanghai
BI4XGO,NANTONG
BH4DGY,Shanghai
BG3LKI,Hulunbuir
BH4BKF,Shanghai
BG3HUQ,Hulun Buir
BH4BKF,Shanghai
BI7LVC,shenzhen
BG8KFI,Chongqing
BG9HRK,LanZhou
BG4ESI,Shanghai
BG9HRK,LanZhou
BI1DZY,Beijing
BH4AEA,ShangHai
BH2UTB,Dalian
BG4EEY,ShangHai
BI1DZY,Beijing
BG4DSI,ShangHai
BH1NEK,BeiJing
BH2UAJ,Shenyang
BH2UEL,Shen Yang
BH2UAJ,Shenyang
BI4KQY,DongYing
BH1WJQ,Bei Jing
BH1WJQ,Bei Jing
BD7JML,shen zhen
BG8VE,Yuxi CityYunnan Province
BI1CBF,beijing
BH1LGO,Beijing
BD3MMA,Tangshan
BD7NSF,Shenzhen
BI1HSC,Beijing
BD3MTX,tangshan
BD3MTX,tangshan
BA3NM,Shijiazhuang City
BA3NM,Shijiazhuang City
BI4SBK,NanTong
BI4SBK,NanTong
BG5FPP,TaiZhou
BG5FAE,TaiZhou
BG5FAA,Taizhou
BD3OKI,Shijiazhuang City
BA3QU,Shijiazhuang
BA3QU,Shijiazhuang
BD3OKI,Shijiazhuang City
BI3NET,shijiazhuang
BI3MWU,None
BG9ILY,LanZhou GanSu
BG9ILY,LanZhou GanSu
BI3ODE,shijiazhuang
BG9ILX,LanZhou GanSu
BG9ILX,LanZhou GanSu
BG3ILE,Baotou
BG3ILE,Baotou
BH2UTB,Dalian
BG2DVL,Harbin
BI7NPU,maoming
BG7ITM,GuangZhou CityGuangDong Province
BH4OCJ,Yantai
BI3SQH,Taiyuan
BH4EVB,shanghai
BG3TQS,Taiyuan
BH2QKU,Dandong
BG2SXJ,Dandong
BD3MVR,Tangshan
BG3RXA,shijiazhuang
BH2QKU,Dandong
BD7IKT,ShenZhen
BH4EHS,Shanghai
BG3PNS,shijiazhuang
BD4RVC,NanTong
BH7NWE,Shenzhen
BD3OOO,shijiazhuang
BH7NWE,Shenzhen
BD4RVC,NanTong
BD3NDD,shijiazhuang
BI3WW,Fuzhou
BI3NFA,shijiazhuang
BI3NBZ,shijiazhuang
BG3PEA,shijiazhuang
BG3RY,shijiazhuang
BG3TAY,Yang Quan Shi
BG6VLU,YICHANG
BH2UJC,ShenYang
BI7JHA,shenzhen
BD7KCY,Shenzhen Guangdong
BI7JHA,shenzhen
BH3NDZ,ZhangJiakou
BD7MCJ,
BH3RQT,ZhangJiakou
BD4SMM,NanTong
BD4SMM,NanTong
BG2QGY,ShenYang
BD7NKD,Huizhou
BD7NKD,Huizhou
BG7GV,Hunan provinceChina
BI1BKL,beijing
BG7GV,Hunan provinceChina
BI4ISG,Yantai
BG5UTC,QUANZHOU
BA8SY,YunNan
BG6SHR,Wuhan
BA8SY,YunNan
BG2DWH,Daqing Heilongjiang
BG2DWL,Daqing Heilongjiang
BH4EOU,Shanghai
VR2VAV,Hongkong
BH4EOU,Shanghai
BG7WJG,Guangxi Guilin
BH3WTX,yangquan
BD4TNN,NanTong
BG2DWK,Daqing
BG9IML,Tianshui City of Gansu province
BG7WZN,Guangxi Guilin
BG2JET,Yanji Jilin
BG2QGY,ShenYang
BH2UJC,ShenYang
BD2QQ,SHENYANG LIAONING
BI1AFL,beijing
BG7WYT,Guangxi Guilin
BD4TNT,Nantong Jiangsu
BI1ETJ,beijng
BH1UYR,beijing
BI8DON,Chengdu
BI8DON,Chengdu
BG7XYG,LIuzhou
BD2XYZ,Shenyang
BG7LMT,ShenZhen
BG5USZ,QUANZHOU
BG5UTA,QUANZHOU
BG5UTD,QUANZHOU
BG5UTB,QUANZHOU
BD4TMM,NanTong
BI7IZE,shenzhen
BI8DHZ,Chengdu
BG7XWK,WuZou GuangXi
BA3OA,ShiJiaZhuang
BG4ECN,Shanghai
BD4TOA,Jiang Su Nan Tong
BI1GIN,Community Daxing District Beijing China
BG4ECN,Shanghai
BI8CQD,Chengdu Sichuan
BG7XWE,NanNing
BD3NYQ,shijiazhuang
BG7YID,Sanya
BG7XWE,NanNing
BG7OSE,shenzhen
BA8SZ,
BA8SZ,
BD3MQM,ShiJiaZhuang
BA3ON,BaoDing
BI7OJL,shenzhen
BA3OC,ShiJiaZhuang
BG7WA,Wuzhou City
BH3RRT,baoding
BG6JAI,Nanyang City Henan Province
BH3RRT,baoding
BG7WA,Wuzhou City
BG3RBE,ZhangJiaKou
BG2DUW,Harbin
BG2EEE,Da Qing
BG3LNZ,None
BG9ICH,LanZhou GanSu
BG9HXK,LanZhou GanSu
BG9HXK,LanZhou GanSu
BG9ICH,LanZhou GanSu
BI7NTK,None
BG2DUW,Harbin
BG9GSP,lanzhoushi
BD4SDW,suzhou
BI1GDF,Beijing
BI3OXH,ShiJiaZhuang
BG7XVV,cenxishi
BG9IMM,LanZhou GanSu
BG9IMM,LanZhou GanSu
BD3NFV,shijiazhuang
BD3NFV,shijiazhuang
BI4VGQ,None
BI7KGB,Dongguan
BG5TQE,Fuzhou
BA7JAN,ShenZhen
BG5TQE,Fuzhou
BA7JAN,ShenZhen
BD4TNF,NanTong
BG0CSU,Urumuq
BG0BPL,Urumuqi
BG0CSU,Urumuq
BG0BPL,Urumuqi
BG0CSC,Urumqi
BH4EWI,Shanghai
BG7TSA,Nanning
BG0CSC,Urumqi
BH4EWI,Shanghai
BG4QL,Pizhou City Xuzhou
BG8KJC,Chong Qing
BG4CIZ,Shanghai
BG4CIZ,Shanghai
BG8KJC,Chong Qing
BI8DSC,
BH8VIJ,Meng Zi
BH4BCT,Shanghai
BG3RRJ,ZhangJiaKou CityHeBei Province
BI4SWX,NanTong
BI1ETJ,beijng
BI4XGL,NanTong
BI4XGL,NanTong
BI3MYJ,TangShan
BI3NAJ,Tangshan
BG5DEF,Shaoxing
BG0BEV,aks
BG0CKM,akesu
BG6WII,WuHan
BI4PGN,Beijing
BA7JAX,Huizhou
BI7NPF,Guangzhou
BG0CKM,akesu
BI7NPF,Guangzhou
BH4EPM,shanghai city
BH5HOH,HangZhou
BH6AOV,Chuzhou
BG3LDS,Hulunbeier Neimenggu
BG6WII,WuHan
BD7LFH,Dongguan
BG0CNS,Bortala
BG0CNS,Bortala
BG8NG,Gui Yang
BH3EFP,Tian Jin
BH3EFP,Tian Jin
BG8NG,Gui Yang
BG6SEP,Wuhan
BA3QY,ShiJiaZhuang
BG0CJF,WuLuMuQi
BG0CJF,WuLuMuQi
BH5HOH,HangZhou
BG0CQV,WuLuMuQi
BG0CQV,WuLuMuQi
BG6TWT,Wuhan
BI3PNV,Zhangjiakou
BI3PNV,Zhangjiakou
BH4CAD,Shanghai
BG4FUI,Shanghai
BI3OGT,shi jia zhuang
BI8CAK,Chengdu Sichuan Province
BG7RXQ,BeiHai
BG7RXQ,BeiHai
BG3MKE,TangShan
BI7NPX,maoming
BG6TDG,WuHan
BD4SNK,NanTong
BG1EJS,Beijing
BD4SMC,NanTong
BD4SMC,NanTong
BD4SNS,NanTong
BD4TNK,NanTong
BD7IBN,
BA7JDR,Shenzhen
BA3OA,ShiJiaZhuang
BG5ERG,Hu Zhou
BI4LWL,zibo
BG5ERG,Hu Zhou
BD2QQ,SHENYANG LIAONING
BG7TZL,Guilin
BG5FYZ,Hangzhou
BH3QBY,BeiJing
BH1BWE,Beijing
BH1MCB,Beijing
BH1MNM,Beijing
BD4VM,xuzhou
BH1OZF,Beijing
BH3BBU,Tianjin
BI1AMN,Peking
BD1CN,Haidian Districtbei
BD3NMU,TangShan
BH1RZY,Beijing
BI1BID,Beijing
BH1RDX,Beijing
BI1ACW,Beijing
BH1SDP,Beijing
BH1TZO,Beijing
BH1UXY,Beijing
BI1AWQ,Beijing
BH1TIX,Changyang Dist Beij
BI4JNT,Zibo
BI1ANI,Beijing
BH1UBE,Beijing
BH1RIY,Beijing
BG4IAJ,
BA1GG,Beijing
BH1SLP,Beijing
BG1FO,Beijing
BG1GXG,Beijing
BG1QAH,Beijing
BD1ND,Beijing
BA1GG,Beijing
BH1SLP,Beijing
BH3TOH,Beijing
BG1QAH,Beijing
BD4RVM,NanTong
BG7TZL,Guilin
BG1KJQ,Beijing
BG1KJQ,Beijing
BH1UVS,Beijing
BG1UMK,Beijing
BH1VCS,Beijing
BI1AVG,Beijing
BH1VJR,Bei Jing
BH1ONQ,Beijing
BG1LUO,Beijing
BG5TZZ,Fuzhou
BD4RVM,NanTong
BH1VSA,Bei Jing
BL7JV,Zhongshan
BG1LSN,Beijing
BG1UFC,Beijing
BH1WZT,Beijing
BH1WZT,Beijing
BH1VJR,Bei Jing
BG1NWV,Beijing
BG1GMJ,Beijing
BH1GJT,Beijing
BH1GJT,Beijing
BH1BOQ,Beijing
BD4TMT,NanTong
BH1RYS,Beijing
BH3QHI,He Bei Lang Fang
BI4VTT,Ru Gao Jiang Su
BH3QHI,He Bei Lang Fang
BH3BBU,Tianjin
BG8HNM,Chongqing
BD1RT,Beijing
BD3MQM,ShiJiaZhuang
BD3NMU,TangShan
BH1NSD,Beijing
BG1PDU,Haidian District Be
BH1TYU,Beijing
BD4TMT,NanTong
BH1RIO,Haidian District Be
BH1TTE,Beijing
BG1LQV,Beijing
BG3FJF,Beijing
BH1UPO,Beijing
BI1IAD,None
BH1UVJ,Beijing
BI1AGD,HaidianBeijing
BI1AGD,HaidianBeijing
BH1VVI,Beijing
BH1VVI,Beijing
BG1PC,Beijing
BG1PC,Beijing
BI1IAD,None
BG5UTN,Fuzhou
BH1ORH,Beijing
BH1TSL,Beijing
BH1TSL,Beijing
BG1GXG,Beijing
BH3BBM,Tianjin
BH1VOR,Beijing
BG1NZR,Beijing
BG1NZR,Beijing
BH1RIR,Beijing
BH6AOV,Chuzhou
BH1ITW,Beijing
BD4UK,NanTong City JiangSu Province
BH1SWF,Beijing
BG1VIS,Beijing
BI1AKD,Beijing
BI1AXR,Beijing
BD4UK,NanTong City JiangSu Province
BG2CPM,Daqing
BG2CPM,Daqing
BA7JCW,DongGuan
BG2DUY,Harbin
BH1SMQ,Beijing
BH1RYS,Beijing
BG1VOX,Bj
BA7JCW,DongGuan
BG8JNQ,Chongqing
BI1CIV,Beijing
BI1CIW,Beijing
BG8IKM,Chongqing
BG8JQB,Chongqing
BG7DYF,Huaihua City Hunan
BG8JHC,Chongqing
BG8JGM,Chongqing
BG8JNP,Chongqing
BI1CIV,Beijing
BG9ALO,Xian
BI1CIW,Beijing
BG7YXY,HAI KOU
BG8JNS,Chongqing
BI1BTZ,Beijing
BI1BTZ,Beijing
BH1RJC,Beijing
BH3MPK,Shijiazhuang
BG1HTH,Beijing
BH1BWE,Beijing
BH1RQN,Beijing
BG1RKH,Beijing
BH1RKG,Beijing
BH1XRH,Beijing
BI1BYG,Beijing
BH1WVL,Beijing
BG6QYE,Tongshan Hubei
BH1JFB,Beijing
BG6QYE,Tongshan Hubei
BD3MKD,tangshan
BH1XUW,Haidian Beijing
BH1JWR,Bei Jing
BH1KAU,Beijing
BH1CSF,Beijing
BH1UWH,Beijing Beijing
BH1QAZ,Beijing Beijing
BG1GXK,Beijing
BI1CAB,Beijing
BI1BWY,Beijing
BG7THK,Guilin
BI4JFE,
BG1GKB,Beijing Beijing
BH1LIO,Beijing
BH1RDC,Beijing
BG1VAD,Beijing
BI4JFE,
BH1UVU,Beijing
BH1SLR,Beijing
BG1HVU,Bejing
BG1HVU,Bejing
BI1CWX,Beijing
BI1CWX,Beijing
BH3ECL,BinHai district
BD3OK,Shijiazhuang
BH1XDU,Bei Jing
BG3LTP,Hulunbeier
BG3LTN,Hulunbeier
BG1SYM,Beijing
BI1DDQ,Beijing
BI1DFA,Beijing
BH1OSW,Bei jing
BI8EJQ,Chengdu
BH1LIC,Beijing
BG1LSN,Beijing
BD1MM,Chaoyang District Be
BD1MM,Chaoyang District Be
BH1ONM,Beijing
BI8EJQ,Chengdu
BA3OC,ShiJiaZhuang
BH1WUL,Bei Jing
BH1WUL,Bei Jing
BI1BJT,Beijing
BH1RUL,Beijing
BH1KZQ,C P
BH1SLR,Beijing
BA3QY,ShiJiaZhuang
BG1DX,Changping DistrictB
BH1XQJ,Bei Jing Shi Fang Shan Qu
BH1DCY,Beijing
BH6SGB,Wuhan
BH1TOH,Beijing
BH1RIY,Beijing
BH3BEC,Beijing
BH1REN,Beijing
BG6QCR,Hui
BI1BIF,Beijing
BG1KAP,Beijing
BH1HYY,Beijing
BH1CFV,Beijing
BG1KAP,Beijing
BD7LXN,None
BD7KKS,guangzhou
BH1OFJ,Beijing
BH6NKG,Henanshengnanyangshi
BG2FX,Huigong Road Erdao District Changchun Jilin
BG7DEC,changsha
BH1WVM,Beijing
BG7DEC,changsha
BI3RYG,Tangshan
BG1QKT,Beijing
BG1RWL,Beijing
BD4AMS,Shanghai
BH1AQ,Beijing
BH3DZO,tianjin
BI4OWN,shandong
BD3QC,Shijiazhuang Hebei
BH3DZO,tianjin
BG1LPG,Beijing
BG1LPG,Beijing
BH4IN,
BH1PYP,Beijing
BH3QBH,Shijiazhuang
BH3QBH,Shijiazhuang
BH1OFJ,Beijing
BI4SKM,Suzhou
BH7FM,Changsha
BH1KZQ,C P
BI3RP,TangShan
BG1TPT,Beijing
BI7NPU,maoming
BI3RP,TangShan
BH1UZJ,Beijing
BG1LXA,Beijing
BH1XAF,Beijing
BH1XAF,Beijing
BG3DSD,Tianjin
BG3DSD,Tianjin
BH3EHO,Tianjin
BI4WPP,NanTong
BG6XUN,xiangyang
BG6XUN,xiangyang
BI1EBK,Beijing
BD7KKS,guangzhou
BG7JBH,FoShan
BI1DZF,Bei Jing
BG6QCR,Hui
BD4TWO,SuiNing
BA1KY,Beijing
BG7JBH,FoShan
BG1OMK,Beijing
BI3PHO,Tangshan
BG4FVI,Shanghai
BG4NAA,Jining
BG1VOE,Beijing
BD4QJE,LianYunGang
BI4TSH,Suzhou
BG2COP,Heihe
BH1XAO,Beijing
BH1XAO,Beijing
BI3PHO,Tangshan
BG1ICA,Beijing
BG1ICA,Beijing
BI3MYJ,TangShan
BG4FYB,ShangHai
BI1ENY,Bei Jing Shi Feng Tai Qu
BI3NUM,None
BI1DSA,Bei Jing
BI3NUJ,TangSan
BG6GNX,Hefei
BH3CCK,TianJin
BI3NUM,None
BI3NUJ,TangSan
BG7JBC,None
BI4KEA,ZIbo
BG9IMQ,lanzhou
BG9IMQ,lanzhou
BH3EAT,TIANJIN
BH4EYF,None
BH4EYF,None
BG5EQV,huzhou De Qing
BA7JKX,Shenzhen
BI3NUP,Tangshan
BH4JXV,LinziZiboShandong
BI3NUP,Tangshan
BH3RJQ,Hebei
BH3RKM,Hebei
BA7JKP,Shenzhen
BD4RJG,Nanjing
BA7JJY,SHENZHENGUANGDONG
BD3MRH,cangzhou
BI1GIN,Community Daxing District Beijing China
BI4RCN,SuZhou
BG4RHO,Nanjing
BA7JJW,ShenZhen
BI7JMD,Guangzhou
BA7JKD,shenzhen
BI4RCN,SuZhou
BA7JJW,ShenZhen
BA7JKD,shenzhen
BG4RGO,NanJing
BG9HNH,Lanzhou Gansu
BG9HNH,Lanzhou Gansu
BI7JMD,Guangzhou
BG6SGD,Wuhan
BH8UVM,Kunming Yunnan
BI8EIJ,Chengdu
BH1TLD,Beijing
BH4FAP,Shanghai
BH4ERY,Shanghai
BH1WTM,beijing
BH4OUF,LinYi shandong
BI1AWN,Beijing
BH1WTM,beijing
BH4OUF,LinYi shandong
BG4RGO,NanJing
BI8ECT,Guangan
BG4BUV,SHANGHAI
BG9INE,linxia
BH1DWP,Beijing
BI4WGT,Wuxi
BG9INE,linxia
BG5EQV,huzhou De Qing
BH3VAQ,Yangquan Shanxi
BG5DAY,Shaoxing
BD7NXV,Shenzhen
BI4TSH,Suzhou
BG2EBM,Harbin
BG5DAY,Shaoxing
BD3MKD,tangshan
BH4ESE,Shanghai
BH1UKT,beijing
BI4NUT,LA
BG3JCY,Baotou City Inner Mongolia Autonomous Region
BG3JCY,Baotou City Inner Mongolia Autonomous Region
BI4NUT,LA
BH1UKT,beijing
BA7JAF,Jiang men
BG1WLW,bj
BG1WLW,bj
BG4BUV,SHANGHAI
BD4XE,NanJing City JiangSu
BG6RTV,Wuhan
BG3TNZ,yangquan
BH6ABT,Su Zhou
BG3RTJ,S_J_Z
BG1MB,beijing
BH1GBW,Beijing
BD4SPA,suzhou
BI1IQW,Beijing
BD4SPA,suzhou
BD4TZB,Suzhou
BI3ODE,shijiazhuang
BG6TKW,Wu Han
BH1UVC,Beijing
BI1DSH,beijing
BG6TKW,Wu Han
BI1DSH,beijing
BD4RHV,None
BI3MBH,Hebei
BH6ABT,Su Zhou
BI4MKG,dongying
BI4MKG,dongying
BG3TAY,Yang Quan Shi
BG3JHC,None
BH1OFP,Beijing
BH1QBN,Huairou Town Huairou District
BH1OFP,Beijing
BD3OBB,shijiazhuang
BH1TIO,beijing
BG3JHC,None
BH1TIO,beijing
BH9ETZ,Xian
BI3PAA,shijiazhuang
BA7JPR,shaoguan
BA7JPR,shaoguan
BA7JNN,Shenzhen
BG8KIX,Chongqing
BG8KIX,Chongqing
BD7MDA,ShaoGuan
BG8KIY,Chongqing
BG8SXN,LINGCANG
BG8SXN,LINGCANG
BD3MHD,Shijiazhuang
BI1HGI,Beijing
BD7MDA,ShaoGuan
BH1NGW,beijing
BH4DBZ,shanghai
BG0CHR,Urumqi
BH4FBI,Taicang City Jiangsu China
BG6CKV,Anhui
BH4FBI,Taicang City Jiangsu China
BG6CKV,Anhui
BG0CHR,Urumqi
BH8VHV,Kunming
BH8VHV,Kunming
BH4OKK,Jining
BH4OKK,Jining
BG0CYD,urumqi
BH8VVF,QuJin
BI4MPY,Taian
BG6GCL,Hefei
BH8VVF,QuJin
BD4RGR,NanTong
BH4DHP,Shanghai
BA7JSP,JIANG MEN
BH7JAF,Tianhe District Guangzhou Guangdong
BG6TSV,Wuhan
BH4DHP,Shanghai
BH4ERB,Bao Shan District Shang Hai
BH4FCU,Shanghai
BH4DFG,SHANGHAI CITI BAOSHAN
BG6QAI,Wuhan
BI3NUG,China
BG3PEO,ShiJiaZhuang
BG2XVT,ShenYang
BI3NYH,China
BG4NET,weihai
BI1IXB,BeiJing
BD3NFA,ShiJiaZhuang
BG1KWL,beijing
BG3GIX,BAOTOU
BI3RRU,QinHuangDao
BI8EGS,
BG6CKG,HeFei
BH9CIL,Baoji City shaanxi Prov
BI1JBE,Xi Cheng
BG6EFG,Hefei
BG2EEN,Qiqihaer
BH4DTS,ShangHai
BG2ANO,Qqher
BH4DTS,ShangHai
BG6EZV,Hefei
BG2AQX,Qiqihaer
BG8PB,Gui Yang
BG2EAB,Qiqihar
BG2ASC,long sha District Qiqihar City
BG2CBT,Qiqihaer
BH1LDM,Beijing
BH1VCK,BeiJing
BG3NVD,CangZhou
BH1DIO,Beijing
BG7YFP,Haikou
BI8BJY,Chengdu
BA3QM,ShiJiaZhuang
BG6HBB,Hefei
BH1XML,Beijing
BI4PFD,Yantai
BG7YXO,Haikou
BH3EIC,Tianjin
BH1DWP,Beijing
BG7EK,CHANGSHA HUNAN
BG7YAK,Lingshui
BI1JFL,Beijing
BH1QVW,beijing
BH1XLP,Bei Jing
BH1MVO,Bei Jing
BH1SRA,Beijing
BI1EPI,Beijing
BH4BPK,Shanghai
BH1PFJ,beijing
BI1HRM,Beijing
BG3PRD,anping
BD7NOD,
BG5JRF,Nan Chang
BG3PSU,Cangzhou CITY
BG6MDG,Wuyang County Luohe City Henan Province
BH4DDP,ShangHai
BH1NHN,Beijing
BD4QYE,xuzhou
BH7CFU,xiangtan
BH1UNO,beijing
BD3QWC,
BH1JLT,HuaiRou
BH1JSS,Beijing
BG5ERN,Huzhou
BG4BWN,ShangHai
BH1UUI,DongCheng
BH4LPH,Jinan
BH6AWE,
BD7KAM,dongguan
BG2EEL,Qiqihaer
BG2AFO,Qiqihaer
BI3MNJ,HengShui
BH3NRP,ANPING
BD7NKZ,HuiZhou
BG6WAN,wuhan
BH1RZX,Beijing
BH4EED,Shanghai
BH4EGC,Shanghai
BH3RGJ,cangzhou
BH7AEV,zhuzhou
BH4DLA,Shanghai
BD4QYK,xu zhou
BG2CST,Daqing
BG7QCE,Guilin
BG1SPT,beijing
BG3BLZ,tianjin
BH7IRN,
BH4OSC,weifang
BH4CKK,ShangHai
BH4DGA,ShangHai
BG1GAE,
BI4JHE,qufu
BH1MQA,Beijing
BG3GSP,Hohhot
BD3RY,Tangshan
BG5ABC,HANGZHOU CHINA
BH1PMG,beijing
BG7EIX,chang sha
BD3NUM,tangshan
BD4RSD,Nantong
BI4QZW,SuZhou
BD3NYG,hongkong
BG3QY,shijiazhuang
BG6CKG,HeFei
BG5ABP,Wenzhou
BH3NRW,anping
BG3PKH,anping
BD4SQP,Suzhou
BI6MDI,Anyang
BD4SDW,suzhou
BI4QMU,Suzhou City Jiangsu Province
BH4DMU,shanghai
BD4SO,
BG3RAD,
BI4PMJ,Qingdao
BG1OV,Beijing
BI1CBC,BeiJing
BG6HWC,Huaibei
BA4SMV,Yancgeng
BI1BPL,Beijing
BH4AAG,Shanghai
BG4UYW,SuZhou
BH7KGE,Foshan
BG7XVC,Wu Zhou
BI1DXP,Bei Jing
BG6TPT,Wuhan
BI4RSI,suzhou
BG7YXQ,Haikou
BG3MGM,Baoding
BG9CTA,shan xi
BH4EDP,Shanghai
BH4FCZ,Shanghai
BH4DBA,ShangHai
BH1VFG,BEI JING
BD4SQI,SuZhou
BD4ENK,Shanghai
BG1BOB,Beijing
BA7JUV,shenzhen
BG1LNK,Beijing
BH1KXV,Beijing
BD1CHF,
BD4TLD,
BG3GSO,Hohhot
BI3MUK,TangShan
BI3MUG,TangShan
BI3NSD,TangShan
BH4QYW,Suzhou
BG0CFO,Urumqi
BI3QAM,Qinhuangdao
BH4BSM,shanghai
VR2EO,Hong Kong
BH1NOA,Beijing
BH4BNQ,Shanghai
BH4EJE,Shanghai
BG4GYR,Shanghai
BG0BYF,Urumqi
BH4DPC,shanghai
BG0CFX,Urumqi
BG1MIF,Bei jing
BH1XOT,BEIJING
BG6HCQ,an hui wu hu
BG7BMY,
BH4EWQ,shanghai
BH1TWQ,beijing
BH6PHA,
BH4VQG,-
BH4EMR,Shanghai
BH4SVO,Suzhou CityJiangsu
BG5END,JiaXing
BI3NXK,TangShan
BH4EDP,Shanghai
BH5GOD,Wenzhou
BI7LRF,DG
BH1XZQ,beijing
BH1NOL,beijing
BI3ROX,CangZhou
BG6NYY,wuhu
BH4ELO,shanghai
BH4EGP,Shanghai
BG7YII,Hainan
BH7BM,
BG2EBM,Harbin
BD7CG,None
BH3BEC,Beijing
BD7JMR,Shenzhen
BH4SYL,suzhou
BH6LIU,Xinxiangshi
BD4TPV,Sheyang
BH5HQC,HangZhou
BD4RSD,Nantong
BI1AWN,Beijing
BG1BOB,Beijing
BH3RFP,Tangshan
BI4VDD,Nantong
BD3RY,Tangshan
BG0CFO,Urumqi
BD7KAM,dongguan
BG4FYR,Shanghai
BG3JFX,BAOTOU
BG6GJJ,Hefei
BH2SUI,DaLian
BG2EEE,Da Qing
BG8HQN,Chongqing
BG3LPJ,HLBE
BG8IZI,Chong    Qing
BI6JAE,Jinshui district Zhengzhou City Henan Province
BD9ABB,
BG3LDS,Hulunbeier Neimenggu
BH4UUH,Nantong
BD4TES,jiangs
BD4RUS,NanTong
BI4XED,suzhou
BG5BBO,WenZhou
BH5FET,hangzhou
BD3OOX,Shijiazhuang
BG7QGI,liuzhou
BH3QKK,Shi Jia Zhuang City He Bei Province
BG8HKJ,Chongqing
BG9DMT,
BG4PJJ,qingdao
BI7IBE,zhongshan
BD7OLC,ZhongShan
BH5EGJ,Jiaxing
BH4UUH,Nantong
BH4MEG,
BG3MSF,Qinhuangdao
BG8AIS,chengdu
BD7OLF,ZhongShan
BD7NFS,ZhongShan
BG4BWX,SHANGHAI
BG4JKK,Ji NAN
BA3PP,TJ
BI4SHK,Wuxi
BH4FAZ,shanghai
BH2UPZ,ShenYang
BG4MTF,Jinan
BD7OEJ,Guangzhou
BD3NDW,Langfang
BA7JYE,Shen Zhen City Guang Dong China
BG0DBK,WuLuMuQi
BH1VSM,beijing
BI8EXR,HangZhou
BI1IHB,Beijing
BG1TGF,
BH4CLH,Shanghai
BH1GC,Beijing
BH4FBK,Shanghai
BG4LKV,Qingdao
BG0DAM,Urumqi
BG4GVH,shanghai
BG0DFV,HaMi
BG2DKW,Hei Long Jiang Qiqihar
BG8HKJ,Chongqing
BG4BWN,ShangHai
BG1EBL,Beijing
BH4CKK,ShangHai
BH4DGA,ShangHai
BG4BWX,SHANGHAI
BG1BKQ,Beijing
BH8PUQ,Xingyi
BG2EFX,Daqing
BG2EFY,DaqingHeilongjiang
BH8PUP,Guizhou Xingyi
BD1LV,Beijing
BD4TLH,Changzhou
BG9BNE,SHAANXI
BG2CQH,daqing
BH4DTO,shanghai
BG6HMI,Hefei
BH4FDJ,Shanghai
BH4DBA,ShangHai
BG3LQG,neimenggu
BH4FBQ,Shanghai
BG2ASZ,qiqihaer
BH5HQJ,Hangzhou
BH9EFK,ping si
BI4MNL,YAN TAI
BH4EQV,CN
BG2DRW,shuangyashan
BG2ARG,Qiqihaer
BG2AZO,Qiqihaer
BG2CBO,Qiqihaer
BH4FCB,Shanghai
BH4EJC,Shanghai
BI4VBV,SUZHOU
BG2ANC,hei long jiang mu dan jiang
BI1DWI,Bei jing
BG7RUX,China
BG2ABC,qiqihaer
BG7WKB,Guilin
BH4FDI,shanghai
BD3RUN,shijiazhuang
BH4EUY,Shanghai
BI3PZI,tangshan
BH3AYP,Tianjin
BH4BJQ,shanghai
BG6AVH,huangshan
BG2FBI,qiqihaer
BG3KZS,Hhhts
BG6DRS,An Qing
BG6HDQ,Hefei
BD4ERW,Shanghai
BD3NKE,Shijianzhuang
BG6DMY,Hefei
BG4HGM,shanghai
BG6AWP,Hefei
BH4SPN,TaiCang CityJiangSuChina
BG6BKU,Wangjiang
BD3OAG,Shijiazhuang
BG0DGN,Korla
BG6FCG,Hefei
BG6CWL,Hefei
BG1AMA,bei jing
BG2CZE,Qiqihaer
BI3MNK,HengShui
BA7JUV,shenzhen
BG6HEG,Chaohu
BG3ORZ,HengShui
BG0CFW,Urumqi
BG6TDG,WuHan
BG2EFZ,Daqing
BG2DKM,qiqihaer
BG2EEC,Qiqihar
BG0CQJ,Urumqi
BG6BAK,He Fei
BG2EEJ,Qiqihar
BH4DRV,Pudong
BD4SEJ,SuZhou
BH4QDC,Changzhou
BH9EMQ,
BH5EJP,HangZhou
BH4POW,gaomi
BH4EVT,Shanghai
BG6SMR,Jingzhou
BG3KGO,Hulun Buir
BH7AXI,cs
BH6PGJ,Zhengzhou
BI4SWG,SuZhou
BI4PGX,jining
BG4JHJ,SD
BH5HQQ,Hang Zhou
BD3MW,ShiJiaZhuang
BD3PF,SHIJIAZHUANG HEBEI CHINA
BG5HJI,Hangzhou
BG3LA,HUHEHAOTE
BG2QVE,ShenYang
BG3QYX,GUANHE CUN HEBEI SHENG China
BH4RSN,Wuxi
BI4AOW,Shanghai
BD7OQK,maoming
BI4XGV,NanTong
BI3NUO,Tangshan
BH4BUI,Shanghai
BH4EXR,shanghai
BG2CVG,Daqing
BG8HKF,ChongQing
BG8HKF,ChongQing
BG3LA,HUHEHAOTE
BH4EYB,Shanghai
BI4TSX,suzhou
BI1CLR,Zhongguo
BG3LHP,wulanchabu
BD7NJM,shenzhen
BH5BKO,WenZhou
BG7TFH,liuzhou
BI3MNL,hengshui
BG8HPS,ChongQing
BG3LWV,jining
BG8HPS,ChongQing
BG5TUE,Fuzhou
BD3NBX,shijianzhuang
BI6IZS,Zhengzhou-City
BG5TZT,Zhe Jiang Fu Jian Jiang Xi
BG3OK,HengShui
BI3MKY,hengshui
BH4ERY,Shanghai
BH4BUI,Shanghai
BI3NIA,Shijiazhuang
BI6IVB,ZhengZhou
BG4GHR,Shanghai
BH4BYA,shanghai
BH3EHP,TIANJIN
BH4TIH,yixing jiangsu
BG6PUD,zhengzhou
BI3NYW,TangShan
BI3PHQ,TangShan
BG3DBB,Tianjin
BH8NLH,Guiyang city
BH4FAC,Shanghai
BI3NVR,tangshan
BG2DOY,qiqihaer
BG5HLR,Hangzhou
BI1AER,BEIJING
BG6GDZ,TongLing
BG4AGE,Shanghai Shanghai
BI8EVW,chengdu
BI1GJK,Beijing
BG2DTH,mu dan jiang
BI1JHY,Bei Jing
BH4FAC,Shanghai
BG1KJT,BEIJING
BG1LTX,Beijing
BG2CWT,mu dan jiang
BI6JEW,zhengzhou
BG4HGW,Pu Dong District Shang hai
BG7XMY,guilin
BI1GHP,Beijing
BI1ILS,beijtng
BH5HQT,hangzhou
BG6SET,Wuhan
BG7AHP,changsha
BH3EJC,Tian Jin
BG1DTE,beijing
BH1NIN,beijing
BH3GBT,Hulunbuir
BG3LYL,huhehaote
BI6JVN,Zhengzhou
BG6KJB,luoyang
BG3KMA,baotou
BG0DGS,Aksu
BH4CXB,ShangHai
BG2EFH,Harbin
BI3PRC,shijiazhuang
BG6WYM,Wuhan
BG7RMU,Lingui County Guilin City Guangxi PRC
BG3NCP,Tangshan City
BD3NDI,ShiJiaZhuang
BH4EEE,Shanghai
BI3MNK,HengShui
BI3MKZ,HengShui
BD1RCR,Beijing
BG7WWH,guilin
BI1GCS,Beijing
BG5DEJ,Shaoxing County Zhejiang Province
BI4KIA,Jinan
BG7XUV,Nanning
BG7ETH,zhangjiajie
BG3ORZ,HengShui
BG5ENC,JiaXing City
BH1VAS,Beijing
BD4SPI,Su Zhou
BG6ELY,anqing
BD4MCG,Linyi
BD3MJI,Shi Jia Zhuang
BG2EGC,DAQING
BD7JVS,Shenzhen
BG6IBO,luoyang
BH3PRX,HengShui
BG0CRE,wulumuqi
BG4AKV,West Long-Hua Rd Shanghai
BH1XEC,Bei jing
BA3MV,TANGSHAN
BG3OK,HengShui
BA3MV,TANGSHAN
BG6JCK,ZhengZhou
BG6QZD,wuhan
BH6MVW,luoyang
BG5GML,YUYAO
BG2RQX,Dalian LIaoning
BG3LTM,huhehaote
BH6BAD,WUHU
BH8VJH,Kun Ming
BG9OYA,Yinchuan
BG5TZP,JingXi Town
BH1OGH,beijing
BG7ADF,zhuzhou
BG6HHP,Hefei
BH4CEB,shanghai
BH2UMM,Tieling
BG3NCP,Tangshan City
BH4BQL,shanghai
BD3MWO,TangShan
BH6ODC,LuoYang
BG6IFW,pingdingshan
BD4SQX,SuZhou
BI3LIX,ZunHua
BA6KA,Henan Luoyang
BG2EFW,Daqing
BG6VKE,YiChang
BH8NSC,Guiyang
BH8OMZ,Guiyang
BH4TIK,js
BH2UQG,ShenYang
BG3ONC,HengShui
BD4SKZ,js
BG4UJJ,yangzhou
BH4CRV,Shanghai
BA7JVI,zhongshan
BI3MNG,HengShui
BG5ERH,Huzhou
BI4RNO,suzhou
BH9FEK,
BI4LXI,ZIBO
BD3MTE,ShiJiaZhuang
BA7JBV,zhongshan
BI4PEG,yantai
BD4JWD,jinan
BH4TQD,js
BH8BJZ,YiBin
BG5OB,Yi Chun
BG4XZU,YanCheng
BA4XX,NanJing
BH2UOP,shenyang
BG9ICN,Baiyin
BD2LA,Longjing
BI6IUI,gongyi
BD4UAP,YanCheng
BG2GLH,Harbin
BG6HET,hefei
BH1UYD,beijing
BG6BOW,He Fei
BI4IYJ,Qingdao
BG4GRB,Shanghai
BH1EXR,beijing
BI4SQS,suzhou
BG5HPI,HangZhou
BI6IUF,GONGYI
BG6VJU,Yichang
BI4PBL,ANQIU
BG3INO,bayannaoer
BG6ULY,SuiZhou
BI4SIP,Yixing
BI4OLU,Heze
BH7DZU,Zhu Zhou
BH4DZI,ShangHai
BH4EXU,Shanghai
BD4RHV,None
BG0ADE,Beijing
BH1VSO,BeiJing
BI4LCC,Jinan
BI4SIL,Yixing
BG0DGU,Urumqi
BI1BWR,Beijing
BG8KNM,Chongqing
BG2STO,SHENYANG
BH8BCM,chengdu
BI4PFX,Heze
BH1TBM,beijing
BH3DVX,Tianjin
BG2DUY,Harbin
BH4XSH,yancheng
BG2KHP,yanbian
BG7JBU,Shenzhen
BH8UZD,YunNan
BH4ETV,Shanghai
BG2DCR,hrb
BD4UAU,yancheng
BI4NGR,WEI HAI
BD4XVG,yancheng
BG4XVJ,yancheng
BH4EMP,shanghai
BG4HCB,Shanghai
BI4LDW,JI NAN
BH4XSP,jiangsu
BI4NGO,WEI HAI
BH4XRY,yancheng
BI4WYO,yancheng
BI4XOK,yancheng
BG4UTO,zhenjiang
BH2REY,Dalian
BH2REY,Dalian
BG2WMA,Shenyang
BD2RJ,Dalian
BD2RJ,Dalian
BH2UU,Dalian
BH2UU,Dalian
BG2JZP,Changchun
BG2CPU,Harbin
BG2CPU,Harbin
BG2CQV,Haerbin
BI1HTU,Beijing
BG2WXO,Anshan
BH2RDL,Anshan
BH2RFX,Liaoyang
BG2BYF,Harbin
BG2BYF,Harbin
BH3RVR,Tangshan
BG2UKX,Jinzhou City Liaoni
BH4XRC,yancheng
BI3NKN,XingTai
BG2CRF,Haerbin
BG2CRL,Haerbin
BG2CQE,Harbin
BG2AGN,Harbin
BG2AGN,Harbin
BG2CLX,Harbin
BG2DBO,Harbin
BG5JSQ,Ganzhou
BG2CIB,Harbin
BG2DFW,Harbin
BG2CUX,Daqing
BG2BRQ,Daqing
BG2BRQ,Daqing
BG2BHD,Daqing
BG2CTW,Daqing
BD2FW,Lindian County
BG2CUY,Daqing
BD2FW,Lindian County
BG2CKL,Daqing
BG2BVN,Harbin
BG2DBM,Daqing
BG2AJC,Daqing
BG2UKX,Jinzhou City Liaoni
BG2CDT,Harbin
BI3NTR,XingTai
BG2DCL,Harbin
BH2SFL,Huludao Liaoning
BG2ANK,Harbin
BG2CLB,Daqing
BG2DEY,Daqind
BG2BIG,Daqing
BG2BVN,Harbin
BG2DGL,Harbin
BG2DEX,Daqing
BG2CQU,Harbin
BG2COY,Daqing
BG2BJH,Daqing
BG2CFF,Daqing
BG2BZK,Daqing
BG2ASG,Daqing
BG2RSJ,Liaoning
BG2CPF,
BG2CUV,Daqing
BG9NIL,Yinchuan
BG2TDC,Tie Ling Shi
BG2TDC,Tie Ling Shi
BH4PXX,taian
BG2BEL,Harbin
BG2DID,Daqing
BD3QW,XingTai
BG2CPW,Daqing
BG2CPW,Daqing
BG4LVD,Qingdao
BG2BZQ,Daqing
BG2DCX,Harbin
BG2CSK,Daqing
BG2DBK,Daqing
BH2RSJ,Daqing
BG2COQ,Haerbin
BG2DKT,Daqing
BH2SRP,Liaoyang
BH2SBJ,Anshan
BG2UOR,Liaoyang
BH2RF,Liaoyang
BI3RAE,XingTai
BG2KJT,Jilin
BH2SYP,Anshan
BG2KJT,Jilin
BG2DCL,Harbin
BH2RUN,Anshan
BH2RTP,
BH2RUO,Anshan
BH2SRS,Liaoyang
BH2RFV,Liaoyang
BG2WUA,Anshan
BG2KKH,Changchun
BG2VVK,Dalian
BG2VGZ,Dalian
BD2UYY,Dalian
BI3OER,XingTai
BH2SRR,Liaoyang
BG2WUD,Dalian
BG2KHX,Changchun
BG2CPN,Daqing
BG2CTF,Harbin
BH2RZH,Shenyang
BD2RUE,Ganjingzi District D
BG2IB,Changchun
BG2CHC,Harbin
BG2KMX,Tonghua
BH2SWB,Daqing
BI3OIQ,XingTai
BG2DGS,Haerbin Heilongjiang
BH2RKP,Anshan
BG2JHD,Changcun
BG2COQ,Haerbin
BG4FOV,ShangHai
BG2BOW,Daqing
BG2DGX,Harbin Heilongjiang
BG2DKR,Qiqihaer
BG2EIT,Harbin
BG6HGO,Hefei
BG2BBV,Harbin
BG2BBV,Harbin
BG2CAH,Harbin
BG2DLX,Harbin
BG2IUR,Siping Jilin Provin
BH6HPP,hefei
BG2UOT,Liao Yang
BG2UOT,Liao Yang
BG2JKG,Changchun City Jili
BG2CIF,Harbin
BG2DIH,Daqing
BG2DIT,Harbin
BH2RSC,Benxi
BH2RCP,Benxi
BG6HJJ,Hefei
BI4XOY,yancheng
BG6QZD,wuhan
BG2KON,Songyuan
BH3BXN,tianjin
BH2SBK,Anshan
BD3NDW,Langfang
BD2VK,An Shan
BG5GNC,NINGBO
BG2EIY,Yi Chun
BG6HEM,Hefei
BG7QAA,liuzhou
BH4TQC,yixing
BD3OZ,XingTai
BG6AWC,HEFEI
BG6HDM,hefei
BG2CVB,Daqing
BG2CVC,Daqing
BH2REU,Dalian
BG2XJA,Anshan
BG2XRQ,Benxi
BG2TMY,Benxi
BG2UZA,Benxi
BH2TBW,Shen Yang
BH2TBW,Shen Yang
BD3NZ,XingTai
BH2RTL,Sui Zhong
BG2AWP,Harbin
BG2DMY,Harbin
BI4LQA,ZiBo
BG2DMX,Harbin
BI6KPT,Nanyang City Henan Province
BG2DMX,Harbin
BG2DNS,Daqing
BG2DNQ,Daqing
BG2DNL,Harbin
BH2TFP,Liao Ning
BG2CQP,Harbin
BG2COP,Heihe
BG2DCS,Harbin
BG2DAB,Harbin
BG9IOA,Lan Zhou
BG2CUI,Harbin
BG2CUI,Harbin
BG2DMJ,Harbin
BG2DOK,Harbin
BG6FEA,Anhui
BG2CBY,HarBin
BG5DVK,JinHua
BG3IRW,Nei MengGu
BG2ISM,
BI3RYU,He Bei
BG1RGE,Bei Jing
BH1WJB,Bei Jing
BG6NKI,HENAN
BG6BAU,Anhui Province
BA7JTT,ZhuHai
BI3RPR,XingTai
BG4VPR,Jiang Su
BI1JIH,Bei Jing
BI4KOZ,Shan Dong
BI3PYK,XingTai
BH6BAC,Wuhu
BG2EJA,Jia Mu Si
BG6TON,Baoji City Shaanxi Province
BD3MUU,He Bei
BG3LWE,Nei MengGu
BG5COW,Ningbo
BH3BBJ,Tianjin
BG6CKM,Hefei
BG3KOP,Bao Tou City
BG6AHC,Xiao Xian
BG6SJG,Luotian Fengshan
BG4XWR,yancheng
BH7DRT,Chang de
BG2EGE,daqing
BG2EGD,daqing
BG8JXN,chongqing
BH4DVD,shanghai
BG6GTZ,Hefei
BG9IOF,gansu
BG3KCP,Bayannur City
BI4RGI,Suzhou
BI4OAO,LiaoCheng
BG2EIM,Harbin
BH4ID,QINGDAO
BG6SJA,Huang Gang
BG8SOQ,yunnan
BG2KOW,jilin
BG4LRN,LiaoCheng
BI4ODL,Liao  Cheng
BI4OBD,liaocheng
BI4ODR,LIAOCHENG
BI4PIB,dongping
BH1MTW,Bei Jing
BG4KXJ,jinan
BH2UMQ,liaoning
BH4EUH,shanghai
BI3PVH,handan
BH3RIZ,hebei
BG5UND,Shishi
BI1BHU,beijing
BD4SDY,suzhou City
BH6KXV,SHANGQIU
BH4XSC,yancheng
BH4XNJ,yancheng
BH8PFG,Gui Yang
BI4MAJ,tai an
BD4UBG,yancheng
BD4TPT,yancheng
BD4UAV,yancheng
BH4XSA,yancheng
BH8PSW,Gui Yang
BI3RVI,hengshui
BG2KKQ,Changchun
BI4JXQ,shandong
BG8JJF,chongqing
BG9HXL,lanzhou
BH8TLG,Chuxiong
BD4TZQ,suzhou
BI3WW,Fuzhou
BG6SEP,Wuhan
BI7NTK,None
BG6VKE,YiChang
BG7GXC,zhuzhou
BH3AXX,tianjin
BD4TWT,SuiNing
BH8NMM,GuiYang
BG2DZS,qi qi ha er
BG0CFR,Urumqi
BH1ULA,Beijing
BD4SBG,lianyungang
BD4UBF,yancheng
BI1IYO,Beijing
BI8CNF,
BH4ETS,Shanghai
BI1BNX,Beijing
BI8FKC,sichuan
BH5HRC,hangzhou
BH2UOL,Shenyangliaoning
BI3UGV,Shishi
BG0DIN,Korla
BH2UEY,liaoning
BH2TWG,liaoning
BG0CZP,Xin Jiang ShiHeZi
BH2UTT,Shenyang
BH5HJR,HangZhou
BG4VMO,xuzhou
BG8JOA,ChongQing
BG5SBP,
BH5HQH,Hangzhou
BH4CXV,Shanghai
BH3CLZ,Tianjin
BD7JZC,Guangzhou
BG6HGV,hefei
BH1RYC,Heze
BG0DAP,Urumqi
BG0CZO,China XinJiang ShiHeZi
BI4PJY,shandong
BH2UNI,liaoning
BG0CSA,Urumqi
BH2UJH,shenyang
BD7ODE,ChaoZhou
BG0CIU,urumqi
BG0DIA,hetian
BI4STY,SuZhou
BH8OAU,Guiyang
BG1FKV,Beijing
BG4VQO,xuyi
BH8PSO,Guiyang
BG6TJC,Wuhan
BA7JJS,ShenZhen
BH2RMU,shenyang
BG0CPB,urumqi
BG2RXE,liaoning
BI4VBX,suzhou
BI4XOX,yancheng
BH3DXD,tian jin
BD4TPA,yancheng
BH8MII,Guiyang
BH2UQB,Shen Yang
BG2ULG,beizhen
BH1MCO,Bei jing
BH1ILF,Beijing
BH1RTI,BeiJing
BI7KWT,shenzhen
BD3NFY,baoding
BH7OZN,shenzhen
BG5UEE,quan zhou
BI4UEF,yancheng
BH6PJM,Zhengzhou
BI4TFT,yancheng
BG4XWY,yancheng
BI1JBK,beijing
BD4RKO,yancheng
BG5USY,jiangxi
BH4XNS,yancheng
BD4TLS,Changzhou
BG6QBC,SuiZhou
BG3BXC,
BI1GJN,beijing
BG3KBH,baotou
BG5UTF,Quanzhou
BI4XEZ,suzhou
BI1VMA,Harbin
BI4UCU,suzhou
BG3GGQ,baotou
BG5UEO,fuzhou
BG3ONC,HengShui
BH3OXY,XingTai
BG4DLF,SHANGHAI
BG3PU,hengshui
BG8JQU,ChongQing
BI1HPL,Bei jing
BD4TWJ,Huai An
BH9FMI,Hanzhong
BG2XMQ,liaoning
BD7NCT,guangzhou
BH4EUK,Shanghai
BH6KXW,ShanQiu
BI3NWH,HengShui
BD6CTY,HeFei
BH1UYC,beijing
BH3ORX,shijianzhuang
BH8EMR,Kunming
BG3ICU,baotou
BG7IKD,kent
BD7JBA,guangdong
BI7LRA,guangzhou
BA7JAJ,GuangZhou
BG0CUZ,xinjiang
BD6CTY,HeFei
BG2ETC,Qiqihaer
BH2UJN,shenyang
BD4SDO,Zhangjiagang
BH1WW,Beijing
BH3EMQ,Tianjin
BH3EMP,tianjian
BA7JSW,chaozhou
BG2EHY,DAQINGSHI
BH2RNZ,SHenYang
BG2ELS,Daqing
BG0AUB,Urumchi Xinjiang
BG1PED,Beijing
BG2EJH,Qi Qi Ha Er
BG0CGH,Urumqi
BG2ETF,qqhr
BG4FTP,shanghai
BI1EWR,Beijing
BH4EJY,Shanghai
BG2ENV,haerbin
BG2ENV,haerbin
BG4ABW,shanghai
BG2RSW,ShenYang
BH2SIV,ShenYang
BA1IT,BEI JING
BI1IZY,Beijing
BG2SZR,AnSHan
BG2ENP,harbin
BH8UVM,Kunming Yunnan
BG0CQL,Urumqi
BG2EMR,DaQing
BG8APZ,chengdu
BG2UQU,dalian
BG6HJO,Hefei
BG2EMF,DaQing
BD7LNE,Guangzhou
BI7IVM,shenzhen
BD7IYW,guangdong
BI4MGR,ZaoZhuang
BG9EGA,
BH2RCT,ShenYang
BD2QHV,ShenYang
BH4CXB,ShangHai
BH8PEC,Gui Yang
BH4ESK,Shanghai
BH4CWV,SHANGHAI
BG1AXW,Beijing
BI4UUA,Changzhou
BD3NYW,ShiJiaZhuang
BD4QYU,XuZhou
BG2ESZ,Qiqihaer
BH4VQW,HuaiAn
BG2ETB,Qiaihaer
BG4LRJ,liao cheng
BD4SQH,SuZhou
BG2EEB,Qi Qi Ha Er
BH5BXJ,WENZHOU
BH7DWP,shangsha
BD4SQS,SuZhou
BD1CQM,Beijing
BG8KII,Chongqing
BH7AHS,ChenDan
BI3PWW,ShiJiaZhuang
BD7NYR,Hanzhong
BD4SJY,WU XI
BD4SMU,NanTong
BA7JKO,shenzhen
BI4REE,yancheng
BG2DZI,Qi Qi Ha er
BI4OAE,Liaocheng
BG7SK,Yulin
BG6IYU,zhengzhou
BH2QKJ,ShenYang
BG4XXR,YanCheng
BA7JJR,shenzhen
BG2TIO,ShenYang
BD7NTU,GuangZhou
BD7NMA,FoShan
BG2DFH,qiqihaer
BD4TWU,SuiNing
BG3KKY,Hohhot
BG2EKA,qiqihaer
BG2EKB,qiqihaer
BH7EFU,China
BI4PKN,qingdao
BG2EIW,haerbin
BH5HXM,Xiaoshan District Hangzhou City
BH6JFR,ZhengZhouHeNan
BG2RQX,Dalian LIaoning
BH2SEL,Shen Yang
BH1XWF,Beijing
BG2ENZ,JiXi
BI1EPT,beijing
BH1SVX,Beijing
BG7MOF,Shenzhen
BH4PFB,shan dong
BH8OPB,Gui Yang
BH2SWJ,ShenYang
BD4QEN,yancheng
BD4SFA,yancheng
BH5HQT,hangzhou
BH5HQH,Hangzhou
BH5HQJ,Hangzhou
BG0CYZ,Altay
BH1QQF,Beijing
BH1SWM,Beijing
BH9CEW,Hancheng City Shaanxi Provinc
BG2JAH,CHANGCHUN
BD4TZQ,suzhou
BH1JYL,Beijing
BH4VRM,SuiNing
BG1WUP,Bei jing
BG8TFI,Qujing Yunnan
BI8EWL,Chengdushi
BG5SXG,fu jian
BG8JLY,ChongQing
BG2CPY,Harbin
BG8OCE,Gui Yang
BG2EJD,qiqihaercity
BG2DZY,qiqihaercity
BH1SOI,BeiJing
BG8BXM,ChengduSichuan Province
BH3EMY,Tianjin
BH8VYK,kunming
BG2EED,QQHR
BH1TCE,BeiJing
BH8VWX,
BH7NDE,GuangZhou
BD3MSP,baoding
BH4VEP,XUZHOU JIANGSU
BH3ENO,Tianjin
BH1CN,Beijing
BI8AJG,CHENGDU
BG2EOB,suihua
BI8DNL,Chengdu
BD3RM,baoding
BD3MSK,baoding
BI4QEU,Wuxi
BG8JYF,Chong Qing
BH8DRE,CHENGDU
BG2DVX,qiqihaercity
BG2BDH,suihua
BI1GLD,beijing
BG2ETI,Hei Long Jiang Qiqihaer
BH1LME,Beijing
BD7OCO,Jiang Men
BH3GEF,Hohhot
BH4TBC,yixing
BH4FDY,shanghai
BG1BLX,Beijing
BH8OGR,Gui Yang
BH4FEF,Shanghai
BD4EPV,Shanghai
BH1MWE,Beijing
BG2EAH,QiQiHaEr
BD4AAF,SHANGHAI
BI1IZW,beijing
BI1JIU,Bei Jing
BH1IWK,Beijing
BH4ESH,shanghai
BI1IDP,BEIJING
BG6HML,HeFei
BG6GXK,huangshan
BH4QEZ,Changzhou
BI3QYR,Shijiazhuang
BH4FEU,Shanghai
BI4WNF,Nanjing
BH1NAS,bei jing
BG9SZ,
BG4HQK,SHANGHAI
BH4FEQ,SHANGHAI
BH4FEE,SHANGHAI
BG8BZV,CHENGDU
BI8CNA,Chengdu
BI8CZJ,ChengDu
BH4FEN,Shanghai
BH4LBM,weifang
BI8FMD,Chengdu
BG8FII,ChengDu
BG2EOL,haerbin
BA7JHK,Hanzhong
BD8EM,CHENGDUSICHUAN
BI3RDG,Shijiazhuang
BI8DLT,CHENGDU
BG9SCC,Xi Ning Qinghai
BH4LBM,weifang
BG2SEX,Heiluojiangjilinliaoning
BG2SEV,shenyang
BH8UCB,Chuxiong
BD8ASG,
BD4XVG,yancheng
BH1RTI,BeiJing
BH4FDD,Shanghai
BG8NLB,
BG2XMB,liaoningsheng
BY1AA,Beijing
BH8PRT,Gui Yang
BH7AZR,Chang Sha
BI4NUE,lin yi
BI8CJM,Mianyang City Sichuan Province
BD4TZV,Suzhou
BI8DXN,CHENGDU
BH8FVX,chengdu
BI8ESY,chengdu
BH6NSH,ZhengZhou
BI1JNF,beijing
BI1JMI,Beijing
BH1VAV,Beijing
BI1JOC,Beijing
BI1JNM,Beijing
BH1TBF,Beijing
BI8BZE,Cheng Du
BH4WUM,Taicang City
BD3MJE,shijiazhuang
BD7NJB,Guangdong Zhongshan
BD1BU,BeiJing
BI8DSL,CHENGDU
BH8PFB,Gui Yang
BD3OBS,baoding
BI1GMN,Beijing
BG2ETE,Qiqihaer
BD7JPJ,GuangZhou
BH4XOY,Shanghai
BH8OCW,GUIZHOU
BG6WA,Daye
BH1TYW,beijing
BD7PQ,
BH5BME,WenZhou
BG2EPH,Harbin
BI3OJK,Shijiazhuang
BI4NUO,Linyi
BG2EJN,Qiqihaer Neheshi
BI4XOY,yancheng
BH4FEF,Shanghai
BH4EGD,Shanghai
BH8DHB,ShangHai
BG6SMZ,Jingzhou
BD3ODC,shijiazhuang
BH8UVD,Chuxiong
BG2EII,Ha Er Bin
BH4FEU,Shanghai
BG5HKI,Hangzhou
BG3LWF,baotou
BG4TTK,WU XI
BI8FQC,MianYang SiChuan
BG6TEE,Wuhan
BG6TUC,Jingzhou City
BH4DJF,Shanghai
BH6LIG,Xinxiang
BG3OKF,baoding
BI8FRF,Yibin sichuan
BG6TEE,Wuhan
BG7GCH,zhuzhou
BH4EIK,Shang Hai
BH4CVO,Shanghai
BH8VYX,Kunming
BG6UTK,hubei
BH3CQS,TianJin
BG2DNF,haerbin
BH4XSA,yancheng
BH4XSC,yancheng
BG2KVY,Chang Chun
BH4FEX,shanghai
BD4TZZ,Suzhou
BD7NRU,shenzhen
BG4XUK,zhenjiang
BI8DAE,china si chuan
BI4UVE,Jiangyin city jiangsu province new citizens YunTing
BG7SLA,Qin Zhou
BG4ACF,china
BI4TZZ,Wu Xi Province
BH4KYU,ji nan
BI1IJQ,Beijing
BH2SYS,anshan
BI3OYA,xingtai
BG8KNH,Chong Qing
BG1EBK,beijing
BH4FFI,Shang Hai
BG4EOQ,SH
BG6HJO,Hefei
BG6HML,HeFei
BG8KIZ,Chongqing
BH1ONV,beijng
BI8ACB,Chengdu
BG8KFR,zheng
BH6BIB,Chizhou
BG3LZV,Neimenggu manzhouli
BD7KEW,Zhongshan
BH4FEW,Shanghai
BI8FSP,Yaan
BD7NUS,Zhongshan
BH7NAG,Zhongshan
BD7LYC,Shaoguan
BG2EEI,QQHR
BH6BAB,Wuhu
BH4QVI,SuZhou
BG6FCG,Hefei
BG4EOQ,SH
BH6AZP,
BI4UMD,Yangzhou
BG6UTA,hubei
BI1JOJ,Beijing
BG2EPK,Harbin
BH4FAU,Shanghai
BH8DQM,Cheng Du
BH8PFT,Gui Yang
BD4TZX,suzhou
BG0BBW,Urumqi
BH8PTG,Gui Yang
BD4TZY,Suzhou
BG2KSI,JiLin
BI8DAJ,Chengdu sichuan
BG2XGH,shenyang
BI8FOC,Chengdu
BD3MDP,hebei
BG5UVQ,Huli District Xiamen City Fujian Provice
BD4TDT,jiangsu
BH2RDM,Anshan
BI6JFH,ZhengZhou
BD4RBC,Nanjing
BG6DXU,Wuhu
BD4UAC,suzhou
BG8JHK,chongqing
BG6HMO,Hefei
BG8KFT,CHONGQING
BH8MDV,Gui Yang
BH4FFL,shanghai
BH4FFP,shanghai
BA4TOT,Nantong Js
BG2EIQ,harbin
BH4ERK,Shanghai
BD4REC,NAN JING
BI4WEQ,huaian
BG2QFQ,shenyang
BD4QYT,Xu Zhou
BD4SQN,Suzhou
BI4VJZ,Nanjing
BI4VAB,huaian
BG6AWP,Hefei
BH4FED,Shanghai
BG5FAB,ZheJiang
BG8JAF,chongqing
BG0CRW,Urumqi
BI8CXU,CHENGDU
BG2QKS,shenyang
BH4BAQ,shanghai
BG6HET,hefei
BH5TD,fuzhou
BG2EBK,haerbin
BG6UXY,SuiZhou
BG6VIZ,YiChang
BG8KOC,Chongqing
BI4PCK,weifang
BG8KOG,chongqing
BH4FEC,Shanghai
BG8KOE,Chongqing
BG3ABE,TianJin
BG2ERC,haerbin
BH9FHH,XianYang
BD3OFO,hebei
BG1TTC,Bei Jing
BG8EFF,Chengdu sichuan
BG8KJL,
BG3LAR,Baotou
BH7NNQ,Henglan Town  zhongshan City  Guangdong Province
BD7LGG,Dongguan
BG2DVJ,haerbin
BH4CAD,Shanghai
BH4XRG,yancheng
BI1KCU,beijing
BI1JUW,beijing
BI1JUB,beijing
BI1JTI,Bei Jing
BG6SRO,Jingmen
BA7JBA,Zhuhai
BI1EUZ,Beijing
BI1JVV,Bei Jing
BI1JWC,beijing
BG5HDE,Hangzhou
BI1IMT,bei jing
BI1KCE,beijing
BI1JSO,Beijing
BG8GUR,Chengdu
BG8KEP,ChongQing
BH5HSE,hangzhou
BG5GNN,ningbo
BH1KRF,fengtai BeiJing
BG2QV,Beijing
BI1JMZ,Bei Jing
BI3RPH,Tang Shan
BG3HTY,Baotou
BG5FOX,
BI4UUN,Wuxi
BI4MHD,ZaoZhuang
BI1IAW,Changping
BI1JSY,tangshan
BH2SFE,Shen Yang
BG2EBQ,hei long jiang
BG3SPD,datong
BH4FCM,Shanghai
BH4CIH,Shanghai
BI1JWK,Beijing
BI1KDT,beijing
BI1EYG,Beijing
BI1JYW,Beijing
BH1KRG,Fengtai
BI1JSX,tangshan
BI1KCA,tangshan
BD4RBJ,Nanjing
BI1INI,Beijing
BD7NKR,HuiZhou
BG5DAL,shaoxing
BG2KSS,ChangChun
BH2UVN,Shenyang
BA7JVH,SHENZHEN
BH5DVA,WENZHOU
BH8DPU,Chengdu
BH2UUM,Shen Yang
BH4FFB,shanghai
BI1JVC,beijing
BI7NSW,GuangDong
BD5BNM,Wen Zhou
BG3UWY,Shuo Zhou
BH2RR,shen yang
BH3MGW,tangshan
BI3NDW,hebei
BI4PKO,QINGDAO
BH7MTH,Shaoguan
BH2UTY,ShenYang
BH4PSA,Shandongsheng Shouguangshi
BI1JUP,Beijing
BD1RC,BeiJing
BI1JUV,BEIJING
BH4FGJ,shanghai
BI1KDO,beijing
BH5FCZ,taizhou
BH1KEQ,beijing
BH4FGC,shanghai
BH4FGG,Shanghai
BH5HSG,Hangzhou
BG8WV,Kunming
BH4FFY,Shanghai
BH5HTC,HangZhou
BI3NVS,HENGSHUI
BI1JML,BEIJING
BG6UTC,songzishi
BG0AYW,wlmq
BG6RCP,WuHan
BI1JQK,beijing
BH2UWU,Shenyang Liaoning
BH2UUF,ShenYang
BH2SP,shenyang
BI3SUM,chaoyang
BD3NGE,hebei
BG1VYM,beijing
BI4OAB,Liao Cheng
BG3LCN,Bao Tou
BI1GWD,BEIJING
BH4CUQ,Shanghai
BI1JVF,BEIJING
BH4PSC,SHANDONGSHENGSHOUGUANGSHI
BI4LNO,QINGDAO
BI4LHZ,SHANDONG QINGDAO
BG4GYZ,Shanghai
BH2UVG,liaoyang
BH2UUT,shenyang
BH8TPO,Kunming
BG3KTB,Baotou
BG6UDD,WUHAN
BG3JYG,Baotou
BG2EPZ,Mudanjiang City Heilongjiang Province
BG6QGW,WUHAN
BH5FCV,taiahou
BD4TWP,ShangHai
BH3OWJ,XingTai
BH4ESN,Shanghai
BG2EQI,chengdumudanjiang
BG6JDU,ZhengZhou
BA7JHO,zhongshan
BH3EQG,Tianjin
BG6QBL,Wuhan
BD9XE,XiNing
BI4LFC,shandong jinan
BH3EQP,Tianjin
BH3EQK,Tian Jin He Bei Qu Zhong Tie Guo Ji
BG6VRL,jtngzhou
BG3BXF,TIANJIN
BH1KOP,BEIJING
BH5EKJ,Jia Xing
BH2UWW,Shen Yang
BI4UMJ,wuxi
BH4FGD,ShangHai
BG6TRA,yichang
BH7JXI,Shenzhen
BH5HLT,Hang Zhou
BG5SLZ,FUZHOU
BG6WJA,Wuhan
BG4GOV,ShangHai
BI4WZX,Xuzhou
BI1CLF,BeiJin
BH8FKL,yaan shichuan
BH3DXU,Dongli District Tianjin China
BI8BKC,mianyang
BG5HHW,Hangzhou
BH3EQL,Tian Jin He Bei Qu
BG8KOA,CHONGQING
BG7PHA,ShenZhen City GuangDong
BH1VJS,Beijing
BG8CZN,chengdu
BD3OCJ,hebei
BH8FNJ,ChengDu
BD4FDZ,Shanghai
BH2UUP,ShenYang
BH4FDZ,Shang Hai
BI1JUQ,beijing
BH2UXR,china
BG8KFI,Chongqing
BG5UVL,Xiamen
BG5DEG,ShaoXing
BG3KOF,Erdos
BG8SRQ,Qujing Yunnan
BH6AYN,anhui
BA7LAC,Foshan
BG6JMX,Zhengzhou
BG1QUW,beijing
BD5CAD,NINGBO
BG7EZU,Chang Sha
BI8BCC,chengdu
BA6IA,Null
BH4DJQ,ShangHai
BI4RDD,Taicang
BG8KLQ,Chong Qing
BG6QBP,China
BD3NEN,shijiazhuang
BH8ARV,Chengdu
BG4GJS,Shanghai
BH4BFY,hui cheng yuan XuHui district Shang Hai
BH2UXX,shenyang
BD7NNG,ZHONGSHAN
BG2KSH,Jilin
BD3OEW,Shijiazhuang
BH4FFJ,Shanghai
BA7LAF,heyuan
BG4QZC,changshu
BH4FFV,Shanghai
BD5HST,xiaoshan hangzhou zhejiang
BI1JOT,bei jing
BG5GSG,Ning bo
BG4GJS,Shanghai
BH8FEF,Yibin
BH4RWH,nanjing
BH2RSY,dandong
BG2JEG,jilin
BG8JVS,Chongqi
BI1IHA,BeiJing
BI4WZL,XuZhou
BH2UYH,shenyang
BH1VCT,Beijing
BH5BSD,wenzhou
BI1EYG,Beijing
BH4VUI,XuZhou
BG6RJK,wuhan
BG6RIH,wuhan
BG1LUK,
BH4DLY,SHANGHAI
BG6VRN,jingzhou
BG9SCW,xining
BG4LSW,Shandong-Binzhou
BA7LBI,shenzhen
BA7LCA,Zhongshan
BD4WBW,Zhenjiang
BD3OLO,Shijiazhuang
BH3SRK,Jinzhongshi
BA7LBL,ShenZhen
BA7LBM,shenzhen
BI4QME,xuzhou
BA7LCT,Shenzhen
BG6EAB,maanshan
BI3NVT,Xingtai
BI4POI,Qingdao
BA7LNJ,
BI3OGV,TangShan
BG6TXS,wuhan
BG3CTD,Tianjin
BG3HCM,Baotou City Neimengg
BG3MDO,Hebei China
BH3DEH,Tangshan
BG6QCA,Sui Zhou HuBei
BI3QVT,Handan
BG3IZM,Hohhot
BG3MBB,Xinzhou Shanxi
BH3DHE,Tianjin
BH3TOH,Beijing
BG3INP,Hohhot
BG3IZM,Hohhot
BH3PXX,Tangshan
BH3VNS,Shanxi
BH5HSX,Hangzhou
BD3OFP,Tianjin
BG3INM,Hohhot
BI3NVT,Xingtai
BI3QYW,Shijiazhuang City H
BH4WBC,Zhenjiang
BA7LBO,Shenzhen
BI3QYB,Gaoyang City
BI3QYB,Gaoyang City
BG6GEG,Wuhu
BG3MIO,Hebei Province
BG3PLJ,Handan
BD4EWJ,
BI1KIH,beijing
BH3BBB,Tianjin
BH3BBB,Tianjin
BA3NKE,Shijiazhuang
BD3OK,Shijiazhuang
BG3PVL,Shi Jiazhuang
BI3NCS,Shijiazhuang
BG3IAD,Innre Mongolia
BG3DCJ,Tianjin
BI3NVT,Xingtai
BG3IAA,Hohhot
BG3JRN,Hu He Hao Te
BH3DHE,Tianjin
BH6BHG,Bengbu
BI1KQS,Beijing sichuan
BH3SJM,Datong
BH3VVH,Datong
BH3UTH,Shanxi Yuncheng
BH3OLB,Zhangjiakou
BI1KII,BeiJing
BH2VAB,shenyang
BG4XTV,zhenjiang
BG2LCC,Jilin City
BH3CRO,Tian Jin
BG3JJT,Hohhot
BI3QIY,Tangshan
BI3OOX,Tan Shan
BG3QYI,Baoding
BI3QCF,Tangshan
BI3OBQ,Shijiazhuang
BI3OBQ,Shijiazhuang
BH6BBA,
BG2KZL,Yan bian
BH3MWX,Bao Ding
BI3QHE,Tangshan
BH3NVO,shijiazhuang
BH3SJN,Datong Shanxi
BI3MUM,Tangshan
BG3TJB,Xinzhou City Shanxi
BH3CS,Dongli District Tia
BI3MUM,Tangshan
BH3BWH,Tianjin City
BH3VYC,Shanxi  Datong
BH3BWH,Tianjin City
BH3TSZ,Taiyuan Shanxi
BH3ENC,Tianjin
BI8STM,Kunming
BI3QWJ,shi jiazhuang  hebei
BH3BSN,Tianjin
BI1KFZ,beijing
BI3QMO,Shi Jia Zhuang
BI3QVI,Sh Jia Zhuang Hebei
BI3QWJ,shi jiazhuang  hebei
BH3VAQ,Yangquan Shanxi
BI3PNA,Shi Jia Zhuang Hebei
BH3BZW,Tian Jin
BG3JBA,Neimenggu
BH3BZW,Tian Jin
BI4IQU,Heze
BD3SN,Tai Yuan Shan Xi
BH3CNE,Tianjin
BH3COQ,Tianjin
BH3DGX,Tianjin
BH3OQQ,Tangshan
BI3OVW,Tangshan
BG3PLZ,ChengdeHebei
BH3TYI,Taiyuan
BH3RVR,Tangshan
BH3RAU,Tangshan
BG3FYS,Tianjin Tianjin
BD7GU,zhuzhou
BH3DMS,Tian Jin
BH3CLP,Tianjin Tianjin
BI3RKD,Xingtai
BH3BSN,Tianjin
BI3POI,Shijiazhuang CityHe
BH3CLC,Tianjin
BI3NKI,Xingtai
BG2KZM,ChangChun
BH3DFO,Tianjin
BG3JQL,Hohhot
BH3BWI,Tianjin City
BH3AHA,Tianjin
BH3DEE,Tianjin Tianjin
BD3BAY,Tianjin
BH3DFQ,Tianjin
BH3BNZ,Tianjin
BH3BQA,Tianjin
BH3BGD,Tianjin Tianjin
BH3CCB,Tianjin Tianjin
BI3OXY,Xingtai
BH3VWL,Tai Yuan
BA4TZN,Suzhou Jiang Su
BH3CTA,Tianjin Tianjin
BH3VWL,Tai Yuan
BI8FUD,ChengDu
BG5IRH,Nanchang City
BD3OKL,hebei
BH3ORW,Xingtai
BH9EAU,Shanxi XiAn
BH3AHA,Tianjin
BG2LCF,JiLin City
BH3ORW,Xingtai
BI1EIL,Beijing
BG3BAY,Hexi Tianjin
BI8FYY,Chengdu
BH3BSX,Commercial Building
BG3SRX,Chang Zhi Shanxi Bra
BH3BSX,Commercial Building
BG6GJT,AnHuiWuHu
BH3SUE,Shanxi
BH3DQK,Tain Jin
BH3AWZ,Tianjin Tianjin
BG3BXO,Tianjin Tianjin
BG3ILS,Baotou
BI8FUB,Chengdu
BG3BMX,Tian Jin
BI8FUK,Chengdu
BH3QEX,Qhd
BI8FVM,sichuan
BH2UVF,Shenyang
BI8FXC,chengdu
BH6BBC,wuhu
BH3ASZ,Tianjin
BG3TAI,Shanxishengtaiyuansh
BH3GEK,huhehot
BD3GDC,Hohhot
BH3EBN,TianJin
BH3BXV,Tianjin
BG3SSG,Taiyuan
BH3AC,Tian Jin
BH3AC,Tian Jin
BG7YWI,guilin
BH3DED,Tianjin
BH3DED,Tianjin
BH3TYI,Taiyuan
BD3OZT,XingTai
BH5HST,Hangzhou
BA7LEU,shaoguan
BH3VNQ,Xiyang
BI3NYZ,Tianjingshi
BH2UZG,shenyang
BD4UEV,zjg
BG3TAI,Shanxishengtaiyuansh
BI1JQZ,BeiJing
BH9FJA,CHINA
BI1KLK,BEIJING
BH3RFG,Tangshan City Hebei
BH3RFG,Tangshan City Hebei
BI8FUA,CHENGDU SICHUAN
BH3SWY,Taiyuan
BH3DEL,Tianjin
BG3BMX,Tian Jin
BG3KPK,Hohhot
BH3CSQ,Tianjin
BG3KPK,Hohhot
BH5HTH,HangZhou
BG3KPK,Hohhot
BD3OLF,shijiazhuang
BG3TWK,Taiyuan
BI8DTL,Chengdu
BG3JLL,Huhehaote
BI3RTI,Xingtai
BG3KPR,Chifeng
BH8FID,cendu
BH3DSY,Tianjin
BH5EJU,zhejiang
BG3HM,Hun Lun Bei Er
BG3KPH,Hohhot
BG3KPH,Hohhot
BD4UEN,suzhou
BD4UES,SUZHOU
BI8FUJ,chengdu
BD4TSK,Jiangyin
BG3LGX,baotou
BG8AOV,Cheng Du
BD3OKU,ShiJiaZhuang HeBei
BG3TZT,Taiyuan
BG3HM,Hun Lun Bei Er
BD4UEW,suzhou
BG3IFY,Huhehaote
BH3SAQ,Changzhi
BH8EUP,chengdu
BG3TZT,Taiyuan
BH5HSM,Hangzhou
BG3ITR,Huhehaote
BG3TMO,Taiyuan Shanxi
BG3TFE,Taiyan
BH3SJY,Taiyuan Shanxi
BG3TZO,Taiyuan
BD4TSH,WUXI
BG5IRL,NanChang
BI3PMC,Shijiazhuang
BI1HAE,Beijing
BG3SIP,TaiyuanShsnxi
BD4UAI,Suzhou
BG3SIP,TaiyuanShsnxi
BG2LCW,changchun
BI8FYX,CHENGDU
BI8FXX,sichuanchengdu
BI3QJH,Tangshan
BI3RKP,Xingtai
BG3ICE,
BH4FHE,Shanghai
BD3NL,Tangshan
BD3MJJ,Qinhuangdao
BD3MJJ,Qinhuangdao
BG3OKI,Bao Dding
BD4UEQ,suzhou
BD4STQ,Nanjing
BH6BJJ,nanjing
BD4UFK,sushou
BD3OIH,langfang
BH1BVG,Bei Jing
BD3OLJ,shijiazhuang
BH4HGA,
BG5IRK,NanChang
BD4SMW,Nantong
BD3OZH,shijiazhuang
BD3OZH,shijiazhuang
BD3SG,Hexi District Tianjin
BD3OOB,shijiazhuang
BG4QL,Pizhou City Xuzhou
BH1RAM,Beijing
BG8FZU,Chengdu city
BH4FGR,Shanghai
BH1HAV,BEIJING
BG6QGL,Wu Han  HuBei
BA7LDH,SHENZHEN
BD7MXF,dongguanshi
BG3QAO,Shanghai
BG8FVR,deyang
BD3OIJ,beijing
BG2EPB,haerbin
BG6RJN,Tianmen
BG2XWE,shenyang
BI4OMJ,HeZe
BD3OPM,Langfang
BD3OHU,shijiazhuang
BG8CK,
BG6QLN,Wuhan
BG6QLN,Wuhan
BI4WWO,Jiangyin
BG8BLW,chengdu
BD7OPX,ShenZhen
BI4PCR,Weifang
BG6HMT,HEFEI
BD3ONB,Tang Shan
BG6QKM,Wuhan
BH4FER,shanghai
BI4OMA,heze
BG8SXC,
BG7HDP,Hu Nan
BD3OIX,tangshan
BD3OLW,Xing Tai
BA7LEH,Shaoguan
BH4EZR,Shanghai
BD3OJI,tangshan
BI4PCS,WeiFang
BH4IFJ,He Ze
BH4APS,SHANGHAI
BI4OUK,wei fang
BI4PUC,Taian City
BH7CXD,zhuzhou
BH3DPD,Tianjinshi Heibeuqu Yibailu
BI1JNM,Beijing
BG2EDN,Harbin
BD3RZX,Shi Jia Zhuang
BA7LGO,ShenZhen
BD4UJL,Taicang
BI4TXI,xuzhou
BA7LGL,ShenZhen
BA7LHJ,Shenzhen
BA7LGU,Guang Dong ShenZhen
BA7LGJ,shenzhen
BA7LGW,shenzhen
BA7LIP,SHENZHEN
BH9BNJ,hanzhong
BA7LHK,Shenzhen
BG2ESN,Jiamusi
BD3OOB,shijiazhuang
BI1JHY,Bei Jing
BH3UJH,jinzhong
BA7LHP,Shenzhen
BG2TAU,Da Lian
BA7LGM,Sz
BI8FTX,GuangYuan
BH3UZY,Yangquan City Shanxi Prov
BA7LIK,Shen Zhen
BA7LIJ,Shenzhen
BA7LGV,Shenzhen
BH4ESA,Pudong Shanghai
BG6QFU,Wuhan
BH4FGZ,Shanghai
BA7LIE,
BG2EMH,Daqing
BA7LGE,Shenzhen
BD3OMK,XingTai
BA7LFZ,ShenZhen
BH3SAP,YangQuan
BI4MPY,Taian
BA7LHY,Shenzhen
BA7LFK,Shenzhen
BA7LIN,Shenzhen
BH9FOW,
BH3XBC,yangquan
BI3UFF,jinzhong
BI3TAG,jinzhong
BG4LGN,Yan Tai
BA7LJF,Shenzhen
BG5FNB,Zhejiang Province
BA7LJA,guangzhou
BG5IRO,Gan Zhou
BG5IRP,Gan Zhou
BI4PIG,
BG1FOW,Hai Dian
BH2VCG,Dalian
BA7LHZ,shengzheng
BA7LGN,ShenZhen
BI3SUM,chaoyang
BG3JDM,huhehaote
BH2VCA,Dalian
BI4MKX,Dong Ying
BD3OOA,sjz
BG0AC,korla
BG0ATE,Korla City Bazhou
BH2UFZ,Dalian Cityliaoning Province China
BG2EST,Qiqihar
BH2TVD,Dalian
BH2VCS,Dalian
BH2VCC,Dalian
BI1IZF,Beijing
BD3OFD,HENGSHUI
BI4PDO,Qingdao City Shandong Province
BH3SRK,Jinzhongshi
BG0CEG,Urumqi
BG8CDQ,Chengdu
BG9OXN,Yinchuan
BA7LHE,ShenZhen
BD3OJW,tangshan
BH2VCX,Dalian
BG6RAD,wuhan
BH2UMS,Dalian
BH3ESJ,tianjin
BH5HQQ,Hang Zhou
BI3VGP,linfen
BH2VBY,Dalian
BH2SUF,Dalian
BG0CNG,Korla
BD4SWD,Nanjing
BG2ESS,Qiqihar
BI8FFH,ShenZhen
BG8DKN,Chengdu
BH3SMP,YangQuan
BG8EDL,chengdu
BI1KSS,Beijing
BH2VCP,Dalian
BD3OQD,Han Dan
BH2TSE,Dalian
BH2TLZ,Dalian
BH2TVK,Dalian
BH2UON,Dalian
BH2UOH,Dalian
BA7LJI,shenzheng
BG5DEF,Shaoxing
BI7DPZ,Changsha
BH3QGD,TangShan
BH2ULR,Dalian
BH2UAI,Dalian
BG0CXB,Korla
BG0BHW,Korla
BH2TSK,Dalian
BD3OPQ,handan hebei
BH2ULU,Dalian
BI8FTV,sichuan
BD4SWO,Nanjing
BH2URK,Dalian
BH2UNG,Dalian
BH2USV,Dalian
BG2ESV,Shuang Ya Shan
BA7LKC,Shenzhen
BA7LKM,Shenzhen
BA7LLB,shenzheng
BG4GAT,Shanghai
BI4OED,LiaoCheng
BI4XGM,nantong
BG6RAE,wuhan
BG5ERU,
BD4UJS,TAICANG
BH2UXD,Dalian
BH2VCV,Dalian
BH2UFN,Dalian
BG9VZ,Xining
BH2UKF,Dalian
BH8FCO,ChengDu
BI8FUV,cheng du
BG2CML,Daqing
BH1CRN,beijing
BD3ONN,SHIJIAZHUANG
BG5FIA,
BG3QES,Zhangjiakou
BI8EWL,Chengdushi
BH7ESS,YongZhou
BG8DKN,Chengdu
BI8CQD,Chengdu Sichuan
BG5EBJ,jiaxing zhejiang
BG5GOO,quzhou
BH4FHG,Shanghai
BI8FUK,Chengdu
BG0CEN,korla
BG8KIH,
BG9IPV,long
BG2QFC,dandong
BI4PVD,shouguang
BG6UWA,suizhou
BG5UXI,fuzhou
BI7MWV,guang zhou
BH4FHO,Shanghai
BI6KKS,zhengzhou
BD4RZC,
BA7LMM,huizhou
BI1KQL,Beijing
BI4MKU,Dongying
BI8CCJ,
BG5DTR,Jinhua
BG5UXL,Fu zhou
BI1DQI,
BD3NCC,
BH4WBA,zhenjiang
BG6DWR,Bengbu
BG1MRG,bei jing
BH3EMV,TianJin
BG5UXK,Quanzhou
BI8DUD,
BA7LID,Shenzhen
BI6MJY,Zhengzhou
BI1HBI,Bei jing
BG3BJS,TianJin
BA7LKY,Shenzhen
BD3ORA,shijiazhuang
BA7LLC,shenzhen
BA7LJH,ShenZhen
BG3KGZ,ningbo
BA7LMB,Shenzhen
BH7CWP,zhuzhou
BH7EHL,ChangSha 
BG8KDR,chongqin
BG6HCU,Xin yang
BD4SVG,Nanjing  Jiangsu
BI4PCY,Weifang
BH4FHQ,Shanghai
BH4FHH,Shang Hai
BD3NKE,Shijianzhuang
BG6RDJ,wuhan
BG8NQ,Gui Yang
BH2UCC,Dalian
BI4WZH,yancheng
BH1SYR,du
BG4HUA,Shanghai
BI4TNK,qinzhou
BI8FNW,ChengDu
BD7LBV,Shaoguan
BI4PCX,Weifang
BG7VC,guangxi
BH3NVO,shijiazhuang
BH2TSF,Dalian
BD4QKX,Xinghua
BH2TWS,Dalian
BI6JXU,Zhengzhou City Henan Province China
BI8BII,Chengdu Sichuan
BG7YYP,Haikou City Hainan Province
BH7NWD,ShenZhen
BH2VDT,Shenyang
BG5HHW,Hangzhou
BG1GSQ,Beijing
BI1JYM,
BH1EJT,beijing
BI4NUF,Shan Dong
BH5HUT,Hangzhou
BD4STG,JiangningNanjing
BH3OHF,Lang Fang
BG8EOJ,
BD3ONR,He Bei
BH1EWI,beijing
BH1PDE,beijing haidian
BH6JET,zhengzhou
BH2UJK,Hangzhou
BI4PTI,Jinan
BH5HQX,hangzhou
BH4WMG,shanghai
BH8FWJ,Chengdu
BH4FHM,Shanghai
BH8PPE,GuiZhou
BA7LGX,ShenZhen
BH4SDO,SuZhou CityJiangSu ProChina
BG9ELX,SHANXIXIAN
BI8BZW,chengdu
BG3HVA,HOHHOT
BH4FHT,Shanghai
BG2ETU,
BD3MCX,shijiazhuang
BD3OLL,XingTai
BD3OKF,
BH5HVM,Hangzhou
BH5HVM,Hangzhou
BD5EHA,zhejiangpinhu
BG1DXZ,bei jing
BD3MAG,TANGSHAN
BD3OKN,hengshui
BD4QXR,QuanShan Xuzhou Jiangsu
BD4SWX,Nanjing
BH2ULP,dalian
BG8DUH,Chengdu
BG1VKS,BEIJING
BG2BRS,Mudanjiang City Heilongjiang Province
BA7LKN,Shenzhen GuangDong
BH2VCQ,DALIAN
BG5IRC,None
BI8BHB,CHENGDU
BG8KRJ,Shenzhen
BA7JXX,
BD4SUJ,NanJing
BH3ESN,TianJin
BA7JQR,ZhongShan
BD4THE,YangZhongZhenJiang CityJiangSu Province
BA7LEW,Guang Zhou
BI1LEF,Beijing
BG3MUF,Tangshan CityHebei Province
BD4SWS,NANJING
BI1KXX,Bei Jing
BD7IPB,Shaoguan Guangdong
BI1LAY,BeiJing
BI4NHB,weihai
BI1LFC,BeiJing
BH8MON,Gui Yang
BH1XYJ,Bei Jing
BA7JQJ,Shaoguan Guangdong
BG5BOB,wenzhou
BI1KWC,Beijing
BA7LDP,Guangzhou
BG4IFV,linyi
BG1UQV,Beijing
BI1LEP,None
BD4QE,Changzhou
BH8UIS,Kunming
BG6FCS,Huangshan
BI1KHE,DaXing
BI4LDT,jinanshi
BG1VML,BEIJING
BH3WEF,Shan Xi
BG3KKJ,Baotou
BG1ECQ,None
BH1XQN,
BI1KYA,None
BG6CLM,BengBu
BG7BHU,HuNan
BG1MFO,
BI4LXK,zibo
BG9OPE,Ning Xia
BG2LDF,ChangChun
BH1JWL,Beijing
BH1UVR,
BI1LEM,Beijing
BD3JC,
BD4TDA,Lianyungang
BI4LBP,Jinan
BG5GSF,Ningbo
BA3MJ,Handan
BH5HGI,hangzhou
BG8FCJ,dazhou
BG2LCL,si ping
BH9EUB,None
BH4AHC,Shanghai
BA7LKJ,Shenzhen
BH4FIO,Shanghai
BA7LNE,shenzheng
BI4PTL,JINAN
BH4FIP,None
BH4FII,Shanghai
BD3NFM,ShiJiaZhuang
BH7MWX,Foshan
BG7MWX,Foshan City
BG6QWN,Suizhou
BD4SPK,Su Zhou
BI8DTL,Chengdu
BI1KPT,Beijing
BI4PWU,WeiFang
BG8KPV,ChongQing
BG1NRU,Bei Jing
BI4LXO,Zibo
BG6UWC,Suizhou
BD4THT,ZHENJIANG
BG3CKQ,
BD3NPF,
BH4FIJ,zibo
BD4TGT,ZHENJIANG
BH8UKJ,Kunming  Yunnan
BG5HUW,Hangzhou
BI3RJP,SHI JIA  ZHUANG
BG4AHT,Shanghai
BD7NGK,Foshan
BA7LNH,Shenzhen
BG8KRI,Chongqing
BH8SIK,Kun Ming
BI1ICN,beijing
BH2UTZ,Shenyang
BG3HBR,Baotou City In Inner
BI3RZV,Zhengding
BG3UEK,yangquan
BD7IZN,guangdong
BH2VDG,Dalian
BD3OQA,Zhang Jia Kou
BH4FEJ,Shanghai
BG7QEV,Guilin
BG7QEF,Guilin
BG2AYK,Harbin
BH5HPW,Hangzhou
BI3VMZ,Jingzhong
BG3LKE,Hulunbuir
BH8ABA,Chengdu
BH3RHA,Heibei
BG7XTT,Nanning
BG2LCM,Si Ping
BH1IQY,None
BI3NFA,shijiazhuang
BH6JOX,Shangcheng
BG6RUM,Wuhan  
BH4FHR,Shanghai
BG3JX,
BG2EGA,None
BG4ARR,shanghai
BA7LPH,ShenZhen
BA7LCR,shenzhen
BD4AKT,Shang Hai
BG3IML,
BH3TQD,yangquan
BI4KWG,jinan
BH1BZE,
BD4SDF,SUZHOU
BG2WV,Dalian
BG2DNO,daqing
BG1AXW,Beijing
BI6MKJ,Zhengzhou
BI6MTK,Zhengzhou
BH5EAL,China 
BD6JVG,Nanyang
BG5GNZ,Ningbo
BI6MWQ,Henanshengzhengzhou
BI6MHB,Zhengzhou
BG3PEA,shijiazhuang
BH3RJQ,Hebei
BG7XUD,Nanning City  Guangxi Zhuang Autonomous Region
BD4JA,Qingdao
BI3UTF,
BI6MKI,Zhengzhou city  Henan province 
BI1KOL,Bei Jing
BA7LDT,Guangzhou
BI6MHU,Zheng Zhou
BG3WA,YANGQUAN SHANXI
BA7LJN,Shenzhen
BA3OOM,ShiJiaZhuang
BA3OON,ShiJiaZhuang
BD3OIZ,tangshan
BI3OJQ,he bei  baoding
BG3PTM,QHD
BG5IAB,nanchang
BG6FXK,XuZhou Anhui
BG5ILA,NanChang
BA7LHN,Shenzhen
BH1TGV,Bei Jing
BH7MTE,Guangzhou 
BG2RTZ,Shenyang
BI4PSV,linyi
BD3MG,HENG SHUI
BH3GBF,
BH5EDR,China Zheng Jiang
BG7XC,Guilin
BG0DGO,Urumqi
BH1CTS,beijing
BI4PMW,Qingdao
BG4IFB,
BI6MPX,ZhengZhou
BG0DJR,Urumqi
BH3TTR,yangquan
BH3OTN,shijiazhuang
BI4NLC,RI ZHAO
BH4FHO,Shanghai
BI6MKQ,ZhengZhou
BI4PNZ,Qing Dao
BG5ENH,Jiaxing
BI6MHG,Huiji District  Zhengzhou  Henan
BI4OAP,liaocheng
BI4NLJ,Rizhao
BH1VDK,Beijing
BH5BTA,WenZhou
BG7WZ,Guilin
BI4LMT,Qingdao
BI4OMU,
BD4SCO,Suzhou
BH8SHU,
BI4PSH,Lin Yi
BD3OHE,baoding
BI4PNA,Qing Dao
BH3QLJ,QHD
BI3PKS,BaoDing
BG6QIQ,WUHAN
BI1EWV,Beijing
BG6GIF,Hfei
BI3PJS,He Bei Shi Jiazhuang
BH2RTC,Fu shun
BG7SQW,Guilin
BG7RMJ,Guilin
BG4NDM,Qingdao
BG3BCT,Tianjin
BD3ONS,Baoding 
BH4IOO,Qingdao
BH4KZZ,Qingdao
BI1JVX,Beijing
BI4JGM,Shandong Province 
BG6OPL,Zhengzhou
BH8AIB,Chengdu
BH8UQU,
BG4DVJ,Shanghai
BG4GWM,Shanghai
BI4RUX,wuxi
BH3VAP,Yangquan
BD4RHY,China
BI6MPW,Zhengzhou
BD3OMJ,tangshan
BA7LQG,shenzhen
BD2OV,Ji Lin
BG2IBM,Ji Lin
BA7LPI,ShenZhen
BH9FLV,
BI6MHO,Zhengzhou
BG2SMF,Dalian  Liaoning
BH2SMF,None
BI3STH,yangquan
BG6HNB,hefei 
BI4LWN,zi bo
BH9FCN,Hanzhong
BG4KMS,Linyi
BG9FSV,Bao Ji
BI4OGN,huimin
BG3BDE,tianjin
BH3QEM,Bei Jing
BG6HGD,He fei
BH8VHW,Kunming
BD3OQW,Heibei qinhuangdao
BI3OQW,QHD
BD3OQN,QinHuangDao
BA7LNP,ShenZhen
BG2XXL,Fu Shun
BG7TMD,Qinzhou
BG7XWD,Nanning
BG7XWA,Nanning
BA3MEM,ShiJiaZhuang
BI1KEF,beijing
BG1TDJ,beijing
BI4VVD,Nantong
BG8KFE,Chongqing
BH8UQX,Luxi
BI1JUO,Bei Jing
BG6BHA,XiCheng Beijing
BH9FPE,Xi an
BH5HAK,Hangzhou
BA7LPS,shenzhen
BG7AUW,changsha
BI4PFC,Qingdao
BD4SNW,NanTong
BH9DMR,Xi An Shaanxi Province
BD4SXW,Nanjing
BD4UZK,yan cheng
BH8UJU,Kunming
BG3DAQ,Tianjin
BG6QFK,Wuhan
BA7LHF,Shenzhen
BI4RYF,Wuxi
BH8VZA,Dali
BI1KXT,Beijing
BH3BZV,Tianjin
BI4PMZ,Qingdao
BH8UJK,
BD4UJU,Suzhou
BH2UZR,Shenyang
BG5GNO,ningboshi zhejiangsheng
BG5HRB,hangzhou
BI3VNS,Lin Fen
BI1JNB,Beijing
BI8AAT,Chengdu
BH4JBV,Jinan
BH8VXB,Jing Hong
BI4THA,Wuxi
BA3OOQ,ShiJiaZhuang
BD3MUK,hengshui
BH4FIK,shanghai
BH4FIX,Shanghai
BH7EBK,Zhuzhou
BA7LNY,Guang Zhou
BH5HSF,Hangzhou
BG6TFM,Wuhan
BI8FWU,Chengdu
BG2EID,Daqing
BI8ETV,chengdu
BH7ETD,Zhu zhou
BG9ADV,Xining
BI8EFI,Chengdu
BD3NI,Hengshui 
BI8DMZ,Chengdu
BI1LET,Beijing
BG7XSS,
BG2UES,Shenyang City Liaoning Province 
BH3QBL,QHD
BG5EOR,ningboshi
BH7CET,changsha
BH8UAH,Kunming
BG3IQB,Chifeng
BG1TDF,Bei Jing
BI8EJB,chengdu
BH4FIH,Shanghai
BI1JTR,Beijing
BH7BTW,Changde
BD8NCF,
BI3QFQ,Tangshan
BG8STH,KunMing
BD4SLN,WuXi
BH9EVC,XIAN
BH9FPF,Shan Xi Xi An
BG2WRH,dalian
BH7EDI,zhuzhou
BG6RLZ,Xiangyangshi
BG4CQX,Shanghai
BI4PJK,Qing Dao
BG4IGO,YanTai city Shandong province
BH9FKJ,Xi An
BH4LJM,yantai
BH8NAW,Zun Yi
BH3AGO,Hedong District Tianjin
BG9IPU,Gansu
BG6TFX,Wuhan
BI4NAF,JiNing
BG3QEP,QHD
BH4BRC,Shang Hai
BH4FEP,Shanghai China
BG5FIN,TaiZhou
BI6LJE,nanyang
BH9EQH,Xi an  Shaanxi Province
BI1BHO,beijing
BG4AMV,
BG4FRZ,Shanghai
BD4VAA,yancheng
BD3OMB,Tangshan
BH1NDS,beijing
BH4FCY,Shanghai
BH4FEH,Shanghai
BA7LJJ,ShenZhen
BI1JAK,Beijing
BD4SVF,NanJing
BG6QYC,Tongcheng County Xianning Hubei 
BG9HXM,Lanzhou
BH4SRB,Suzhou Jiangsu Province
BG9INH,Lanzhou
BG8EIY,chengdu
BI3RVB,hengshui
BH8VIU,Qu Jing
BH9DZU,Xi An
BD3NKL,Shijiazhuang
BH5HSY,hangzhou
BG3LHC,
BI8EQC,chengdu
BI4UTE,Zhenjiang
BI3NUI,Shijiazhuang
BG7BBQ,ningxiang
BH1QOZ,BJ
BH4FBB,Shanghai
BH8URS,KunMing
BH8VRO,KM
BH3GGK,Hohhot
BG7XZZ,
BH8VIV,Qu Jing
BD4TYT,Suzhou
BH3GGT,Hohhot
BD7OAD,Jiangmen
BI1HPU,Beijing
BH4CLO,shanghai
BI1LGG,Beijing
BH8TXB,Qujing
BH8SBY,Qujin
BH2TFS,DALIAN
BH3QGU,QHD
BI3MER,QHD
BI1LID,Beijing
BH1NYR,Beijing
BI4WII,Wu Xi
BH3GEY,Hohhot
BH8DFD,Chengdu
BG6WER,Wuhan
BI6NCG,LuoYang
BH7EVP,ChangSha City
BH7EUY,None
BI1JQR,Beijing
BH8SGW,HongHe
BH7EUT,changsha city
BG3KUK,Ulanqab
BI1LFX,Beijing
BG1VCI,Bao Ji
BG2EVL,Harbin
BG5UWQ,QuanZhou
BH2TGM,Shen Yang
BD4TST,Wu Xi
BH2TFI,DALIAN
BG8SII,Qujin
BH8AGA,Chengdu
BI3STR,Taiyuan
BG1QZR,Bei Jing
BA7LSW,Shenzhen
BH1RUK,BeiJing
BG6OGY,luoyang
BI6NCS,luoyang
BG4XZH,
BH9FPG,soochow
BH8QAI,Gui Yang
BD1HFP,
BH1FMS,
BI6NCI,Luoyang
BA7LTD,China
BI1LIS,BEIJING 
BG9IQW,Jinchang
BH9CQG,Xi an
BH8BRB,XiChang
BH8DLL,Chengdu sichuan
BI1HZX,BEIJING
BH4QBV,Wuxi
BH4QEI,Changzhou
BH4QBP,Changzhou
BI4LBS,Ji Nan
BI4LBS,Ji Nan
BI4IIK,Ji Nan
BI4IIK,Ji Nan
BI4TLE,Nanjing
BI4TLE,Nanjing
BG4TGO,Wuxi
BG4IAJ,
BI4TRM,Wuxi
BG5WCH,Putian
BG4JJS,Qingdao
BH4USR,Haian
BH8DOD,Chengdu
BH3GEX,Huhhot
BG2JNO,Baicheng
BI4RXQ,
BI4NFS,Wei Hai
BH4JPA,Jinan
BH4QBO,Shanghai City
BI4WOU,Nanjing
BI4OQZ,Shouguang
BI4OQD,Shouguang
BG4WOM,Nanjing Jiangsu
BG4TZR,Wuxi CityJiangsu Pr
BH4IWK,Qingdao
BG4IGX,Shandong Laiyang
BG4IGX,Shandong Laiyang
BH4LFJ,Rencheng DistrictJi
BI4XLD,wuxi
BG4LBO,Shouguang
BI4RFO,Zhangjiagang
BH4IIG,Zibo City Orchid Soc
BI4JNQ,Zibo
BH3GGN,Ordos
BH8PWR,Gui Yang
BH4QII,Changzhou
BI6LJD,nanyang
BH4IRA,Jining
BG4MVL,Jining
BG3LKR,Baotou
BG4REO,Suzhou
BG4TGO,Wuxi
BG4AKZ,Shanghai
BG4AKZ,Shanghai
BI4JPQ,Zibo
BI4VTZ,Rugao
BI4RHE,Rugao Cityjiangsu P
BD4XI,Lianyungang Jiangsu
BI4KBO,Zibo
BG4IRC,Shandong Province Z
BI4VIZ,Nantong
BI4VIZ,Nantong
BH4OKQ,Jining
BI6LPK,Nanyang
BI4SXF,Ningbo
BD4XI,Lianyungang Jiangsu
BG4KJZ,Jining
BI4KAA,Binzhou
BI4ILC,Jining
BI4MVF,Jining
BI4QZA,Jining
BH4OFM,Zibo
BI4LGS,Qingdao
BI4SWY,Nantong Jiangsu
BI4VTD,Ru Gao Jiang Su
BH4UQD,Ru Gao Jiang Su
BI4WQB,NanTong
BI4WQG,Ru Gao Jiang Su
BH4URW,Ru Gao Jiang Su
BI4RQP,Ru Gao Jiang Su
BI4VTP,Ru Gao Jiang Su
BG4POM,Jining
BI4MCD,Tai
BI4MWW,Jining
BI4VTF,Ru Gao Jiang Su
BI4XHG,Ru Gao Jiang Su
BI4XHF,Ru Gao Jiang Su
BI4VTG,Ru Gao Jiang Su
BI4VTT,Ru Gao Jiang Su
BI4XHR,Nantong
BH4OVH,Lin Yi
BI4TKG,Nanjing
BI4TKG,Nanjing
BI4VTN,Ru Gao Jiang Su
BI4VDE,Ru Gao Jiang Su
BI4VTM,Ru Gao Jiang Su
BH4URV,Ru Gao Jiang Su
BI4VTZ,Rugao
BG4ULW,JingjiangJiangsu
BG4PJO,Jinan
BG5IEU,Nanchang
BI4VIP,Nan Jing
BH4XOO,yancheng
BI4PJZ,QingDao
BI4NFP,Wei Hai
BI4SQD,
BI4UWW,Wuxi
BG4IAK,Zibo
BH4JAC,Jining
BI4JJQ,Jining
BH7ELD,Changsha
BI4OPH,Shouguang
BI4UUK,Wuxi
BI4LGL,Qingdao
BA4RN,Nanjing
BG4VRG,Suqian
BI4KNX,Shandong
BI4VNM,Jiangsu
BI4KNW,Shandong
BH4EGL,Shanghai
BG4OQX,Zibo
BI4KCU,Zibo
BI4OYV,Jinan
BH4ARI,Shanghai
BI4NFP,Wei Hai
BI4MNG,Lai Yang
BG4IIC,Shandong Zibo City
BI4NFE,Shan Dong Sheng Wei Hai Shi
BI4JYG,Weihai
BI4NTV,Linyi
BI4JDA,Weifang
BH7ETN,Changsha
BG4RIE,Nan Jing
BA4WI,Nanjing-CityJiangsu
BA4WI,Nanjing-CityJiangsu
BA3MEG,Shijiazhuang
BI4NFT,Weihai
BH4PQI,Weihai
BH4PQI,Weihai
BI4KBD,Zibo
BH4OFX,Zibo
BI4MVP,Jining
BI4VOR,Jiangsu
BH4JBC,Jining City Shandon
BI4XJA,Jinhu
BI4MNG,Lai Yang
BI8EJJ,Chengdu Sichuan Province
BI4JOB,Zibo
BI4KNY,Huantai
BH4WFH,Nanjing
BH7EKR,Changsha
BI4MYY,Jining
BI4VNM,Jiangsu
BD4QBH,Xuzhou
BG4XTA,Danyang City Jiangs
BI4QBM,yancheng
BD4QWU,Changzhou
BH8ULB,Kunming
BH4WAL,YangzhongJiangsu
BD4QVC,Changzhou
BI4LVB,Zibo
BI4TCX,Huanan Jiangsu
BI4SQM,Jiangsu
BG4JFS,Zibo Shandong
BG4JFS,Zibo Shandong
BG4XTB,Danyang Jiangsu
BI4TDQ,Jiangsu
BI4VBB,huaian
BH4IDR,Zibo Shandong
BH4AOC,Shanghai
BG4IIA,Zibo Huantai
BG4INP,Zibo
BD4UH,Taizhou
BI4IKE,jining
BH4FJP,shanghai
BH4OXP,Zibo
BH8UET,None
BH4DZK,Shanghai
BD4RKH,Yan Cheng Shi
BD4XW,
BG4AGE,Shanghai Shanghai
BA7JKT,MAOMING
BI4IDF,Zibo
BH4CEU,Xuhui Shanghai
BG4NQT,Linyi Shandong
BI4LVA,Zibo CityShan Don
BD4ICR,Taian Shandongsheng
BD4QZE,Suzhou Jiangsu
BI4NTD,Linyi Shandong
BH4FJN,
BA7LTE,Foshan
BG4XTW,Yangzhong Jiangsu
BH4TKN,Wuxi City Jiangsu P
BG8KUH,
BH4EAW,Shanghai
BG4USM,Nantong
BG4IRC,Shandong Province Z
BG2WYS,None
BH1IMG,Beijing
BI4TAM,YangzhongJiangsu Pr
BG8KUK,chongqing
BI4TAM,YangzhongJiangsu Pr
BG4WAH,Yangzhong City Jian
BH4SJK,Changshu
BG7BDB,Linxiang City  Hunan Province
BI4JBY,Jinan Shandong
BH2RAE,ShenYang LiaoNing
BH8VHK,YunNan  KunMing Qianwei Road Xishan District
BI7PCJ,guangzhou
BD7KGH,Foshan
BD4QHI,Su Zhou
BI4WTX,Suzhou City Jiangsu
BG2LBB,changchun
BG4WAH,Yangzhong City Jian
BH1SWW,Beijing
BH1QJO,Beijing
BI4OYD,Binzhou
BG4UQI,Haimen
BI1KVA,Beijing
BG4HFH,Shanghai
BH8UXE,kunming
BG4UQI,Haimen
BG4UQX,Nantong
BD4SVT,NanJing
BH5HSO,Hangzhou
BD4RQ,
BD4RQ,
BI6MQF,Zhengzhou
BA7LRT,guangdong
BG2JKI,tumen
BI4XRO,Xuzhou
BH4CYM,Shanghai
BD4QZF,Jiangsu
BH4SRC,Suzhou Jiangsu
BG4CZU,Shanghai
BG4UVY,
BH4RXP,Nanjing City
BH4RXP,Nanjing City
BH4ELP,Shanghai
BH4IHS,Qingdao
BG4UPO,Nantong China
BG4UPO,Nantong China
BG8SPI,kunming
BH4DGF,Haining
BI1HQF,
BH8PUY,Guiyang
BG8NEY,Guiyang
BG4NCM,Ji Ning Shandong
BG4OVP,Jining
BG4NBX,Jining
BI6MQI,Zhengzhou
BD4QHH,Suzhou
BG4NAA,Jining
BG4ACY,Shanghai
BH4QVA,Su Zhou
BH4ECI,Shanghai
BH8PVU,Guiyang
BH4CBV,shanghai
BD4RHJ,Nantong
BI4XFD,Suzhou
BG4NCM,Ji Ning Shandong
BG4HHG,Shanghai
BG4KLU,DongYing
BH4WKZ,Nantong
BI4UBP,Nantong
BG4OXV,Jining Shandong
BI4SRJ,Suzhou
BI3MYZ,tangshan
BH8VTM,Kaiyuan
BG4KQF,Jinan City Shandong Province
BG4KQF,Jinan City Shandong Province
BG4UYX,Nantong
BH4DYM,Shanghai
BH4EMN,Shanghai
BI4XLS,Wuxi
BI4OWO,ShoGuang
BI4OWO,ShoGuang
BI4SKN,Nanjing
BI4UBP,Nantong
BH4EMM,Shanghai
BG4OVP,Jining
BG5HEJ,Hangzhou
BI4PNI,Qingdao
BD4ROJ,Suzhou
BG4BWW,Shanghai
BD4RPJ,Suzhou
BD4RVY,Nantong
BH4ECL,Baoshan
BI6MQE,zhengzhou
BI1LLM,Beijing
BH4EFO,Shanghai
BD4AMS,Shanghai
BG2VZY,SHENYANG
BG4ETR,Shanghai
BH8SYE,Qujin
BH4WKZ,Nantong
BH4AVM,Shanghai
BG4LJM,Qingdao
BH1NIM,Beijing
BH4DWO,Shanghai
BI1LUK,Beijing
BH3SFQ,jinzhong
BI4PNB,Qingdao
BG6QFO,Suizhou
BH4KUT,Qingdao
BD4UER,Jiangsu
BI8CAG,Chengdu
BG2CTY,Jiamusi
BH3GHU,Hohhot
BH3EAW,Tianjin
BI1HZZ,BEIJING
BG6QDD,Nan Yang
BG6QEC,JingZhou
BD4QZH,SuZhou
BH8UKO,KunMing
BI4MKH,DongYing
BI1EBA,Beijing
BH8ULA,Kunming
BG6CJR,Ningguo City  Anhui Province
BG1HBI,None
BG5DFH,Shaoxing
BG4IIJ,qingdao
BD4UJN,Suzhou
BH4OFV,Zibo
BH4OFU,Zibo
BG4MDB,Qingdao
BI1EKX,Beijing
BG8KVP,ChongQing
BD4TMY,Nantong
BI8ETI,LuZhou
BD3OXK,hebeixingtai
BH3AUN,tianjin
BH7EWE,Yueyang
BA7LUA,Shenzhen
BI6LLG,Zhengzhou
BG6QCN,Wuhan
BI3MLO,shijiazhuang
BG9FMC,Xian
BH4FJU,Shanghai
BG4FPB,Shanghai
BD7OTM,Huizhou
BG2RW,Shenyang
BH8PVC,Gui Yang
BH8AEU,De Yang
BG2XGI,shenyang
BI4POL,Qingdao
BD6QBR,Wuhan
BG6QLA,WUHAN HUBEI
BH2RCV,Shenyang
BH4FJX,Shanghai
BH8ULR,Wenshan City Yunnan Province
BH4FKE,Shanghai
BH4FKH,Shanghai
BH4FKI,Shanghai
BI1LKQ,Beijing
BH4FKD,
BH4FKC,shanghai
BH5HSN,HangZhou ZheJiang
BD4RZB,
BG2EWN,Daqing
BG8KUO,ChongQing
BG9IQV,jinchang
BI1LJV,Beijing
BG6WCH,Wuhan
BG6TUT,Wuhan
BI4RWE,
BA2BI,Mudanjiang
BG6QGR,Wuhan
BG5UZY,Xiamen
BG6QGI,Wuhan
BD4IEE,Linyi
BG4NXL,Jinan Shandong
BH4FKB,Shanghai
BH8PRK,Guiyang
BH2UZN,SHENYANG
BG8JXW,Chongqing City 
BH4QJD,changzhou
BG2KPB,
BH7EVO,zhuzhou
BG1GJP,Beijing
BG3ODZ,hebei sjz
BG7HOF,
BD7HK,yueyang
BD3OZD,XingTai
BI1GRW,Beijing
BI1ESF,Beijing
BH3BOA,Tian Jin
BD7BS,yueyang
BG1OD,BeiJing
BD4RVS,nantong
BH2VGS,Shenyang
BH1UHC,China
BG5VAV,Fu Zhou
BH5DYJ,Wenzhou
BI8BGN,chengdu
BD4UKF,Soochow
BA7LUD,Guangzhou
BG2VWP,Shenyang
BH8MEN,Gui Yang
BH8MEM,Gui Yang
BA3MX,Chengde Hebei
BI4SBG,Nantong
BH2VHB,Dalian
BG6QFQ,Wuhan
BG2RIW,shenyang
BG6QLQ,Jingzhou
BI4POH,Qingdao
BI4NNW,Jinan Shandong
BD7IHG,dg
BH1DVA,
BG2QHW,Liaoning province China 
BI1KGU,Tong Zhou
BG6RHK,wuhan
BH1RQH,Beijing
BH4FKF,shanghai
BI1EMF,beijing
BD2RZY,
BH2RKB,
BH5HWT,Hangzhou
BG9CGX,Xi An
BH5HWJ,
BD7NKS,Shenzhen
BH3ESK,Tianjin
BH5HXX,hangzhou
BH5HWK,hangzhou 
BH5HZC,HANGZHOU
BG5FZS,ZHOUSHAN
BH5HWP,
BI3VUL,TaiYuan
BH5HXF,hangzhou 
BH5HWY,hangzhou
BH5HWM,hangzhou 
BH5HYL,Hangzhou  Zhejiang
BH5HWU,hangzhou 
BH5HYR,
BD4UBH,yan cheng
BG6QLL,JINGZHOU
BH5UNA,AMOY
BG4CMI,ShangHai
BI1LTF,Beijing
BH5HQM,hangzhou
BH5DTO,Wen Zhou
BD4UZV,yan cheng
BH5HYI,Hangzhou
BG5VAM,Fujian China
BH5HXO,hangzhou 
BD2TXV,Da Lian
BH5HXV,hangzhou 
BH4KUC,nantong
BG9HSU,Lanzhou
BG6QEW,Wuhan
BG2EWR,Qiqihaer
BA7LYQ,Huizhou
BG2DSG,Harbin
BG2EYC,Harbin
BH5HWL,hangzhou 
BH5HXZ,hangzhou 
BD3OZA,SHIJIAZHUANG
BG2WYW,chaoyang
BG2EUZ,Harbin
BA7LYI,shenzhen
BH5HXN,Hangzhou  Zhejiang
BI7MPS,Donghai Town  Lufeng City Guangdong Province 
BG2DKL,
BA7LYP,Shenzhen
BH8PJK,
BG9IQU,Lanzhou
BH5HWS,hangzhou 
BD7OLQ,shenzhen
BD4SNH,qidong
BG2DJB,QIQIHAER
BA5WA,ChangLe City Fujian
BG4JLA,Zibo
BG2EJC,QIQIHAER
BH7ECK,zhuzhou
BH4FLH,shanghai
BD4TMU,Nantong
BH4FKV,Shanghai
BH7CYI,ZhuZhou
BH8PXW,Gui Yang
BA7JOZ,guangzhou
BH5GXE,
BH4FLC,Shanghai
BH1XYG,Beijing
BG4JIA,Zibo
BG3OXP,Hong Kong
BH3TBL,changzhi
BG7EHL,YueYang
BD4TDG,Lianyungang
BD4SQV,Suzhou
BG6QEY,Qianjiang
BI8CJA,Chengdu
BG2XMA,Shenyang City  Liaoning Province
BG6TII,wuhan
BH5HYB,Hangzhou City  Zhejiang Province
BG7YZR,Sanya
BI3RNO,Tangshan
BG7MZI,shenzhen
BA7LZG,Shenzhen
BD4RVN,nantong
BH8CSB,Chengdu
BH5HYO,Hangzhou
BG7YVW,Qiong Hai
BH4RKP,nanjing
BA7LZS,Shenzhen
BH5HZO,Hangzhou
BD4SYG,China
BG7XP,Changsha
BI1JOR,Beijing
BG7EPJ,ChangSha
BG2EDT,Suihua City  Heilongjiang 
BG2EDS,suihua
BG4AAK,ShangHai
BH3DJB,Milpitas
BG7UJ,liuzhou
BH4AUP,shanghai
BH5HXL,hangzhou 
BH4FJV,shanghai
BD3OUM,
BD2VT,LNSHENYANG
BA8AVO,Mianyang
BH3EWG,Tianjin
BG8AGM,CHENGDU
BG0GM,
BG9GIN,Lanzhou
BH4FKR,Shanghai
BH5HWO,hangzhou 
BD3OUP,Tangshan
BI1MDI,Beijing
BG7CNV,YueYang
BG8JXQ,Chongqing
BI4OFQ,ShanDong BinZhou
BI6MKU,zhengzhou
BA7MBE,Guangzhou
BH7EYW,Xiangtan
BG2EXQ,qiqihaer
BG7CNT,YueYang
BI4SFK,
BG9ITB,lanzhou
BG9ITC,lanzhou
BG3INN,Xincheng District  Hohhot  Inner Mongolia
BH8BMZ,Mianyang City  Sichuan Province
BD2QBV,shenyang
BI3RXD,TangShan
BI3RXW,TangShan
BG5UUU,fuzhou
BD7NTJ,Shenzhen  Guangdong
BG2EWX,qiqihaer
BH6AOZ,Chuzhou Anhui
BD4VCC,SuQian
BI3RTM,TangShan
BD3PAA,XingTai
BG2XP,shenyang
BG2FAF,None
BG2KOA,huadian
BG2EXT,Qiqihaer
BG0IO,Lhasa
BG2EYJ,None
BG2VXC,shenyang
BG9JY,LanZhou
BI4NHT,weihai
BD7RAW,Suzhou
BG6HNK,Hefei
BG6HNW,Hefei
BH4WQR,SuZhou
BG7SZQ,Liuzhou
BD3OWN,Handan
BI6MNS,he nan
BG6HNZ,Hefei
BI1LOS,Beijing
BH4SYE,Jiangsu Suzhou
BI3VWM,DaTong
BH2QVU,yingkou
BI4VKA,Nanjing
BG6HNR,Hefei
BG9LP,Lanzhou city  Gansu Province
BD2RP,Shenyang
BG3NFC,TangShan
BH4ODD,Jinan
BG7ESS,Yueyang
BA7JNP,Shenzhen
BG6HNQ,Hefei
BH3PWX,TangShan
BH2VGU,Shenyang
BD2RD,Shenyang
BG6QEV,Hubei wuhan
BG8TGT,wenshanzhou
BG2QFO,shenyang
BH8EWK,ChengDu  SiChuan
BG9HXP,China
BH2REP,dalian
BH6MKA,Zhengzhou
BG2INP,None
BH2JPY,Liaoling Shenyang
BI1HQI,BeiJig
BG2UCD,ShenYang
BG9IPT,
BH2UUB,Shenyang City Liaoning province
BA3ME,XingTai
BH4JXQ,Qingdao
BG4EVK,Shanghai
BH4FMI,Shanghai
BA7JVX,jiangmen
BG4FAZ,shanghai
BH4FMU,Shanghai
BH2TYH,Shenyang
BG7YZI,HaiKou
BI4PNP,Qingdao
BH2UGM,Shenyang
BD3PCM,Shijiazhuang
BH4FMP,shanghai
BH2UWM,Shenyang
BG2FAH,Qiqihar
BA7LOU,DONGGUAN
BI1MFM,BEIJING
BG9SED,Lanzhou
BI1EBC,
BH9PFPT,Xi An
BG6IAZ,Zhengzhou
BG6QWJ,WuHan
BH6AMY,huainan
BG7TYJ,Guilin
BG1QW,Beijing
BG9PDU,ShiZuishan
BI6MKA,Zhengzhou
BH6AMZ,HuaiNan
BI6LJR,ping ding shan
BG9ITF,LANZHOU
BG4RDY,Nanjing
BG4WHC,Nanjing  Jiangsu Province  China
BH4FMO,shanghai 
BD3PFH,SJZ
BD3PDW,shijiazhuang
BG4RWE,Nanjing
BI1MKB,Bei Jing
BI1MKE,BeiJing
BG6TNN,Hu Bei
BG2EWQ,qqhr
BG2KUA,jilin
BA7MEO,GuangZhou
BD4UKW,SuZhou
BG7TCC,
BI1MAN,Beijing 
BH3EXZ,Tianjin
BI4IOW,HuiMinXian
BD3PGL,shijiazhuang
BI6MHQ,Zhengzhou
BH4FML,shanghai
BH4EUL,Shanghai
BH6BIC,Chizhou
BA4WR,JiangNing  NanJing
BD3MDW,Hebei Province  Cangzhou City  Suning 
BG7XTJ,Nanning
BG4GAF,Shanghai
BD3PCB,
BD4RHA,nantong
BD4RYQ,Yangzhou  Jiangsu
BG7EAC,YueYang
BH6AMX,huainan
BG7DVZ,YueYang
BI1CUY,Beijing
BD3PFP,
BI4SYR,nanjing
BH2UWI,shenyang
BD4VGD,XuZhou
BD4VGC,XuZhou
BD4VHP,XuZhou
BG5HVG,Hangzhou
BD4VGV,XuZhou
BI4TCQ,HuaiAn
BD4VHH,Xu Zhou
BG2EXM,Qiqihar
BI1MME,BeiJing
BH4QVY,SuZhou
BA8AVR,Chengdu
BI1MKG,BeiJing
BG2JQV,CHANGCHUN
BH8CRG,Zigong Sichuan
BH4FNE,Shanghai
BH2VJW,Fuxin
BH4FNF,Shanghai
BG2XXN,Shenyang
BH8UCR,ChuXiong
BH2VKC,Dalian
BI1MFK,beijing
BI1BYM,beijing
BG6FPO,Wuhu
BG6QIV,wuhan Hubei
BD3NWD,Zhangjiakou
BI3VZC,Taiyuan
BI4NHW,Weihai
BH4FNS,ShangHai
BG7XRN,Yulin
BD4VHJ,xuzhou
BD3OVN,CangZhou
BG7RYD,Xingning District  Nanning  Guangxi Zhuang Autonomous Region
BG4FGG,Shanghai
BD4VHL,TaiErZhuang
BG6SQV,Wuhan
BG3AE,Tianjin
BG6WZW,huangshi
BD4VGL,SuiNing
BD4VHF,XuZhou
BG7QBZ,Liuzhou
BG6HLE,HEFEI
BI1FEN,
BG6TAM,Wuhan
BI1LQG,Beijing
BG6QHC,wuhan
BI4SPR,XuZhou
BG6QJP,Wuhan
BG9GWF,Zhangye
BG3LTT,None
BG6IJE,xinyang
BG5CAQ,Haishu District   Ningbo City  Zhejiang Province
BA7LOG,Dongguan
BH9FPK,Baoji
BH7OVF,Dong Guan  Guang Dong Province
BA7MAY,Guangzou
BH9AHA,HanZhong
BH4FNL,Shanghai
BD7IHA,Guangzou
BH4EXH,shanghai
BD4VFA,NAN TONG
BI4SGL,Nantong
BI6LQC,Shihe District  Xinyang Henan Province
BH1SDT,Beijing
BI6MQK,Zhengzhou
BH4PGY,Qingdao
BH3CGF,TianJin
BG4NPF,Zibo
BG6TDH,suizhou
BH2VKJ,
BI4LVW,Zibo
BA7LYS,Dongguan
BI2QWG,Shenyang
BG8AFV,china
BG6IFB,XinXiang
BG4FPL,shanghai
BH6JFM,Zheng  Zhou
BI4USV,ZHENJIANG
BI6LSZ,jiaozuo
BI1MCT,beijing pinggu
BG9PEE,Zhong Wei
BG7YVS,Haikou
BI8CQN,chengdu
BG9PEH,Zhongwei
BH4FOK,Shanghai
BG7YTH,Haikou
BG6AQY,Shang Hai
BH7MYN,
BD4TXL,Xuzhou
BD7NRQ,DongGuan
BG6VQY,jingmen
BG6RLD,yichang
BD7JCG,shenzhen
BG7YAE,Qionghai
BG7XSJ,Nanning
BH4FON,Shanghai
BG2TUB,Liaoning Shenyang
BD4SMY,Jiangsu
BH4OSJ,Shandong weifang
BG2QZU,shenayng
BD4TNR,Nantong
BI6MCP,
BG4VSO,Suqian
BG2EZM,Jiamusi Heilongjiang
BH8UMY,
BH2UYJ,Shen Yang
BG7RYF,Zuhai
BA7JVD,Xiao
BH2UYR,Shen Yang
BD4SYO,
BD3PTC,Shijiaz
BI4PGZ,Jinin
BI8FZR,Mianyang
BD7KXI,Guangzhou
BH4FNN,Shanghai
BG7DVX,Lanzhou
BD4TNO,Nantong
BH9FQI,Xian
BH1HY,Bei Jing
BA7MDM,Macau
BG4LXQ,Qingdao
BG8KGL,Chongqing
BH3EYK,Tianjin
BH8UCK,Chuxiong
BI3OUK,Shijiazhuang
BG6QHT,Jingzhou
BG2LIM,
BD3PBI,
BG6VQH,Jingzhou
BG2VJ,Shenyangcity
BI1MBE,Beijing
BD4TMN,Nantong
BG6VQS,
BH2UWK,Dalian
BI4MYF,Jining
BG0CMZ,Korla
BD4TRZ,Xinghua Taizhou Jiangsu
BH3EYY,Tianjin
BH4FHF,Shanghai  P R China
BG5CSS,
BI7IQ,
BI4PNJ,
BD4VDA,Nanjing
BH8AWW,Chengdu
BD3PGY,Shijiazhuang
BG0CXZ,China
BA7MCG,
BG6QXY,
BG6QBW,
BG2EJG,Qiqihar
BD4VFD,Nanton
BH2UQO,Shenyang
BA7MDU,Shenzhen
BH7QP,Guangxi Baise
BG3DCD,Tian Jin
BG7LAR,Zhuhai
BI1BDS,Beijing
BD7IMB,Lufeng City  Shanwei City  Guangdong Province
BA7MDX,Shenzhen
BA7MDS,Shenzhen
BG4VZC,Suqian City Jiangsu
BA7MDQ,Shenzhen
BD2IAQ,Shuangliao City  Jilin Province  P R China
BA7MDW,Shenzhen
BH9FPT,Xi An
BI4KYZ,Jinan
BG6TMB,
BG2LKQ,Jilin City
BG6QHZ,Wuhan
BH6NTK,Zhengzhou
BG6TFK,Wuhan
BG6QDC,
BA7MDV,Shenzhen
BI8DPC,Chengdu
BG5ABZ,Hangzhou
BA7LUT,Maoming
BG5UXN,Wu Yi Shang
BG9HKP,Lanzhou
BD3OWG,Handan
BH4FND,Shanghai
BI4NAC,Jining
BD4TXQ,Sihong
BH4TSH,Shijiazhuang
BD4UEE,Taizhou
BG6TBJ,
BA7MFV,Shenzhen
BA7MEV,Shenzhen
BA7MET,Shenzhen
BI7PFD,ShenZhen
BD3TE,Tianjin
BG4IOT,Qingdao
BA7MGO,Jieyang
BG8AUW,Chengdu
BG6TDN,Wuhan
BA7MGK,Shenzhen
BG8AVC,Chengdu Sichuan
BG6TFD,Wuhan
BA7MDY,Shenzhen
BH3QIY,He Bei Sheng 
BH4FOY,Shanghai
BD4THL,Zhenjiang
BG2FCD,Haerbin
BD3PBJ,Baoding
BA7MGC,Shenzhen
BG2VPH,Shenyang
BG6TGB,
BG6SJK,
BI6NAF,
BH3ESY,None
BH7ALE,Hu Nan
BH4FMK,Shanghai
BG0BCM,Urumqi
BD4ULF,Shanghai
BA7LVG,Guangzhou City  Guangdong Province
BA7MGF,Shenzhen
BA6HT,Hefei
BI4OMF,Heze
BH9FXK,Shaanxi
BD4VGS,Peixian
BH8VVD,Chendu
BG8IPK,Chongqing
BD3MRV,Tangshan
BH2QFE,Da Lian
BG2BHC,Harbin
BG8JLK,Chongqing
BI3VVC,Tai Yuan
BG6MGD,Zhengzhou
BD4THK,Zhenjiang
BG5FZG,Zhoushan Zhejiang
BH7JHU,
BI7OOY,Dong Guang
BH3SMO,Tai Yuan
BI4UTP,Zhenjiang
BH3GJK,Hohhot
BD7OTO,Zhuhai
BH2QKN,Shengyang
BH2VLM,Shenyang
BH4FMC,Shanghai
BH4EUM,Shanghai
BA7MFM,Shenzhen
BG3QND,Shijiazhuang
BI4VKR,Suzhou Jiangsu
BD4CRN,New Pudong District Shanghai P R China
BH4FNO,
BH4ENW,Shanghai
BG7IPB,Tianhe District  Guangzhou  Guangdong 
BH3GJT,Hohhot
BH3GJJ,Tongliao
BD4ITM,
BG3CAU,Tianjin
BG1UW,Beijing
BH1MVW,Beijing
BG3KWU,Baotou
BH1FWP,Beijing
BH3GKO,Baotou
BH3GKG,Baotou
BI1KHD,Beijing
BG2IES,Jilin City
BG2VRN,Liaoyang
BG2DGR,Harbin
BG2EBT,Harbin
BH7EKG,Changsha
BA7MHO,Guangzhou
BG1ESR,Beijing
BH2VGO,Liaoning
BG6XHB,Xiangyang
BI4OWL,
BI7IZH,None
BI7IEI,None
BH3GJA,
BH2VOD,Shenyang
BY2HIT,Harbin  Heilongjiang Prov 
BG2LBV,Jilin City
BG9ITL,Qingyang
BD3OWK,Handan
BG2EYU,Harbin
BH3DBA,Tianjin
BG7XSZ,Nanning
BG2DHZ,Daqing
BG4MVB,Rongcheng City  Shandong Province
BG5GFU,Ningbo
BG5HNP,Hangzhou Zhejiang China
BG5HQV,Hangzhou
BG5GLG,Ningbo
BG7LCW,
BA7MEK,Shenzhen City
BG5CJO,Cixi Zhejiang 
BG4LZZ,Zibo Shandong China
BD4THC,Zhen Jiang
BA7MHZ,Guangdong Qingyuan
BH4WHA,Nanjing  Jiangsu
BG5GNB,Ningbozhejiang
BH4FLT,Shanghai
BH2VHP,Shenyang
BG6QLP,Wuhan
BG6QBX,Huanggang
BA7LMV,Jiangmen
BD4UGR,
BG5CTD,Ningbo
BD4UHJ,
BG0DHX,Korla
BI7PPI,Shanwei
BD4VHW,
BG2VH,Ningbo
BD4UHM,
BG6TES,Wuhan
BI1MYS,China
BI4MPH,Yantai
BH3EZO,Tianjin
BI4UBN,Nangtong
BH4FPS,Shanghai
BG6THN,Wuhan
BI4KWV,Jinan
BI1FCP,Bei Jing
BI1MHA,Beijing
BH1DXG,Beijing
BI1MGQ,China
BD7LAR,Pengjiang District Jiangmen Guangdong Province 
BH1KTL,
BH7FFR,Changsha
BA7LCE,Guangzhou
BG5GLD,Ningbo
BG5FZC,Zhe Jiang
BD8ACI,Sichuan
BG6TCP,Wuhan
BG5UEZ,Zhangzhou City Fuji
BG5TLT,Quanzhou
BG5TLT,Quanzhou
BG5TRH,Quanzhou
BG6HYT,Chixi
BG5CNL,Ningbo
BG5CHI,Ningbo
BG2KPY,None
BG5HHP,Hangzhou
BG5CPW,Ningbo
BG5CNT,Ningbo
BG5CQZ,Ningbo
BG5ILX,Nanchang
BG5HVP,Hangzhou
BG5HWL,Hangzhou
BG5HME,Hangzhou
BD5HXL,HangzhouZhejiang
BG5CPW,Ningbo
BG5DDO,Shaoxing
BG5HXE,Hangzhou
BG5DKG,Jinhua
BA5AC,Hangzhou
BD4ULL,Su Zhou
BG5CAW,Ningbo
BG7FEG,
BG5DDY,Shaoxing
BG5DDO,Shaoxing
BG5DDY,Shaoxing
BH5HDA,Hangzhou
BH5HFK,Hangzhou
BH5HFK,Hangzhou
BG2FCS,Suihua
BG5DDM,Wenzhou
BG5COM,Ningbo
BG5DWV,Yiwu
BG5HRD,Hangzhou
BG2JDN,Jilin City
BH5HDJ,Hangzhou
BG5CHG,Yuyao
BH5HAN,Hangzhou
BH5HDR,Hangzhou
BG5HGM,Hangzhou
BG5WEM,Fujianlongyanwuping
BH5HGL,Hangzhou
BG5HDB,Hangzhou
BH5HAX,Hangzhou
BG5FPH,Taizhou
BH5HGK,Hangzhou
BA8AHS,Chengdushi
BH5BPD,Wenzhou
BG5HFX,Hangzhou
BG5HHV,Hangzhou
BD5DNA,Dong Yang City Zhej
BG5ENF,Jiaxing
BH7JKP,Dongguan
BG5FPH,Taizhou
BH5HAR,Lhangzhou
BH5HEH,Hang Zhou
BG5DVX,Yiwu
BG5DYZ,Hangzhou
BG5HRC,Hangzhou
BI1LKR,Beijing 
BG5UER,Fuzhou
BH5HDJ,Hangzhou
BG5DNH,Lanxi Cityzhejiang
BG5HOL,Hangzhou
BG5HOL,Hangzhou
BH1MPS,Yantai City  Shandong Province
BG5HIE,Hangzhou Zhejiang
BG5HIE,Hangzhou Zhejiang
BD3OXQ,He Bei Sheng 
BH5TQ,Fuzhou
BG5QAR,Fuzhou
BH8FPN,Chengdu
BG5EFD,
BG5DLQ,Jin Hua
BH2SVS,Shenyang
BG5DZH,Dongyang
BG5TWC,Xiamen
BI1MBQ,Beijing
BG5TWC,Xiamen
BG5UFH,Xiamen
BH4ECT,Shanghai
BI1LMT,
BG5CHL,Yuyao
BH4FPW,Shanghai
BG5UER,Fuzhou
BG5HGR,Hangzhou City
BH5BPL,Wenzhou
BG5CRP,Yuyao
BG5CCL,Yuyao
BG5BRG,Wenzhou
BH5HZJ,Hangzhou
BG5UOR,Fuzhou
BH3EZK,Tian Jin
BG5EOP,Zhe JiaNg SheNg P
BG5FPX,Taizhou
BH3GJS,Baotou City  Inner Mongolia Province
BG5UBZ,Siming District Xia
BG5DXB,Yiwu
BG5FAN,Tianjin Tianjin
BI4OOA,Qingdao
BG5IMP,
BH5HZZ,Hangzhou Zhejiang P
BH5HZZ,Hangzhou Zhejiang P
BH6AMA,Huainan
BH6AMW,Huainan
BH5FAE,Tian Tai Xian
BH5FAE,Tian Tai Xian
BH5HIE,Jiaxing
BI6MQL,Zhengzhou
BH5HIE,Jiaxing
BI4NAM,Jining
BA7LFN,Shenzhen
BG4IKR,Zhangdian District Zibo City  Shandong Prov
BH3ECW,Ianjin
BH3GJM,Huhhot
BG5UON,Fuzhou
BH4DGF,Haining
BD5TAD,Zhangzhou City Fujia
BG5DDP,Shaoxin
BG5DDP,Shaoxin
BD7MXM,Hunan
BD4MN,Liyi  Shandong    
BI4NPP,Jinan
BG5CPP,Ningbo
BH9FYX,Xian
BG8AHN,Mianyang
BG8ANF,Yanbianxian
BH1UEL,Beijing
BG5UHU,Zhangzhou Fujian Ch
BD5TAD,Zhangzhou City Fujia
BH9DNU,Xian
BI1CQI,Cd
BG5UPH,Fuzhou
BG5UPH,Fuzhou
BG5TZR,Fuzhou
BG5TSA,Nanping China
BG5TSA,Nanping China
BI4PWN,Taian
BH3UVJ,Yuncheng
BI4PUM,Taian
BG5UGW,Nanping China
BG5UGW,Nanping China
BG7RLY,Liuzhou  Guangxi Zhuang Autonomous Region
BH5EAW,Haining
BI4IGZ,Tai An
BG5TWO,Fuzhou
BG3LQL,Hohhot
BH5TQ,Fuzhou
BG5UBC,Quanzhou
BG5HHC,Hangzhou
BG5QTF,Fuzhou
BG4UOI,Nantong
BG5DAT,Shaoxing
BG5UBK,Fuzhou
BI4VXX,Jiangsu
BD6BKV,Wuhu
BI4VTY,Tongzhou District  Nantong City Jiangsu Province
BG0CHO,Urumqi
BH2VPS,
BG5CKS,Yinzhou District Ningbo City Zhe Jiang Province
BD4RYW,Yangzhou
BI4IHA,Ji Ning
BI6MWQ,Henanshengzhengzhou
BH2VON,Shenyang
BI1ERZ,Beijing
BG2ILT,Jilin City
BH2VHS,Dalian
BI4IHS,
BI4ALZ,Shi
BH3GFE,HOHHOT
BI1JAJ,Beijing
BA7MJP,Guanghzou
BG4SGF,Suzhou
BA7LUI,Guangzhou
BG3IGC,
BI4IHT,Ji Nan
BI9BA,Xianyang
BG1IDI,Beijing
BA7MHX,Shenzhen
BH7BQO,Chang De
BI9AN,Xianyang
BG9HTQ,Lanzhou
BG0BVQ,Urumqi
BG6UJS,China
BG0DKV,Urumqi
BD4UMB,Nan Jin
BG4MFX,Sd
BG2ATH,Daqing
BG8KCX,Chongqing
BG1QNR,Beijing
BD4VEY,Nan Tong
BD4SWP,Nanjing
BG0BNN,Urumqi
BH2VQS,Liaoning
BG0DLA,
BH8VMA,Qujin
BH2VPQ,Dalian
BD7LTT,Foshan
BG6HHH,Hefei
BG5DBV,Hangzhou
BA7LUF,Guangzhou
BH6JDZ,Zhengzhou
BH2VOM,Shenyang
BG5HMY,Hangzhou
BD3TJ,Tianjin
BH1SZV,Beijing
BD4VFF,Nantong
BD4TML,Nantong
BI4RGJ,Suzhou
BD4VIG,Wuxi
BH8UJH,Kunming
BD3PFI,Cangzhou
BG6HOM,Hefei Anhui
BG2CLE,Harbin
BD4TZH,Suzhou
BI1NGN,Beijing
BD4WO,Nanjing Jiangsu
BG2CQO,Harbin
BG7QBQ,Nanning
BD4ULQ,Suzhou
BG6HOE,Hefei
BH5EIG,Jiaxing
BH3OG,Cangzhou
BG6HOK,Hefei
BI1NIY,Beijing
BA3MMU,Beijing
BI4PSJ,Linyi
BG6UKS,yichang
BD4SXY,Nanjing
BG4USS,Nantong City Jiangsu Province
BG5ABY,Hangzhou
BG0DGD,Shihezi
BH4DZN,Shanghai
BG5VCK,Sanming
BG5VBV,Fuqing
BD4VIB,Wuxi
BD4TID,Zhenjiang
BD9MW,Yinchuan
BH5HAT,Hangzhou
BG3KIR,None
BD4VKM,Yangzhou
BD4VFC,
BG2EIS,Harbin
BH4FHN,Shanghai
BH2VQW,Shenyang
BD4QLB,Taizhou
BH4QLF,Suzhou
BH3VZA,Datong
BI4ROF,Yan Cheng
BD4VOJ,Suzhou
BG6UHP,Yichang
BG5AEL,Hangzhou
BD4TNQ,Shanghai
BD4TOB,Nantong
BH1BKF,Beijing
BH4FRE,Shanghai
BH2RGS,liaoning fushun
BD4UMU,Nanjing
BD4RGH,Nantongshi
BI4WOF,Nanjing
BD4RGK,Nantongshi
BD3OIT,Hebei
BG5FLJ,Taizhou
BH4KQJ,Yinan County  Linyi City  Shandong Province
BG6AJ,Hefei
BG4HUL,Xuhui District Shanghai
BG2LAB,Changchun
BI4NNE,Jinan
BD4ULO,Suzhou
BG2EAG,Qiqihar
BH4FFD,Shanghai
BD3OYD,Xingtai
BD4RVE,nantong
BH8AEA,Chengdu  Sichuan 
BA7MME,Guangdong Guangzhou
BD4VNU,
BG2DSH,Harbin
BD4STZ,Nanjing
BG0DLQ,Korla
BG2DZL,Qiqihar
BH4VKN,Xuzhou
BG8AFR,Chengdu
BG6JCJ,zhegnzhou
BG2DVV,Qiqihaer
BD4RHR,Nantong
BG2EYK,Qiqihar
BD4UKL,Shanghai
BG5FGC,Taizhou
BD4UGN,Wuxi
BG5FMT,Taizhou
BI1NIZ,Beijing
BD4NYE,Nantongshi
BG3IKF,Xilinhot
BG6SGL,Wuhan
BI3AO,Tian Jin
BG2DKP,Qiqihar
BG8LAK,chongqing
BI4ILQ,Jinan
BD2REV,liaoyang
BI1NHQ,Beijing
BG0BHU,Korla
BD9AAC,
BI4QXQ,None
BG3LHQ,
BG9IEB,Lanzhou
BD4UNP,Nanjing
BI1NIA,None
BH2UUL,Shenyang
BI4PSA,Lin Yi
BG5VCU,Fuzhou
BH1STT,Beijing
BH1UVH,Beijing
BH2TIF,
BG9ACP,Baoji
BH1GMJ,BEIJING
BG5VBW,Fuzhou
BI1NIF,Fengtai Beijing
BI1NKY,
BG9CKZ,BAO JI
BG9ATL,SHANXI BAOJI
BI1GYF,beijing
BD6QCF,Wuhan
BH4FQH,Shanghai
BG7XYE,
BG2DSC,
BH2UBF,Liaoyang
BI1LOD,BEIJING
BG7DVB,Yueyang
BG1AFG,beijing
BI1NHY,Beijing
BH7AFK,MiLuo city
BH2UQR,liaoyang
BG2QEL,Shenyang
BI1NAV,
BH8CGG,Chengdu City
BH2LVK,
BH8AVC,Chengdu
BG4ILX,
BG2CH,Shyashan
BI7IZB,Shenzhen
BH7FMR,
BG6SFA,Wuhan
BI1NHI,Beijing
BG5CIF,Ningbo
BI6NAC,Zhengzhou
BH4BMA,ShangHai
BI1NKM,Beijing
BH1JXY,Bei Jing
BI6LTO,Nanyang
BH9FPP,
BG6SPO,Wuhan
BI1MBQ,Beijing
BH3EWN,Tianjin Binhai New Area Zhongxin Ecological City
BG8APV,Chengdu
BH9BVI,Shan Xi Sheng Baojishi
BH6NOU,Ny
BG1ECC,Beijing
BG2CWH,
BA7LCN,ShenZhen
BG2BG,shuangyashanshi
BD4UMZ,Nanjing
BG5AGQ,Hangzhou
BH4PDU,Qingzhou
BG7ENA,Changsha
BH3EXK,tian jin
BG4JHI,Jinan
BH4FTP,Shanghai
BD4VFT,
BG2FCT,
BI4JEB,Rizhao
BI4IMC,WeiHai
BG9OZI,Yinchan
BD7MRG,guangdong
BH2VLK,
BH9FXT,xian
BG6SPV,honghushi
BI1GM,beijing
BH7ESZ,None
BG7TJX,QinZhou
BG4MDO,Jinan
BD8AIJ,Chengdu
BG6DCJ,Hefei
BG5AGS,hangzhou 
BI4NHQ,weihai
BI4JAW,DONGYING
BG6ULQ,wuhan
BI1LUQ,beijing
BD7ORP,hui zhou
BI3QFV,tangshan
BG5AGK,Hangzhou
BG9ATZ,xian
BH4PEN,Qingdao
BH1UYV,
BH6KJD,Zhengzhou
BI4IJN,
BH4FUO,SHANGHAI
BI4IZS,dongying
BI1FLL,BEIJING
BG2EZQ,JIAMUSI
BD3OGH,Cangzhou
BD8AJL,Chengdu
BG3EI,Tian Jin
BI3QBJ,Tangshan City
BD8AGK,Chendu
BH3FAL,Tianjin
BG2DKQ,Qiqihar
BG2CVY,
BG6HJZ,
BI6LMG,Xinxiang
BI6MYV,Xinxiang
BG0DLR,bole
BI1LZT,Bei Jing
BH4PEB,Qingdao City
BG1EPX,Beijing
BD4RXO,Zhenjiang
BI1JAO,Beijing
BH4PEU,china
BH3FFA,Tian Jin
BH4STZ,Suzhou
BI4JGQ,Zibo
BG7YPU,sanya
BG3QFC,
BG0DMM,Wulumuqi
BA6KC,Henan Province 
BG2BOA,
BG5AGD,Hangzhou 
BH8AGX,Chengdu
BG5AGH,Hangzhou 
BG2DRX,
BG4BTT,ShangHai
BG3PBS,
BI1MJD,Bei Jing
BG7QEG,Liuzhou
BH3DXL,TianJin
BH8DBQ,ChengDu
BI8CSF,ChengDu
BG6UFF,xianning
BH4BHD,Shanghai
BI4LLD,Qingdao
BI4KXX,
BH4PGD,QINGDAO
BD4UZR,
BA7JMO,Shenzhen Guangdong Provice
BG3TFK,Taiyuan
BH1MCT,Beijing
BG6BJY,Huainan
BG2EQM,Suifenhe
BI1BYC,China
BD3CT,Hedong District Tianjin
BA7LKV,
BI4JJK,Zibo
BG2VDA,Shenyang
BH3VBF,taiyuan
BD4SQK,Suzhou
BD8AGD,Chengdu
BI4JNV,
BH3SMZ,Taiyuan
BG9FBZ,Xian
BD8AIW,
BI1FCE,Beijing
BH8EFZ,
BH2TYU,
BG5AGW,Huzhoi
BG9GQW,China
BA7MFB,Shenzhen
BG6SLD,Xianning
BH8DRH,Sichuan
BG6UEO,Wuhan
BG3PKI,
BH4PBU,Qing Dao
BG8SOH,Kunming
BI7NQU,Shenzhen
BH3GIT,Erdos
BD3OKV,Tangshan
BH6NOV,Nanyang
BG6HPA,Hefei
BG8SQZ,kunming
BG4NEO,Taian
BH4WDI,
BG2DMB,Yichun
BG4MID,Taian
BG7VKS,
BH2UVE,Liaoyang
BG7ERQ,Yueyang
BH4PEG,
BI1GKN,Beijing
BG2UTD,Shenyang
BA7LTL,Meizhou
BH2VSQ,Shenhe District  Shenyang City  Liaoning Province
BG6HWP,Huaibei
BG9HMS,lanzhou
BH3MQE,Tangshan City
BH8AUY,Chengdu
BI4KKY,Linyi City
BI6LWV,Zhengzhou
BG2UDJ,Shenyang
BG2TFW,Shenyang
BH7FHQ,
BI6LZU,Zhengzhou
BI8ERN,Chengdu
BI1JKF,Beijing
BH7ITT,Zhongshan Guang Dong Provin
BD4UMR,China
BI1CAF,Fengtai
BI4KKU,
BH3GLI,xingan
BG0DKW,Wulumuqi
BH7EDP,Shaoyang City
BG3BRI,Tianjin
BD8NC,Gui Yang
BH8PYR,Gui Yang
BH8QFK,Gui Yang
BH8QDD,Gui Yang
BH8PZH,Gui Yang
BG1LLW,Bj
BI4JIW,Zibo
BH4KUR,Rizhao
BG0CHM,Wulumuqi
BD2SXO,Liao Yang
BD2RPP,Liaoyang
BI4JMO,Yantai
BI6LZM,Erqi District  Zhengzhou  Henan Province  China
BG4XSG,Nanjing
BD3OMC,Tangshan
BH8UBH,Yunnan Honghe
BI4KRY,Linyi
BI8AJL,Chengdu
BH6ICM,Zhengzhou Henan
BA7LWO,Shenzhen
BD3PFG,Cangzhou
BI4PTY,Jinan
BH3FGK,Tianjin
BI4KRQ,
BI4KRK,Shandong
BH1FKD,Bei Jing
BI4IKO,Qingdao
BG0BBH,boertaiamengguzizhzhou
BD3NWP,Cangzhou
BH8QCM,Guiyang Guizhou
BG2FDJ,Heilongjiang Province  Xicheng Town  Keshan County 
BH1KOD,Beijing
BH8QAG,Gui Yang
BI1HMP,Beijing
BD3NVY,Cangzhou City
BG7KXS,chaozhou
BI1KOR,Beijing
BH2VLJ,Shenyang Liaoning
BI1ATO,None
BG2LJF,Siping
BG7ESR,YueYang
BA8AQS,Yaan
BG1WUD,Beijing
BI4IZC,Dong Ying
BD3OVR,China
BD4VHZ,Wuxi
BH1ANH,Beijing
BH8UNR,Zhaotiong
BD3NJY,Tangshan City
BH7JOA,Dg
BG6IFN,Kaifeng
BH8QEJ,Guiyang
BH9FTJ,Shanxi
BG7THM,Hangzhou
BI6LWM,Zhengzhou 
BH3FGV,Tianjin
BD7OEZ,Guangzhou
BH9FXP,Xi An
BD3NUK,Yutian
BG6QET,
BG2DPP,Qiqihar
BG2DXT,qiqihar
BG9EAH,
BG5AGE,Hangzhou capital city of Zhejiang Province
BA7MIV,Guangzhou
BH7OFD,Goang Zhou
BG9FSU,Baoji
BI3UUE,Taiyuan
BG5ADT,HangZhou
BA7JTP,Foshan
BI4IIB,Jinan
BG1RHF,Beijing
BH2UNW,Liaoyang
BI1NAP,Beijing Fang Shan Qu
BH3FGY,Tian Jin
BI4IZU,Jinan
BA7MPP,Dongguan
BI1NJC,Beijing
BH8QES,GUIZHOU
BI1MBC,Beijing
BI1FJR,Beijing
BD8ALF,YA
BH4UQH,Nantong
BH1WYX,Fangshanqu
BG5ADW,Hangzhou
BI3NWJ,Tangshan City
BI8FYG,
BH3NAG,Zhangjiakou
BH2UMV,
BH3FDG,Tianjin
BA7LVI,Guangdong
BH5HVK,Hangzhou 
BA7MNJ,Shenzhen
BH2VVJ,Shenyang
BA7MNI,Zhaoqing
BG2EDK,
BI3TBC,Jinzhong
BH4TEO,Jiangyin Jiangsu
BI7NMZ,
BG6DLM,Hefei
BH1IZQ,Beijing
BG4IPF,Weifang
BG2XGU,Da Lian
BA7LLU,Canton
BG4UCH,Nantong
BH4UOH,Nan Tong
BG2TAA,Liaoning
BG7NF,Guangzhou
BG7XTU,Nanning  Guangxi Zhuang Autonomous Region
BG6JDT,Zhengzhou City
BH1DEG,Bei Jing
BG4UVP,Nan Tong
BH7EXB,Yueyang
BA7MJC,Guangzhou
BH2RAX,Shenyang Liaoning
BG8AMM,
BI4JFQ,Zibo
BG6QDV,Wuhan
BA7JZT,Guangzhou
BG7XPX,Nanning
BA7MJK,Guangzhou
BG6CBA,Bengbu
BH2VHL,Dan Dong
BG0DND,Tachen
BI8BKX,Leshan
BG8PM,Gui Yang
BH7DWF,Changsha
BD3ORM,Qinhuangdao
BG9XI,Xining
BD3MEM,Shijiazhuang
BI4NHE,Weihai Shandong
BI4MBC,Ji Nan City Shan Dong Province
BA7LLO,Shenzhen
BD4UJT,Su Zhou
BG4XIL,Nanjing
BD4VNW,Su Zhou
BG6UMB,Wuhan
BG5DPA,Yiwu  Zhejiang  China
BD4QGD,Zhen Jiang
BH4FTR,Shanghai
BD5IK,Longnanxian Jiangxi
BD4QYN,None
BG6WZY,Wuhan
BG5AIH,Zhejiang Huzhou
BG0DPF,Wenquanxian
BG0DPE,Urumqi
BI3WHA,Taiyuan City  Shanxi Province
BG4URK,Nontong
BA7LUR,Guangzhou
BI4JFZ,
BD8AME,Chengdu
BG4UZZ,Nan Tong
BI6MTT,Zhengzhou
BI4LUI,
BI6MOO,Henan Zhengzhou
BG9DUS,Xian
BI4TGJ,Changzhou
BI1MKF,Beijing
BG4UOJ,Nantong
BH2USU,Liao Ning
BG4UVH,Nontong
BI4VUP,None
BG5AHH,
BH8TXK,Chuxiong
BD4VML,Changzhou
BI4OWK,Weifang
BH4URK,Nontong
BG5ABV,
BH4FMY,
BH2UWP,Shenyang
BI1KBH,Beijing
BH4ETT,Shanghai
VR2XZL,Hong Kong
BH9FMC,Baoji
BD9LJ,Gansu
BG0BEC,Akto County 
BI4WVA,Jiangyin
BD4UAK,Yangzhou
BG7DVE,Yueyang
BG8CPF,Chengdu  Sichuan  China
BH6AQE,Tianchang City  Chuzhou City  Anhui Province 
BG0DSC,Hami
BH8DNK,Chengdu
BI6OMU,Nanyang
BD4RZD,Yangzhou
BI1NLM,Beijing
BI1NLQ,Beijing 
BI6NEN,Nanyang
BI8BCI,CHENGDU
BI6NEU,Nanyang
BH4USA,Nantong
BG8IHX,
BI1NJK,Beijing
BG2VIF,Dalian
BG2DLU,Qiqihaer
BG6IKO,Pingdingshan
BI6OMS,Nanyang
BI8ESL,Chengdu
BH1QAX,Bei Jing
BI4UBI,Nan Tong
BG2EUC,Shen Yang
BG7TUK,Nanning
BA7LEK,Zhuhai Guang Dong
BI7NTC,Zhongshan
BH5HBS,Hangzhou
BI3MVG,Tangshan
BD4QWS,Changzhou
BD4UAF,Taizhou
BG3NTN,Tangshan
BG6KZS,Zhengzhou
BH6OXV,Jiu Long
BD8AQG,Chengdu Sichuan
BG2CSB,Harbin
BG4QP,None
BI1MEU,Beijing
BG5ADV,Hangzhou
BI4ILR,Ji Nan
BH5HBX,Hangzhou
BG7DVH,Yueyang
BG1HIF,Mi Yun
BG6TST,Jingzhou  Hubei
BG9IUP,Lanzhou
BI1IJP,Beijing
BG6SHP,Wuhan
BD8ALJ,Mianyang  Sichuan
BD7MQV,Dong Guan
BG4PAC,Jinan
BG2EFM,He Er Bin
BI8ABO,
BH1TRI,
BH2VQF,Shenyang
BG9IQA,LanZhou
BI4WMQ,Nanjing
BH2UWA,
BI1JKD,Beijing
BH2SDZ,
BH3SCD,TaiYuan
BG6QED,Wuhan
BI3NAU,
BG4TC,huaian
BH5EAC,jiaxing
BD7ITF,Gz
BH4EPD,Shanghai
BG2DQX,Haerbin
BG4QQ,Huaian
BG3NYA,Tangshan
BI1KWM,Beijing
BI1MEG,Beijing
BD4VXU,taizhou
BD4UZC,Changzhou
BI3QIW,TangShan
BG5URX,Fuzhou
BA4TGZ,Nanjing
BI6NHT,xinyang
BD8ACZ,Chengdu City
BH8DKD,Qingyang District  ChengDu 
BG5EHV,jiaxing
BI1NIM,Beijing
BG2QXO,FUQING
BI6NFE,Xin Yang
BH8FEK,Chengdu
BG2FFG,Ji Xi
BI1IJK,Beijing
BI1FRB,Bei Jing
BI9DO,Shanxi
BH1JRM,
BH6IVL,City 
BG0DRI,Urumqi
BG7XQ,nanning
BG2EZF,daqing heilongjiang
BG6IIM,xxs
BG6UBD,
BI4MGW,ZaoZhuang
BH4CTD,shanghai
BG6UEK,Xinnin
BI3OKE,tangshan
BI3MXY,
BH8UON,Kunming
BI3MZC,
BG6IFL,Xinxiang
VR2WZD,Yuen Long  Hong Kong
BI1MPB,Bei Jing
BI6MZH,
BI6LWG,Zhengzhou
BI6MOU,Zhengzhou
BG4VSC,Huaian
BI1MNU,Beijing
BG5FHB,Taizhou
BH4EWE,Shanghai
BG2VAK,Zhanggong District  Ganzhou City  Jiangxi Province 
BG5CJT,Ning Bo
BH1NMP,Beijing
BH1UOP,Beijing
BH8UPH,Kunming
BA3EX,Tianjin
BI6NCF,
BI3SEP,Beijing
BI6MOQ,Henan
BG7TTI,Guilin
BH3EVC,tianjin
BH7GBD,Shaoyang
BA7MPR,guangzhoucity
BH4PEA,QingDao
BH6POF,zheng zhou
BG6BHD,Bengshan District  Bengbu City  Anhui Province
BG5GTM,Ningbo
BH1OBG,Beijing
BD4ULB,Suzhou
BG3IAY,Baotou City  Inner Mongolia
BG4FWH,shanghai
BG8AOI,Chengdu
BG3GBZ,
BG3INH,BAOTOU CITY
BG3GRU,Donghe District BAOTOU CITY  NEIMENGGU
BI4MGI,tengzhou
BH3QWD,
BI6OIZ,henan  xinxiang
BD3GNI,Inner Monglia
BG8DGO,Chhengdu
BG0AYT,Urumqi
BG3IPT,Qingshan District  Baotou City  Inner Mongolia 
BH8UOW,Kunming
BH8UOU,Kunming
BH8UOV,Kun Ming
BG2COL,Harbin
BH4SXG,
BI8BWV,Chengdu
BG1FGA,Beijing
BI4MMM,Jinan
BG6POZ,Xinxiang
BI6MFT,Zhengzhou
BD4SQF,Suzhou
BI1GDD,Beijing
BG7TYD,Guilin
BH1MNS,Beijing
BG4URH,Nantong Jiangsu
BG6POY,xinxiang
BG2KZX,JiLi
BI7IGO,china
BG1AGW,beijing
BD3OVA,Hebei
BG6HMP,Hefei
BD6OC,Jiaozuo City Henan Province
BD3PAW,
BI4PUO,Tai An
BI6MOS,Zhengzhou
BI1FJK,Beijing
BG5BDT,Taizhou
BI8CLL,Chengdu
BG0DWC,Urumqi
BG2FGQ,Harbin
BI4IQY,Zaozhuang
BI1HBG,Bj
BG7SGU,Guilin
BG3KKZ,Baotou City  the Inner Mongolia Autonomous Region
BA5RX,Fuzhou Fujian
BG4GHL,Shanghai
BH4FPE,shanghai
BG2QLL,Dalian
BG7CCO,Zhuzhou
BG3GFI,Kun District Baotou City  Inner Mongolia   China
BI1JCV,Beijing
BH7KUD,Shenzhen
BH4QLR,Meishan
BI1LRN,Beijing
BG5VCA,Fuzhou
BG5UXH,Fuzhou
BH1OAJ,None
BI8END,Cheng Du
BI4INC,Tengzhou City
BH3GMR,HAILAER
BG7YQQ,Hai Kou
BH3VYB,Shanxidatong
BI9ABM,Xian
BD4UZA,Jiangsu Changzhou
BG7YYK,Hai Kou
BD4TYZ,Js
BH3ATI,Baodi
BI4ICW,Linyi
BA7MQA,Guangdong
BD4BTB,Shanghai China
BH3FIQ,Tian Jin
BG5VDI,Jianou City
BD7KBH,Nanshan Dist Shenzhen
BH2VVW,Shenyang
BH3FLL,Tianjin
BI4IWN,Jinan
BD4XJW,Nantong
BG3QLX,shijiazhuang Hebei
BI8CWR,Chengdu
BG7YLS,Hainan
BI6OPT,
BH6AWY,Lu An
BH3GGB,Chifeng
BG9IVV,Lanzhou
BG4STP,Nanjing
VR2WYD,Hong Kong
BI3MOO,
BG2ELF,Qiqihaer
BD8ARC,Nanchong Sichuan
BG2DJH,IQIHAER
BG9ITY,Lanzhou
BG3KQJ,Chifeng
BG8SXE,Kunming
BG3JRZ,Chifeng
BG5AKG,Hangzhou
BG3LBD,Chifeng
BG3JAQ,Chifeng
BH1HWF,Beijing
BH8TKW,Kunming
BG5ALN,Shaoxing
BG5AKF,
BG5AKE,
BG9IWB,
BA7JRZ,Dong Guan
BG5AJN,???
BG5AJX,
BH3AQJ,Tianjin
BG7YRE,haikou
BH3GTT,Chifeng
BI9ABS,Xi An
BH5HLV,Hangzhou
BG7UTW,Guilin
BG2BIL,Harbin
BG7IZS,Shenzhen
BG2FFV,Harbin
BI6OJA,
BI4ITR,Teng Zhou Sandong
BG9HUS,Lanzhou
BG9IWJ,Lanzhou
BD3PDN,Shijiazhuang
BD3PGE,shijiazhuang
BG9INF,linxia
BG9GSY,Lanzhou
BG1DEX,Beijing
BD3PKI,Hengshui
BA3TD,Tian Jin
BH6BBK,
BG0DXW,Xinxing
BG5AMH,Wuyi
BD3POE,Hengshui 
BG3LOL,
BD4SUW,Jiang Ning Nan Jing
BG1LMW,Beijing
BI4IVM,Weihai
BD3POA,Hengshui
BG0CHX,Urumq
BI4KXW,Liaocheng City  Shandong Province 
BH5HXJ,China
BG0CWM,Urumqi
BH9DSS,Linwei Weinan Shaanxi
BG2KGH,Chang Chun
BA7JVL,Guangzhou
BG7SAG,Lb
BD8AQC,Chengdu Sichuan
BI1NBT,Bei Jing
BH3FND,Tianjin
BI1HBO,Beijing
BD8AZT,Cheng Du
BH8FIP,Chengdu
BH6PJL,Zhengzhou Henan
BG7XOK,Nanning
BA7MTJ,Shenzhen
BH2VWY,Dalian
BH3FPA,Baodi
BG1ENL,beijing
BG6WUH,Wuhan
BG6FIL,Wuhu CityAnhui Prov
BH6LEW,Kaifeng
BD6AXR,Hefei
BI1NAF,BeiJing
BD6QX,Laohekou
BD6QX,Laohekou
BA3MEJ,None
BG7PXO,Guangzhou
BG6EVZ,Chizhou
BH6JDR,Zhengzhou
BD4UOZ,Nanjing
BG6WNJ,Wuhan
BG6GIX,Hefei
BG6GTU,WUHU
BG6GAY,Hefei
BH6KEU,Luoyang
BG6SSL,Hu Bei
BG6WWH,Enshi
BG6GNE,Anhui
BG6TAD,Xiangcheng Xiangyang
BG6VHS,Yichang
BG6SLL,Xianning
BG6WBL,Wuhan
BG6WNJ,Wuhan
BH6IHV,Kai Feng
BG6VHR,Yichang
BG6VHB,Yichang
BG6STJ,Yichang
BG6VGZ,Yichang
BG6REY,Enshi
BG6WQX,Wuhan
BG6STI,Yichang
BG6SNJ,Yichang Hubei
BG6VXP,Enshi
BG6STU,Yichang
BG6VHJ,Yichang
BG6STB,Yichang
BG6WPU,Wuhan
BG6VHQ,Yichang Hubei
BG6SZG,Enshi
BG6SZG,Enshi
BG6SIA,Huang Shi
BG6SIA,Huang Shi
BH1TZM,Beijing
BI6IQY,Henan Xuchang
BG6QES,Wuhan
BG6SVC,Shenzhen
BG6XOU,Xiangyang
BG6TSO,Wuhan
BH2VWK,Dalian
BI4LYY,Qingdao
BG4DHM,shanghai
BG6UAZ,Wuhan
BG6TUE,Wuhan Hubei
BG6TZC,Wuhan
BG6TUE,Wuhan Hubei
BH2UKL,
BG6SFR,Wuhan
BG6TWT,Wuhan
BG6RER,Jingzhou
BG6WYX,Wuhan
BG6BSP,Maanshan
BG6WNP,Wuhan
BG6SAA,Wuhan
BG6RCY,Wuhan
BG6FEA,Anhui
BG3TYA,taiyuan
VR2ZRP,Tai Po
BG3ACG,Tianjin
BH8ASA,Chengdu
BG7YDR,Haikou
VR2ZIG,Kowloon
BG6TVT,Wuhan
BG6TYP,Wuhan
BG6OP,Luoyang
BI4JAV,Qingdao
BI4KSQ,Shandong
BG6UD,Suizhou
BD3OWT,Langfang
BG6SWA,Suizhou
BG6SWA,Suizhou
BG6SWW,Suizhou
BG6SWW,Suizhou
BG6SWM,Suizhou
BG6SWU,Suizhou
BG6VXW,Enshi
BG6SWM,Suizhou
BG6SWU,Suizhou
BG6UD,Suizhou
BH3AYQ,
BD4VFG,Nan Tong
BG6WQV,Wuhan
BG1WDC,Beijing
BD4UQD,Nanjing
BD4UQF,Nanjing
BH2VQB,None
BG6WQV,Wuhan
BD4UPO,Nanjing
BG6FXB,Chuzhou
BG6TPK,Wuhan
BI6JXZ,Zhengzhou
BG6TVZ,Wuhan
BG6SWZ,Suizhou
BG6TVZ,Wuhan
BI4MQT,Yan Tai
BG6TXF,Wuhan
BG6SAY,Suizhou
BG6SAS,Suizhou
BG6SCJ,Suizhou
BG6SDD,Suizhou
BG6SAT,Suizhou
BG6SAG,Suizhou
BG6SAW,Suizhou
BG6SAK,Suizhou
BG6SAM,Suizhou
BG6SAX,Suizhou
BG6SAP,Suizhou
BG6SAI,Suizhou
BG6SBB,Suizhou
BG6SAY,Suizhou
BH3OEM,chengde
BG6SAS,Suizhou
BG6SCJ,Suizhou
BG6SDD,Suizhou
BG6SAT,Suizhou
BG6SAW,Suizhou
BG6SAK,Suizhou
BG6SAM,Suizhou
BG6SAX,Suizhou
BG6SAP,Suizhou
BG6SAI,Suizhou
BG6SBB,Suizhou
BG6SAG,Suizhou
BG6SAN,Suizhou
BG6SAJ,Suizhou
BG6SAQ,Suizhou
BG6WNO,Wuhan
BG6STK,Xiling Street Yichang City Hubei Province
BG0DKR,
BG6OP,Luoyang
BG6UUG,Wuhan
BG6HBB,Hefei
BA7JWV,SS
BG6RCW,Wuhan
BG5ADN,HangZhou
BG6UNJ,Wuhan
BG6SMR,Jingzhou
BG6THA,Wuhan
BG6THA,Wuhan
BH8BXB,Chengdu  Sichuan
BI1FQK,Beijing
BG6WBQ,Wuhan
BG6UUB,Wuhan
BG6UNZ,Wuhan
BG6TPT,Wuhan
BG6SMA,Jingzhou
BG5AJZ,Hangzhou
BG1BOZ,beijing
BG6UUY,Wu Han Hu Bei
BG6UFZ,Yichang
BG6UNT,
BI3SK,Shanxi Transformation Comprehensive Reform Demonstration Zone
BG4VPA,Suqian
BG3QMT,None
BG6TFB,
BG6UKW,Yichang
BI3WNI,YunCheng
BG6UWF,Wuhan
BG0BMG,Urumqi
BD4VJI,Wuxi
BG5VFW,xiamen
BH4FSK,Minhang District  Shanghai City
BH2VYE,fushun
BH2VZU,fuxin
BH4FBC,shanghai
BG7TUB,Nanning City  Guangxi Province
BH4QIZ,Changzhou
BI1FSI,Beijing
BD4UPI,Nanjing
BH2VZE,fu shun
BH1ULD,BeiJing
BD4VPX,SuZhou
BH2VYF,FuShun
BG6UAQ,WUHAN
BD4RXS,zhenjiang
BD4TJT,zhenjiang
BD4TGQ,Zhenjiang
BD4TGU,Zhenjiang
BG5ALJ,Jiaxing
BG4LJJ,None
BH2VZG,Shenyang
BG5ALV,
BG4SGB,Su Zhou
BD4VPR,Suzhou
BG6HQD,Hefei
BH6BBI,Wuhu
BD8AJM,Chengdu
BI1NGM,Beijing
BG4GEP,shanghai
BG6QNG,E Zhou
BI1NMH,beijing
BG4GOE,shanghai
BH1DDU,Beijing
BG1SX,BEIJING
BG8AVY,Chengdu
BH6AWZ,Lu'An
BG8AUI,Chengdu
BG6HQK,Hefei
BH2VYJ,Shenyang
BG6TNB,Wuhan
BG9PCV,Yinchuan ningxia
BH5EIJ,Jiaxing
BI4IVE,Jinan
BH3VWM,Yangquan City  Shanxi Province
BH2VZY,
BG7XNT,Nanning
BG1AFM,China Beijing
BI1NEN,Beijing
BI4ULV,Jiangsu
BH3ALM,Tianjin
BA7LPR,shenzhen
BI1LNO,Beijing
BG6AMF,ANHUI
BI4JKY,Zibo Shandong
BH2VYP,Shenyang
BG2LLQ,JiLin siping
BH4FWB,Shanghai
BA7MUM,Zhuhai
BD4TIB,Zhenjiang
BI1NDD,Beijing
BG2DAK,Harbin
BG2LIQ,Changchun Jilin Province
BG1QGD,beijing
BG0DGH,Kashi
BG9ITI,Lan Zhou
BG8OGS,Gu
BG2CHV,Jixi
BH2WAA,DaShiQiao
BG2EWI,Beilin District  Suihua City  Heilongjiang Province 
BH4PEM,Qingdao
BI1NNB,Beijing
BD8ANS,Chengdu Sichuan
BH3PTS,Langfang
BA7MXK,Guangzhou
BA7MSG,hubeixiaogan
BG1FXO,Beijing
BI1NMT,Beijing
BH4FSC,shanghai 
BD3PHK,
BH6AQF,Tianchang Chuzhou
BG6CSK,Chuzhou
BG7QYM,China
BA7MPY,zhanjiang
BH4PPI,Qingdao
BD7MMP,Guangzhou
BH1VOF,Beijing
BG6HQA,Hefei
BG4VGZ,Xuzhou
BH2VVF,Shenyang
BG3MBQ,Cengde
BD4UGI,jiangyin
BD4TUG,Wuxi
BD4VZJ,CHANGZHOU
BG1QQT,Haidian District  Beijing  P R  Of China
BG6UZM,Shiyan
BG3EDO,Tianjin
BG7XOL,Nanning
BH3WIN,
BH3RNR,Handan
BI1KOG,beijing
BG6HRT,Hefei
BI4JYU,Linyi
BD4VID,None
BI1NDG,None
BI1NDF,Beijing
BI3WJI,Taiyuan
BH2WAN,Chaoyang
BG2LNY,Changchun
BG2LNZ,changchun
BH3UWF,Linfen
BI8CJY,
BH2WBA,Shen Yang
BH4SKP,Suzhou
BI1NGD,Beijing
BG6VGT,Wuhan
BD4UPB,Nanjing
BG3LFP,Huolinguole
BH4JXN,Jinan
BH1PGN,Beijing
BH6AQC,Chuzhou
BG9IPY,Lanzhou
BD4VPH,suzhou
BG6HSE,hefei
BH4QCB,jiangsu
BI1NEI,Beijing
BI1FVQ,Bei Jing
BG2DCM,Hlj-Jixi
BG1HCL,Beijing
BH3GOZ,
BG7EVN,Xiangtan
BG8KYU,Chongqing
BG2FKG,Yi  Chun
BG2DUX,Harbin
BH3FOM,Tianjin
BI4JTF,Jinan
BG0KM,Lhasa  Tibet 
BH2WAO,
BI1NDP,beijing
BA7MSA,SHENZHEN
BG2LAO,Changchun
BG6HXC,Huaibei
BH3ERH,Tianjin
BH3EYG,Tianjin
BA7MUX,
BH9FXY,xian
BH4THI,Wu Xi
BH4EWB,Shanghai
BI8EUZ,
BG6HQE,hefei
BG2LME,CHANGCHUN
BG2LHA,City Songyuan
BG2VVU,Shenyang
BH2RAW,
BG2LLT,Changchun
BH3EII,Tianjin 
BD7MBD,Foshan
BG7DMJ,YueYang
BA7LIX,Zhuhai
BG2FLO,Haerbin
BG2LDQ,Changchun
BG6HRB,Hefei
BH3UTR,YunCheng
BI1GIS,beijing
BH4PEP,Qingdao City  Shandong Province 
BA2VA,Panjin City  Liaoning Province
BG2EDF,Harbin
BI1NQP,Beijing
BG6HQY,Hefei
BI1FVW,Tongzhou District  Beijing 
BI1MZN,Bei Jing
BG5APW,
BG3OOS,sjz
BG6CZA,HeFei
BG6CFF,HeFei
BG3QNQ,Shijiazhuang
BD8AIA,Chengdu  Sichuan Province
BG2FJS,
BG4NMD,Zaozhuang
BG6DRU,Anqing
BG6BNP,Wuhu
BH3GOY,CHIFENGSHI
BH1RLN,Beijing
BG2LNK,jilin
BD4VPZ,Suzhou
BH8UIT,Kunming
BD4VZV,Changzhou
BH8UMD,Kunming
BI3UNO,Datong
BI1NRW,Bei Jing
BH3FOZ,Tianjin
BI3MDB,Tangshan
BG5ANH,hangzhou
BD4VMM,Changzhou jiangsu
BG4QVC,
BI1JWD,Beijing
BG6BLS,Wu Hu
BD4RWT,Changzhou jiangsu
BH3DBF,Tianjin
BG8JXZ,Chongqing
BD4TVW,Changzhou jiangsu
BG2LNV,Changchun
BI1NGG,Beijing
BG7QWY,Guilin
BH7GMM,changsha
BI4IWL,Jinan
BH3FRK,Tianjin
BG2LKR,Chang Chun City
BG2FFR,None
BA7JQY,qingyang
BI6LVJ,Zhengzhou
BG2EPR,Heilongjiang
BG6FQO,Chuzhou
BH3FQS,TIANJIN
BI1NHT,Beijing 
BI9AGM,shannxi xian
BG9BHX,Xian
BI3NCK,Shijiazhuang
BG2LQH,Chang Chun 
BG5DCP,-
BD8AJE,Yaan
BH4XQX,YanChen
BG2LCK,Siping
BD7QBG,Nanning
BH1BPS,Bei Jing
BG5APZ,Ning Bo
BD3TB,Tian Jin
BH4IL,Nanjing
BG7RQZ,None
BH3FFV,Tian Jin
BH7EIS,Changsha
BI8CJU,Cheng Du
BD8BDT,Wenjiang
BD8AJC,Chengdu
BH2WDC,Shenzhen City
BG2LCQ,Siping
BI3WIY,taiyuan
BA7MRW,Longgang District  Shenzhen  Guangdong Province 
BH6BBQ,
BI4NHU,Xuecheng District  Zaozhuang City  Shandong Province
BA7LNM,Guangzhou
BD3OIP,lang fang
BG2LAU,Changchun City  Jilin Province 
BG7DDJ,Changsha
BH3FRU,tianjin
BG6HTR,Hefei
BH3FOU,Tianjin
BG4GNW,Shanghai
BG7BUM,LouDi
BH7AJT,Changsha City Hunan Province
BH3GOL,
BG4UXU,Qidong
BD8AXT,suining
BH3FKI,tianjin
BI1NOM,Beijing
BI4IWX,Taian
BG5ESS,Jiaxin  Zhejiang 
BG4TYL,Xuxi
BH3SSN,Linfen
BG1SRQ,Beijing
BA7MSW,Shenzhen
BG2FGY,Yi  Chun
BG0CQP,yili
BG9IB,LanZhou
BD4VXI,None
BI8CQM,
BG2LQP,SongYuan
BI4KJG,
BH4LUL,linyi
BH2WAV,Shenyang
BH3GNE,CHINA
BG4NQ,
BG9DSG,Baoji Shananxi China
BD4UMV,
BG9OHP,
BH4FLO,
BG6HST,Hefei Anhui
BH4FPY,Shanghai
BD4URD,Nanjing
BG2LNA,Jilin
BD8BIE,Guangan
BD4UKY,Suzhou
BD7IDI,Guangzhou City Guangdong
BI3QIQ,
BD8BIJ,Chengdu
BH8QGG,Guiyang
BD8BIC,Ztyang
BD3POD,Hengshuishi
BD7LQK,ShenZhen
BA7MGI,shenzhen
BI1LWV,Beijing
BG3LGE,BaoTou
BG3LGF,BaoTou
BH3TZG,Linfen
BH3FRY,Tianjin
BG1NDX,Beijing
BG3OMK,shijiazhuang
BG0DLD,Urumqi
BG5AQS,
BD3OMO,BaoDing
BI1NRJ,Beijing
BH3ESG,Tinjin
BH4TNQ,Jiangyin City  Jiangsu Province
BH3FSD,HeBeiQu
BH2UYY,Shenyang
BH8FUW,Suining
BI1FRL,Mi Yun
BH1WTB,Beijing
BD4UPD,Suzhou
BI1DZJ,Beijing
BH4FYJ,Shanghai
BH2WBE,Shenyang
BH4PEX,Qingdao
BD3OJM,Shijiazhuang
BG7GC,shanghai
BG0DZQ,kelamayi
BA7MKM,Shenzhen
BD4WPQ,Nantong
BG5AUN,hangzhou
BG4ML,
BG2EUD,Shuangyashan
BG5ATH,
BH4FXR,Shanghai
BH8AGI,Suinin
BI1BLZ,Bei Jing
BG5ATY,Hangzhou
BA3TV,Tianjin
BG9IWR,
BI3MKX,HengShui
BD4WPH,nantong
BI8BFJ,Xichang
BG5AVB,Jiaxing
BD4UPH,Nanjing
BH3EMF,China
BH1HSP,Beijing
BH2VQD,anshan
BI4MQQ,YANTAI
BG4UVE,nan tong
BG8KVW,ChongQing
BH4FZM,Shanghai
BD4WPP,nam tong
BD4WPS,Nantong
BI9DN,Baoji
BD4VQH,suzhou
BD8BKS,Chengdu
BH4FZI,None
BG6TPE,Wuhan
BH4FWL,SHANGHAI
BD8BGR,Chengdu
BG5ARO,Hang zhou
BI1NEL,Beijing
BG0BMR,Wu lu mu qi
BI1FQT,BeiJing
BD4VFJ,Nantong
BG0DPT,Urumqi
BH3FDL,Tianjin
BH5ECE,Jiaxing  Zhejing Province 
BH3FGM,Tian Jing
BH7GOG,changsha
BD4VRO,
BH1NTW,beijing
BI4JKW,taian
BH4GAA,Shanghai
BH3GJX,Chifeng
BH6AEL,
BG0FNQ,None
BG7SAQ,
BH3OX,Tangshan
BH6AEJ,Bengbu
BI1OHC,Beijing
BI4KTJ,feng tai
BI1OFX,Beijing
BD8AVM,chengdu
BG5AOZ,TaiZhou
BG7YZT,HaiNan
BG7QWH,Guilin
BH3PYU,Beijing
BD4WAS,wuxi
BI1KOV,Beijing
BI1NXO,Beijing
BI4JHN,Yantai
BD4UMH,nanjing
BD4TNA,jiangsu
BH3DES,tianjin
BG8NCX,Guiyang
BH8BOQ,Chengdu
BG5TZC,None
BD4VXM,Wuxi
BD4WOT,nantong
BD4VJJ,Wuxi
BD4VJZ,Wuxi
BG6BS,heifei city anhui
BI4JBB,Jinan Shandong
BH5EDH,Jiaxing Zhejiang China
BA7MQN,Zhaoqing
BD8BFJ,chengdu
BI4VFT,Wuxi
BI1JLX,Beijing
BD8BKY,China
BI6LWL,Zhengzhou  
BH3GOJ,Bao Tou City
BH4GCD,ShangHai
BH8QGE,Guizhou
BH8QGM,Bi Jieshi
BI1NMS,Beijing
BI4MQE,Yantai
BG3PN,Thang Shan
BG5APO,zhoushan
BG6JYA,xinxiang
BH4FLX,Shanghai
BG7VSY,
BH4FWS,Shanghai 
BH4GAJ,Shanghai
BH4GBZ,Shanghai
BG2LGL,changchun
BH4GAB,Shanghai
BH4GAC,Shanghai
BH8QCF,Guiyang
BI4JHY,yantai
BH7NLD,Hui Zhou
BI6LJP,Xinxiang
BD8APG,Chengdu
BG1QA,Beijing
BG5IVL,Gan Zhou
BH3APO,Tianjin
BI1MGR,Beijing
BH3EBO,Tianjin
BG2KIO,Songyuan
BH2UOD,Chaoyang  Liaoning 
BA7MZK,Shenzhen
BA7MZP,Shenzhen
BG6OJB,Kaifeng City  Henan Province
BA7MZX,Shenzhen
BD8AIF,Chengdu
BD8BFK,Chengdu
BG4MXI,Jinan
BH4GBI,Shanghai 
BI1FTL,Beijing
BI8FYC,Chengdu
BI9AHR,Xian
BG1UBU,Beijing
BH4GBN,Shanghai
BA7MZN,Shenzhen
BH4FXQ,Shanghai
BH6LGI,lasa City xizang Province
BG8PC,Gui Yang
BI4PBV,
BG5ATV,Hangzhou
BD8AXZ,
BI1DGE,beijing
BG0ACN,kuerle 
BG6TUH,honghu
BI1LWR,BeiJing
BG1BKX,
BG6HSA,Hefei
BH6AIO,Fuyang
BG0AWZ,
BD4UPL,Nanjing
BI8FCK,Suining
BG2RGG,Shenyang
BG1IJG,
BD4VQD,Suzhou
BI1FQO,Beijing
BG2UDI,Shenyang
BD8ABD,
BD4TIA,Jiangsuyangzhong
BA7MAT,SHENZHEN
BG6HOY,Bengbu
BI1NAQ,Chaoyang
BH3WUQ,Taiyuan
BI1NDH,Beijing
BA7MZV,
BD4THU,Jurong City  Jiangsu Province 
BI8CAG,Chengdu
BG0EBT,BOLE
BG0EBW,bole
BG4LHQ,zaozhuang
BG0ECB,Wujiaqu
BH2VYN,ShenYang
BH4GBG,Shanghai
BA7MZS,SHENZHEN
BA6IKZ,
BA7MWC,Shenzhen 
BA7NAB,Guangzhou
BG7RWY,Guilin
BG0DLN,Urumqi Xinjiang
BI6MQP,Zhengzhou  Henan 
BD7NMH,Shenzhen
BD4VXL,Wuxi
BA7NAD,Guangzhou
BG6WSV,Jingzhou Hubei
BH4FXP,Shanghai
BH4GCQ,Shanghai
BH4TIA,wuxi
BI4SFZ,wuxi 
BD4QFC,Zhenjiang
BG1GOV,daxing
BD4VQY,Suzhou
BH4GCN,Shanghai
BA7NAJ,Shenzhen
BD4UJA,
BA6IKV,None
BG2FKP,
BD4RWD,changzhou
BG2JMS,Liaoyuan
BI4SHX,Wuxi
BI1MFY,Beijing
BD8BPU,Chengdu
BD4QMN,XuZhou
BD4TLW,Changzhou jiangsu
BD4VUU,Jiangsu
BD8BPT,Chendu
BG1URZ,Beiqijia Town  Changping District  Beijing
BG6UNW,honghu
BG8LEB,
BH4FXT,Changning District  Shanghai
BI4WRK,Changzhou jiangsu
BD8BOI,China
BI8CAJ,China
BD8BOJ,Chengdu
BG6ULW,Honghu
BG5AMD,jiaxing
BG5LU,YT
BD8BOB,chengdu
BD4ULV,Suzhou
BD8AWU,MianYang
BG5ERZ,Shen Yang
BG5VGP,
BH7PBE,GuangZhou
BI4KKG,YANTAI CITY
BG6GRB,xuzou
BD4RVG,nantong
BG2CCL,Harbin
BG8CFB,Suining
BG7XLY,Liuzhou
BG4TQL,Wuxi
BG2AFL,Harbin
BI4VRP,Wuxi
BD4WIF,Wuxi
BD4VJT,Wuxi
BH4FTI,Pudong  Shanghai 
BA7NAP,Shenzhen
BD4VJO,WUXI
BG4TLO,Wuxi
BG9MCS,Shizuishan
BI4MOX,YANTAI
BD4VZY,Nan Jing
BG5ALK,jiaxing
BG6AGR,Hefei
BG8KMS,Suining
BH4GBC,Shanghai
BH4GDF,Shanghai
BI4KUL,Weifang
BI4XKK,Wuxi
BD4TTJ,Wuxi
BG0ECA,shihezi
BD4WCC,Wuxi
BH1WEF,beijing
BG8PN,Gui Yang
BH4GAD,Shanghai
BH8QMM,Gui Yang
BI1NNJ,Bei Jing
BI4RJT,Jiangsu Province Wuxi City Chongan District Guangyi
BI4VUU,Nantong
BI9AHB,Xi An
BI3WRW,Tai Yuan
BD4UGE,China
BI6OST,Xuchang
BI4VQZ,Jiangsu Wuxi
BG8LDC,chongqin
BD4VZK,Nanjing 
BI4JJO,Shan Dong
BD4WHZ,WUXI
BA4INC,Binzhou
BH4GDD,Shanghai
BD4SNB,
BD4TNP,Nantong
BI1FTI,Beijing
BD4UFZ,Wuxi
BD4SKY,Nantong
BD4SFM,Wuxi
BD4WBM,Wuxi
BD4WBT,WUXI
BG7QCD,Guilin
BG3SWQ,Yangquan
BG4TNT,wuxi 
BI4WVU,Wuxi
VR2WXR,HONG KONG
BD4UGA,Wuxi
BD4SLY,wuxi 
BD4VIT,wuxi
BD4VLO,None
BD4WBP,Wuxi
BI4KVF,qingdaoshi
BI4TMV,Jiangsu changzhou
BD4RSG,Wuxi
BD4VIJ,Wuxi
BD4VJH,Wuxi 
BD4VZX,changzhou
BG5ESC,Huzhou
BD4WOA,Nantong
BD4WOS,
BH4TNL,Wuxi
BD8BEJ,Nanchong
BG1PLO,Beijing
BG7TYY,Guilin
BH5FDD,Taizhou
BH8PSM,Gui Yang
BI4RIY,
BI8CVN,Dazhou
BH1RCG,Beijing
BH2VSK,Benxi
BI4JAT,Qingdao
BH7GUL,Wulin District  Changde City 
BI4NXI,Dezhou
BI4PMQ,Qingdao
BI4SCY,Wuxi
BA6IKW,
BD4TSG,Wuxi
BI1ONE,Beijing
BA7MIN,Shenzhen  SZ 
BD4RWC,Changzhou
BG6HOU,Yangzhou
BG0ECK,urumqi
BD8ARB,chengdu
BG2FNG,Mudanjiang
BG6CHY,HUAINAN
BG6GQE,Bengbu city  Anhui Province
BG8ERY,dazhou
BH1DNO,Beijing
BH4EJX,Xuhui District  Shanghai 
BH7GWX,changsha
BH8ESR,Guangyuan
BI1FPY,Beijing Tongzhou
BI1NFI,BEIJING
BI1NRQ,BEIJING
BI1OIG,Beijing
BI4KUW,
BI4KVT,Jinan
BI6LMX,Pingdingshan
BH8TQZ,zhaotong
BI1FTZ,Beijing
BI1IJG,Beijing
BG2FNI,Mu dan jiang
BI4KZK,Jinan
BG2FOA,Haerbin
BG2FNJ,qiqihaer
BG2IUG,Jilin
BG7QKM,Guilin
BG3RDC,TangShanCity HeBeiProvince
BH2UAE,Fushun City  Liaoning Province 
BG2FBN,Haerbin
BH3FUT,TianJin
BG4UUU,Nan Tong
BH4GAL,Shanghai
BG2FOG,Harbin
BD8AVK,chengdu
BG2FOE,Guangzhou
BH4UUU,Nan Tong
BH8QGB,Guiyang
BG2FOC,Haerbin
BI4RTI,yancheng
BG6UJF,Qian Jiang
BI7LEX,Shenzhen
BG8CVR,leshan
BA7NDZ,FoShan
BD4UOR,NanJing
BD4WBL,WUXI
BD4WBO,WUXI
BD8AVG,chengdu
BD8BQM,Yibin Sichuan
BG2FHR,Haerbin
BG2FNY,Harbin
BG2FNT,Daqing heilongjiang
BG6AGC,huangshan
BG3MBT,TangShanCity HeBeiProvince
BG7XTQ,Nanning
BG8AUP,Chengdu
BH2VTI,Fushun
BH4UQQ,Nan Tong
BG7XQC,Bai Se
BI3QYK,Beijing
BI4IKB,Jining
BA7NCT,Shenzhen
BD4WBQ,wuxi
BG2FOX,Harbin
BH3FSZ,Tianjin
BG7JBO,zhuhai
BH4FZC,Shanghai
BH8CDP,
BI1MHV,Bei Jing
BI4IZH,Dezhou
BH2WGW,Hongyang
BH4GFQ,Shanghai
BH4TYL,Wuxi
BI1OSP,Beijing
BI4MDJ,Ri Zhao
BD4UHK,Wu Xi
BD4WBN,Wuxi
BI4VNW,Changzhou
BG4TFO,Wuxishi
BD4WCZ,Wuxi 
BD8BMV,Meishan Sichuan
BG5ESL,Huzhou
BI4IZQ,De Zhou
BI4OFE,Shan Dong Ying
BG2IPW,Siping 
BG5AMZ,huzhou
BG5IUO,Shangrao
BH1IXC,beijing
BG9PJU,YINCHUAN
BH8QFX,Guiyang
BH4GAG,SHANGHAI
BI1CWO,Beijing
BI1OEM,Beijing
BI4IXL,Jinan
BD4VRR,SuZhou
BG8APW,Chengdu
BG9IXS,LanZhou
BD3OUI,han dan
BD4WCE,WUXI
BD3SI,changzhi
BD8BJU,beichuan
BD4WFU,JiangSu NanJing
BG2CCO,haerbin
BG3QK,Null
BG2FNS,DaQing
BG2XC,Huludao City  Liaoning Prov 
BG3SCM,ShanXi
BG5AOM,Huzhou city Zhejiang province
BG5AYN,hangzhou 
BG9IXR,Lanzhou
BG9IYH,Lanzhou
BH4GEQ,None
BI1ONM,Beijing
BI4SHV,Wuxi City  Jiang Su Province 
BI4VGL,xuzhou
BD4UTL,Nanjing
BD8BTR,chengdu sichuan
BD4UTE,Nanjing
BG5ALE,Hangzhou
BG5DGF,shengzhou
BG5MVD,Yudu County  Ganzhou City  Jiangxi Provinc
BH4BPB,
BH4GED,shanghai
BH8QFZ,Guiyang
BH7CM,Guangzhou City  Guangdong Province
BI6LMC,xinxiang
BI4SHH,wuxi
BI1NVL,
BI4XGC,Nan Tong
BH6LIC,Xinxiang
BI1OKR,beijing
BI1OSM,Bei jing
BD4UHD,wuxi 
BD4VHN,
BD8BSZ,Yaan
BD8BSF,Sichuan
BH1JBB,beijing
BD8BTZ,Chengdu
BD8BTU,GuangYuan
BG2FNK,Da Qing
BG3QGR,
BG4QGJ,Changzhou jiangsu
BH4CRP,Shanghai
BH4GEV,Shanghai
BH7GYR,Changsha
BI4SWZ,Nantong
BI7JIF,Djddjkcccn
BI7KEN,Baoan District  Shenzhen  China
BI3WJB,Taiyuan
BG5AEG,Hangzhou
BG1VPM,Beijing
BG4UVJ,Nan Tong
BG6GRC,Huofei
BG6UIC,hubei
BG7FJE,Jiangdong Road  Xiangyin County  Yueyang City  Hunan
BH2WBK,Shenyang
BH6AEM,Bengbu
BI4KJO,Jinan
BI3PLZ,ShiJiaZhuang
BI4UEC,Yan Cheng
BI4PTO,Jinan
BA7MQR,Shenzheng
BD8BJB,Chengdu
BD4UDP,Liyang City 
BG5IOG,Ganzhou
BG9IXW,Lanzhou
BG2ENW,Harbin
BA6HT,Hefei
BG7CAX,Changsha
BD7PA,Guangzhou
BL7IV,Guangzhou
BD7MXN,Chongqing
BD7MXN,Chongqing
BH7NJF,Taishan
BD7KLE,Shan Wei
BD7DP,Hunan
BD7KLE,Shan Wei
BG7BMV,Changsha Hunan
BG7YAK,Lingshui
BG7YBW,Haikou
BD7MYM,Dongguan
BG9IYE,
BH3FUR,Tianjin
BD7LLY,Shenzhen
BI7KJP,Shenzhen
BH7KCJ,Futian Shenzhen
BG7DON,Yueyang Cityhunan P
BG7ENB,Changsha
BG7HFE,Electronics Science
BH4GFX,shanghai
BG7EVG,Changsha
BG7ENB,Changsha
BH7FNI,Changsha
BG7ENP,Changsha
BG7DGM,Chagnsha
BG7ECV,Changsha
BG7CLQ,Tianyuan DistrictZh
BH4PJK,
BG7FTM,Changsha
BG7ENE,China
BG7HFE,Electronics Science
BG7FTF,Changsha
BH7GBH,Changsha 
BD7MYM,Dongguan
BH7JAG,Shenzhen
BG7TON,Wuzhou Guangxi China
BG7HNU,Changsha
BH7JFR,Li Wan DistrictGuan
BI4LZC,JiNing
BH7IOY,Guangzhou
BI1OON,Beijing
BG7IPY,Guangzhou
BH7PUE,Guangzhou Cityguang
BG7MEN,Shenzhen
BD7MOZ,Foshan
BA7NCZ,Shenzhen 
BI7IAS,Guangzhou
BD4UTJ,Nanjing City
BD4WJV,Changzhou
BD7JPI,Dongcheng District
BD4WPT,Changzhou
BI7PPQ,Guangzhou
BG7HLA,Changsha Hunan
BG7GBC,Xiangtan
BD7KCJ,Shenzhen
BD7IPD,Guangdong
BH7NWK,Shenzhen
BH7MMM,Guangzhou
BD4WKD,Suzhou
BD8BUN,Chengdu
BG7BLJ,Changsha
BH7CQ,Changsha
BG7FYY,Chian
BG7ECA,Chian
BD7YA,HaikouHainan
BG7FKC,Zhangjiajie
BG7EDD,Changsha
BG3OCN,Hengshui
BG7JD,Guangzhou
BD7DM,Changsha
BG7ENE,China
BD7MBY,Guangdong
BH7JVD,Guangzhou
BD7LXP,Shezhen
BD7LJM,Guang Zhou
BG7FTF,Changsha
BH7NOR,Shenzhen
BG7HZB,Changsha
BG7BJT,Zhuzhou
BG7HVG,ChangshaHunan
BG4LYF,None
BD7MPN,Guangzhou City Canto
BG7FCK,Changsha
BG7BOT,BanbianjieYuetangqu
BG5AIE,Hangzhou
BG7AEC,China
BH7ACO,Changsha
BD7JNN,Guangzhou
BG7DQL,Xiangtan
BG7EIG,Xiangtan
BG7FOX,Xiangtan
BG7GHI,Xiangtan
BG7FTB,Xiangtan
BG7ESL,Xiangtan
BG7ECE,Xiangtan
BG7HEY,Xiangtan
BH7ADX,Xiangtan
BG7DTJ,Xiangtan
BH7ABU,Changsha
BG7HUY,Loudi
BH7ACN,Changsha
BG7FHU,Loudi
BG7EBQ,Loudi
BG7FSO,Loudi
BH7OJ,Shenzhen
BD7KCK,Guangdongshenzhen
BD7NAU,Guangzhou
BI7ISX,Shenzhen
BG7TOR,Wuzhou Cen Xi
BG7GDP,Yi Yang
BG5ASX,HANGZHOU
BI7INT,Shenzhen
BG5AXU,Hangzhou
BG7HTS,Yueyang
BG7FKK,Huaihua
BH7ABX,Chang Sha
BG7DGD,Changsha Hunan
BD7MTJ,Bao An District She
BG7ECI,Changsha
BD7IWD,Futian District Shen
BD7IMZ,Shenzhen
BD7ILU,Shenzhen
BD7LPO,Guangzhou
BD7DO,Changsha
BH7JTB,Guangming New Distri
BH7KQB,Guangming New Distri
BG7FCC,Changsha
BH7CC,Changsha
BD7MQB,Shenzhen
BG9SFG,XINING
BI4NED,
BI4NEW,Linyi  Shandong
BI7MLJ,Shenzhen Guangdong P
BI7OFW,Shen ZhenGuangdong
BD7MCA,Guangzhou
BD7MPG,Guangzhou
BD7NFN,Guangzhou
BD7MMC,Guangzhou
BD7JZG,Jiangmen
BH7AHE,Changsha
BG7YN,Haikou
BI4NID,None
BI4NIR,Linyi
BI7MTD,Shenzhen
BG7YQ,Haikou
BG7YID,Sanya
BI6MBV,Luoyang
BI4NKA,DongYing
BH7ABV,Changsha
BD7KGQ,Nanshan Shenzhen Gua
BG5IRW,ganzhou
BD7NHA,Guangzhou
BD7KVG,Foshan Guangdong
BD7MNQ,Zhanjiang Guangdong
BD7MPF,Guangzhou
BD7LQA,Shenzhen - Guangdong
BD4TEU,Changzhou
BD7JFN,Shenzhen
BD7LPA,Shenzhen
BD7LPA,Shenzhen
BD4WJX,Changzhou
BG7MQO,Huizhou  Guangdong
BD7KBE,Shenzhen Guangdong
BD8BNV,
BI7LVL,Jiangmen
BD7JOJ,Shenzhen Guangdong
BH7MVY,Foshan City
BH7ATS,Huaihua
BH4DZK,Shanghai
BD7NJL,Shenzhen
BD7PCA,Chaozhou City
BI7IN,Jiangmen Guangdong
BD7MQB,Shenzhen
BG5ARW,
BG2ACK,Harbin
BG7GBE,Liling
BG7GBE,Liling
BD7MWI,Shenzhen Guangdong
BG7XZY,Liuzhou
BG7STH,Liuzhou
BG7IVP,Shenzhen
BG7NQF,Shen Zhen
BI7ONM,Shenzhen
BD7MWM,Shenzhen
BG5VCG,FuJian putian
BH4SIU,Suzhou
BH6AXG,Lu An
BH9FYG,Xian
BD7MPU,Changji
BD7MPU,Changji
BG7ESD,Hunan
BD7NQA,Guangzhou
BD7NQA,Guangzhou
BD7NQY,Shenzhen
BG7IVQ,Shenzhen
BG7ESD,Hunan
BI1JWL,Beijing
BD7KAY,Shenzhen
BD7KAY,Shenzhen
BH7JQK,ZhuHai
BD7LYV,ShenzhenGuagndong
BI1KJE,China Beijing
BI7LOL,Shenzhen
BD7JFJ,Shenzhen
BD7KAZ,Shenzhen
BH7JXK,Shenzhen
BD7JQO,Shenzhen
BI1NWT,Beijing
BI3WJU,Taiyuan
BG7MEO,Shenzhen
BG7KXR,Chaozhou
BI4MZJ,Jining
BD7OXR,Shenzhen
BI7KXG,
BI4NIA,Linyi
BG7YAG,Shenzhen
BI7MOE,Shenzhen
BD7KKE,Shenzhen
BH7NCX,Shenzhen
BD7NBB,Shenzhen
BD7KBD,Shenzhen
BD4WQQ,Changzhou
BD4WJN,Changzhou
BD7LIM,Hui Zhou
BD7PCB,Chao  Zhou
BD3PGT,Tianjin
BD7MWN,Shenzhen
BG7FBW,ZhuzhouHunanChina
BH7IIY,Shenzhen
BH7ORW,Shenzhen
BD7LXQ,Shenzhen
BD7MSB,Shenzhen
BD7MRM,Shenzhen
BG7TIU,
BG7RJR,China Guangxi Qinzho
BG7TOI,Qinzhou Guangxi
BD7JMN,Shenzhen
BI7LLB,Shenzhen
BD7MRZ,Shenzhen
BG7TVQ,
BG8CMN,Chengdu
BG8KWY,Jiangjin District  Chongqing
BG5KV,Ganzhou Jiangxi China
BD7MPK,Gangzhou Guangdong
BD7MRL,Shenzhen
BG7TSI,Guilin
BD7LZH,Foshan
BD7MBP,ZhuHai
BG2LCE,JILIN
BG9EAI,Shaanxi
BG7RAQ,NanNing
BI4NPX,Her Ze
BD4WSM,Nanjing
BD7KBZ,Shenzhen
BG3NIK,Cangzhou
BD7IPA,Guangzhou
BI1NXA,beijing
BD7JPW,Shenzhen
BD7NPO,Dongguan Guangdong
BD7NPO,Dongguan Guangdong
BG6QLZ,Yichang
BG2CPT,Nangang Dist Harbin
BH7PXU,Bao
BI4NPQ,Heze
BH7PBL,Shenzhen
BD7JOS,Shenzhen
BD7JGU,Jiangmen
BD4WCY,WUXI
BG7KRI,Shenzhen
BD7INX,Shenzhen
BI7JIE,Shenzhen
BI7JIE,Shenzhen
BG7YAG,Shenzhen
BG7KXR,Chaozhou
BG7OZP,GuangzhouGuangdong
BH7LML,Guangzhou Guangdong
BD4WJQ,Chanzhou
BG7YRI,Haikou
BH3FXD,Tian Jin
BH6IDD,Zhengzhou 
BD7KZO,Shenzhen
BD7KZP,Shenzhen
BD7JIX,Shenzhen
BG7XZP,Guang Xi
BH7AFY,Changde
BD7LSK,Shenzhen
BH7HCU,hengyang
BI4MDZ,Jining
BI4MRL,JiNing
BG7KRI,Shenzhen
BD7MXM,Hunan
BD7ILR,Pingshan Shenzhen C
BG7MGT,Nanshan
BG7TMJ,Guilin
BH4FPK,None
BG7FBI,Shanghai
BG7OZP,GuangzhouGuangdong
BG5VIG,Ningde
BG7FBI,Shanghai
BH3FWG,Tianjin
BG9SFI,Qing Hai
BH4GDH,Shanghai
BD7MPK,Gangzhou Guangdong
BH4GAX,Shanghai
BH4GDQ,Shanghai
BH4GDP,Shanghai
BH7MTZ,Shantou Guangdong
BH7MTZ,Shantou Guangdong
BD7NBC,Shenzhen
BD7GN,Guangzhou
BH4GHY,shanghai
BH7ARF,Changsha
BH7AAW,Changsha
BH7AAW,Changsha
BG4ILV,
BG7XYK,Wuzhou Guangxi China
BD7NQC,Guangzhou
BG7XYS,Cenxi Guangxi
BG7TWJ,Wuzhou Guangxi China
BG7REA,Wuzhou City Guangx
BI4NML,
BH7IOY,Guangzhou
BD7LZH,Foshan
BI7KCD,Nan Zhuang Townchan
BD7KHC,Jiangmen
BD7KHC,Jiangmen
BD7LWI,Guangzhou
BG5IXL,NanChang
BI7JB,
BD8AVD,Chengdu
BG0DLL,Xinjiang
BD7MRU,Shenzhen
BG7JMQ,Foshan
BG7QDA,Fang Cheng Gang
BG7HEN,Changsha
BG7FBI,Shanghai
BG2LNR,Changchun City  Jilin Province
BI7KCD,Nan Zhuang Townchan
BI7MCY,Guangdong
BD7HV,Changsha
BG7FPY,Changsha
BD7LBZ,Shenzhen
BD7MWO,Shenzhen
BD7MWO,Shenzhen
BG7DYQ,Hunan Yiyang
BG7DYQ,Hunan Yiyang
BG6UNS,Shayang County  Jingmen city  Hubei Province
BG5VEY,PINGTAN
BG7JRA,Guangzhou
BG3KAB,Chifeng
BH7IWF,Zhongshang
BG7JRA,Guangzhou
BI4MMT,JINING
BH8FNE,Zigongshi
BD7NKN,Jiangmen
BG7BAG,Changsha
BG5BCW,Jin Hua
BD7KYG,Shenzhen
BD7NVZ,Zhuhai
BD7NRV,Shenzhen
BH7ARF,Changsha
BH8CDO,chengdu
BH7CS,Hunan
BH7CS,Hunan
BH7APC,Changsha
BI1PBY,Beijing
BH1OIC,BEIJING
BD7NKY,Guangzhou
BH7ACO,Changsha
BI1OAX,BEIJING
BD7XF,Nanning
BI7MCY,Guangdong
BH7IWF,Zhongshang
BI1OYT,Beijing
BD3PPA,Shijiazhuang
BH7GYV,Hunan
BH7BMN,Changsha
BI1OAY,BEIJING
BD7NYO,Shenzhen
BG7OO,Guangzhou
BD7NVJ,Shenzhen
BG1SRL,BEIJING
BH7BJW,Changsha
BG1JKW,BEIJING
BG7DPI,Changsha
BD7JMP,Jiangmen
BG7HY,Guilin
BG7UKK,Guilin
BG7TSK,Guilin
BG7SGV,Guilin
BG7TTJ,Guilin
BG7TCK,Guilin
BH7AXL,Changsha
BG7TFM,Guilin
BG7TST,Guilin
BA7QD,Guilin
BD7NZY,Shenzhen
BG7THY,Guilin
BD3PZX,Shi Jia Zhuang
BD7OBG,Guangzhou
BD7ODF,Guangzhou
BD7LZM,Changan TownDongguan City
BD3PZF,Shijiazhuang
BG7DOZ,
BD7OBG,Guangzhou
BG5VBR,Longyan  Fujian Province 
BG7RKM,Guilin
BG7TBT,Guilin
BG7TKM,Guilin
BD7ODT,Guangzhou Guangdong
BD7ODT,Guangzhou Guangdong
BG7RPQ,Guilin
BG7TQS,Guilin
BG7TQQ,Guilin
BG5IXC,
BD7JOS,Shenzhen
BG7TLP,Guilin
BG7TCA,Guilin
BG7SGQ,Guilin
BG6WBQ,Wuhan
BG5BEU,Quzhou
BG7FJS,Changsha
BG7FKG,Changsha
BI1OUR,Bei Jing
BD7JGU,Jiangmen
BG7EKD,Shenzhen
BD3PYQ,Shi Jiazhuang
BG2LRM,yanbian
BG2BXK,Harbin
BG2LRU,Songyuan
BH1OBR,Chaoyang
BG6WOZ,Wuhan
BI4IXD,jinan
BI1PCK,Beijing
BH2WHT,Benxi city  Liaoning province 
BD3PAE,shijiazhuang
BG0DVH,changji
BD3POM,Hengshui
BD3PTA,Shijiazhuang
BG7ZAG,haikou
BD3PYE,Shijiazhuang
BH8AKK,Chengdushi
BI1FOO,Beijing
BI8DTG,Chengdushi
BD4RAJ,
BD4VGA,Xuzhou
BD4WZL,Xuzhou
BG6VNF,Ezhou
BD4UGS,Wuxi
BD3PPF,Shijiazhuang
BD4VPT,Suzhou City  Jiangsu Province
BD4USD,
BG4DQE,Shanghai
BG6WOC,SuiZhou
BG6VPZ,Xianning
BG6VMT,Shi Yan
BG6WSI,xianning
BG6XJQ,Xianning
BG8ARP,
BH2WIN,ShenYang
BH4PUS,Weifang
BH2WIV,Dalian
BI4NMQ,
BI4NQA,he ze
BD4VMQ,Changzhou
BD4VMP,Changzhou
BD4XAA,XuZhou
BG4QQJ,ChangShuShi
BG6HUW,HeFei
BG8LHU,ChongQing
BG6HVK,HeFei
BI9ABG,Xian
BD8BSV,Chengdu  Sichuan Province 
BG6HVR,Hefei
BH4GGA,Shanghai
BD8ABC,Chengdu  Sichuan
BG4GFX,Shanghai
BG6HVE,Hefei
BH4GJO,Shanghai
BI4JDJ,Weifang
BI4LYW,Wei Hai
BG6UFQ,Suizhou Hubei
BG2DVK,Harbin
BH2WJO,Da Lian
BG6XIU,Xianning
BI1OZN,Bei Jing
BA7NDB, Foshan
BH8CII,Xinxiang
BH7HKF,ChangSha
BG3AVC,TianJin
BI4ONX,Yantai
BA7LPT,Guangzhou
BG0DPG,Yilichuabuchaerxian
BG3OAG,
BH4GHI,ShangHai
BI4XHP,NanTong
BI4NMX,
BG5MGA,
BH4GGJ,Shanghai
BA7LEI,Foshan
BA7JAS,Zhuhai
BD4VKI,Yangzhou
BD4UTC,Nanjing
BD8BXD,Chengdu
BG4NYH,
BH2RNN,liaoning
BI4MWG,
BI4SGI,nan tong
BI6OQN,henan
BH4GJA,ShangHai
BH6NHS,xinxiang
BD4WJW,Changzhou
BH4GIB,Shanghai
BD4VKJ,Yang?Zhou
BA3KY,Baotou  Inner Mongolia
BG8LEE,chongqing
BH4FHK,Shanghai
BH4GIX,Shanghai
BH4UTK,nan  tong
BA7NEB,Guangzhou
BG6HVD,HEFEI
BG6UDU,Xianning
BD4WZZ,xuzhou
BI4VBQ,Suzhou
BD4XAM,YunNan MengZi
BI1PAD,Bei Jing
BH8UTQ,Kunming
BA7NFI,Shiqi District  Zhongshan City  Guangdong Province
BD4UDU,ChangZhou
BG6XRZ,hanyang
BG2LRL,Shuangliao
BD3PLZ,heng shui
BH4GDS,Shanghai
BD4RWR,jiangsu changzhou
BG6XUW,Xianning
BH4QGE,Wujin  Changzhou 
BH7GRT,ChangSha
BI4TGL,Changzhou
BG5VHI,Fu Zhou
BI4KVD,
BG3OVQ,Bao ding
BD4VMA,CHANGZHOU
BD7MBO,MACAU
BG5BCL,Hangzhou
BG5VJO,fuzhou
BI3XFR,YangQuan
BG2FGS,Harbin
BA7NHP,GuangZhou
BD4WJU,Changzhou
BG2KSL,Jining
BH1UYY,Bei jing
VR2ZVY,Hong Kong
BH8WSU,YunNan
BH8UXN,kunming
BI4VNX,changzhou
BA7NEG,Shenzhen
BD8BNC,Chengdu
BI1PCW,Beijing
BD3PPP,Heng Shui Shi
BD4TDO,Lianyungang City  Jiangsu Province 
BI1OZG,beijing
BA7NFU,Shenzhen
BD4UDB,Changzhou
BG6HVQ,Hefei City  Anhui Province
BH6AEY,BengBu
XX9NN,Macao
BI1POL,Zhangjiakou
BH4WFC,Nanjing
BD8CBD,Chengdu
BA7NGO,
BG0EIC,Zhongshan
BD8BTF,Chengdu
BA7NMK,foshan
BD8CCR,Deyang
BD4QVH,CHANGZHOU
BI1PND,Beijing
BI7OXI,Zhongshan
BH4RQX,Nanjing Jiangsu
BA7NFW,Shenzhen  Guangdong
BD8SE,kunming
BI6JPE,XinXiang
BA7NDS,GUANGZHOU
BD4TEX,changzhou
BD8CCY,Chengdu
BH8WTS,jinghong
BA7NES,Zhaoqing
BI1PEV,Bei Jing
BG2FRS,Harbin
BG3ROC,Tangshan
BG0EIP,Urumqi
BG6XZI,Wuhan
BG0EIQ,Shenzhen
BG9IYS,Jiuquan City  Gansu Province
BI1PKD,Beijing
BD4RDG,Nanjing
BG0AUO,YiNing City Xinjiang
BG6VDY,WUHAN
BG6VMR,Xianning
BH3BYC,Tianjin
BI1OZS,Beijing
BD4WBR,wuxi
BG2FSC,haerbing
BI1OHW,Haidian
BI40NY,yantaishilaiyangshi
BI4MZT,Zibo
BD4RCS,Nanjing
BA7MWH,Heyuan
BG0EBU,Urumqi
BD4XDV,Jiangsunantong
BI1PHG,Beijing
BG2FTN,DaQing HeiLongJiang
BG6VME,
BD3MGG,shijiazhuang
BH7GPL,Changsha
BG2EIP,Harbin
BD6QF,Wuhan Hubei
BI4MWM,yantai
BG7SAS,Guangxi LaiBin
BG5DUE,jinhua
BG7RTX,Guangxi Liuzhou
BD4WQI,Shihezi
BG3LFL,Nei Meng Gu
BG2FUB,Harbin
BI1OZE,beijing
BG4ALF,SH
BG7XLZ,GuangXi LiuZhou
BH7GEE,ChangSha
BI1PNU,Beijing
BA7NLN,Guangzhou
BD4XBD,LianYunGang
BH4GKL,Shanghai
BI1PIO,BeiJing
BA7NNO,
BH2VQG,Shenyang Liaoning Province 
BH4GLB,ShangHai
BH3MPM,TangShanCity HeBeiProvince
BG7QAK,GuangXi LiuZhou
BD4TIO,zhenjiang
BH3FYZ,TianJIn
BD7BM,Changsha Hunan
BA7NRR,Shenzhen
BD8CEK,
BG2FSV,None
BI1PHK,beijing
BG5AXV,HangZhou
BD4VUI,Lianyungang
BI1PIN,Bei Jing
BI1PIL,Beijing
BG8JVV,None
BD8BRU,Wuhou  Chengdu  SiChuan 
BD4XBL,nantong
BH2WMZ,Shen Yang
BD4XEL,nantong
BG6KEJ,Ping yuan Road South Anyang City Henan Prov 
BH8CRW,Dazhou
BA4RNJ,Nanjing
BD3OMF,Tangshan
BH2WAS,shenyang
BI3AV,Tianjin
BD4XDY,Nantong
BD4XFJ,nantong
BA7NSF,Shenzhen
BI3AY,Tianjin
BD4XEE,nantong
BI3AW,Tianjin
BI4KVY,Tianqiao District  Jinan City  Shandong Province
BH4UQO,
BI3AX,Tian jin
BG3HWX,Hohhot
BD4WNX,Nantong
BI4XYA,Changzhou
BD4WKF,SuZhou
BD8AMO,Chengdu  Sichuan 
BG8LIJ,ChongQing 
BG4UFO,Yancheng
BH7GZW,Chang sha
BD8CCD,Chengdu
BA7NSR,Shenzhen
BG8LKR,Chongqing
BI4KTY,Shanghai
BH3FHF,Tianjin
BH2WIG,Dalian
BG6VMZ,Wuhan
BD8BTD,Chengdu
BH2VHX,Dalian
BG5IYY,Xinyu
BG6RWJ,Wuhan 
BG9HX,Lanzhou
BG8LJQ,ChongQing
BG6HVO,Bengbu
BD4WDW,wuxi
BG1SEO,
BG2LSE,ChangChun
BI1OUS,Beijing
BI1POZ,BEIJING
BI8DPS,Chengdu
BG5BIK,Taizhou
BI4PPO,Qingdao
BD8ACO,Chendu Sichuan
BD8APA,Chengdu
BH2WLJ,AnShan
BG5BJF,Ningbo
BI1PSW,Beijing
BI1PSC,Beijing
BI3BR,nankai  tianjin
BA7NYD,Shenzhen
BG3IW,Tongliao
BG6IHM,Shang Qiu
BH4GCM,Shanghai
BI4ORW,Zibo
BG2FUC,Daqing
BG0DMV,Urumqi
BG4TXA,Wuxi
BG6VNE,Hongshan Dist  Wuhan City  Hubei Province 
BH7HPI,Xiang Xi
BG3RQQ,Shijiazhuang
BG8ART,Luzho
BH2UJZ,Panjin
BH4GLH,Shanghai
BG7YQV,Haikou City 
BI1PTY,Beijing
BI4NEV,Yinan County  Shandong Province 
BD8CDC,chengdu
BD8ALR,chengdu
BG8LLD,Chongqing
BH4GMO,Shanghai
BH4GMW,shanghai
BH7HPQ,
BH4GNC,shanghai
BH8DGD,Nanchong
BG7ZAI,SanYa Hainan
BD4WDH,Wuxi
BG2LDI,Jilin
BI1OOQ,Beijing
BG6HBU,Anqing
BD4WPY,changzhou
BG2LMS,Changchun
BG9SFE,Cai Dan
BH4GMP,SHANGHAI
BG6UWO,Xianning
BH4PTK,Wei Fang
BD4WBY,WUXI
BI1PLS,Beijing
BG5VKO,JianOu
BD8BWU,ChengDu
BG8LDB,Chongqing
BG8LIH,Chongqing
BI1PQU,Beijing
BI8AM,
BI1PLA,Beijing
BD8AVU,
BG6VVL,Wuhan
BD4XEA,None
BD4XDX,Nantong
BH4GLQ,
BH5FCF,
BI4PSD,Linyi
BH3DEO,Tianjin
BI4KUV,Qingdao
BG5IWB,Nanchang
BG7XPR,Hezhou
BH3FDC,Binhai District  Tianjin City 
BH3MXC,Tangshan
BD4VRN,SuZhou
BD6CA,Hefei
BH3NBN,Langfang  HeBei
BA7MGP,shenzhen
BD4VRS,Su Zhou
BA7NSJ,Shenzhen
BG5BJO,Hangzhou
BH4QJF,WuJin District ChangZhou City 
BG9PLO,Yinchuan
BG4UPL,Non Tong
BD4RAE,Nanjing City  Jiangsu Province 
BD8BUD,Chengdu
BG6HRL,Hefei
BI4IWT,Jinan City  Shandong Province 
BG7XPV,Guangxi
BI4KSR,Mengyin Linyi Shandong China
BG8BCW,yibin
BG6UNM,Tongcheng
BG9IA,Lanzhou
BH2WNI,DaLian LiaoNing
BG0CAB,Urumqi
BG5FNF,taizhou
BG4UTB,nan tong
BG4UPY,Nan Tong
BH4USF,non tong
BI4SRT,Wuxi 
BI4IVK,Weihai
BG5IWY,Shangrao City  Jiangxi Province 
BA7NSK,Shenzhen
BG2LTN,yanbian
BD4XDP,Nan Tong
BD4VYM,Changzhou
BG9JAA,lanzhou
BG9JAB,lanzhou
BH8AIG,Sichuan Chengdu 
BI1PAM,beijing
BI9APX,baoji
BG2LSC,Chang Chun
BD4WDJ,Wuxi 
BG4TTJ,wuxi
BG5FLT,None
BD4XDQ,shanghai
BD8BTP,Cheng Du City
BH4GNV,Shanghai
BH8WTE,wenshan
BI4NQD,Qing Dao
BD8ACL,Chengdu
BG9IUG,Wuwei 
BG2LUK,Siping
BI1OET,Beijing
BI9ALP,Weinan
BH3FSL,Tian Jin
BH2WHQ,shenyang
BH8WSW,chuxiong
BG2FRX,qiqihaer
BD4RFG,Nanjing  Jiangsu 
BH3GGI,Chifeng
BD8CCO,Chengdu
BD7PGJ,Shenzhen
BG9PLN,YinChuan
BG5VGZ,Fu Zhou
BH3EUR,Tianjin
BI1PTP,beijing
BI3BY,Tianjin
BI3AS,TianJin
BI1PFM,Beijing
BD7PGI,Jiangmen
BH1UKU,Beijing
BD7PEQ,Shenzhen
BH2WQP,DanDong
BH3CSF,Tianjin
BH4FSJ,Shanghai
BG2LTV,jilin
BH7HOY,Changsha
BI1PWB,Beijing
BH8EFV,Chengdu
BI1QCF,beijing
BD4WRP,YangZhou
BD7PHW,ShenZhen
BH1IEM,Beijing
BD3PYH,Hebei
BG6KWN,Xinxiang
BH6IFK,Zhengzhou
BH6BEK,Xuancheng
BG9HXE,None
BG5FLU,baoji
BD4THQ,Zhenjiang
BG2LUA,jilin
BI4OSB,China
BD4WZK,XuZhou
BA7MPD,Guangzhou
BH8AEE,Chengdu
BI9AVS,
BH8UXK,KunMing
BG9PKF,Yinchuan
BG6XVJ,Wuhan
BI6OWU,XinXiang
BG6HCW,HeFei
BG2LTW,Jiling
BA7MZC,
BD4WLD,Suzhou
BD7PEN,Shenzhen
BG6UFR,Wuhan
BG8JMP,chongqing
BI3BG,Tian Jin
BD4THA,Nanjing
BG6EJI,Tunxi District  Huangshan City  Anhui Province 
BH4GDU,Shanghai
BH8DDA,Chengdu
BH6BEX,Xuancheng
BD4XED,nantong
BI6MFC,Zhoukou City
BH6AGG,Bengbu
BA7NJD,Shunde  Foshan
BA7LDX,Guangzhou
BG2LTC,Changchun City
BG4UO,Yancheng
BG7TFN,Liuzhou
BD4WKX,SuZhou
BG1EMC,haidian
BD4WOP,nantong
BI1PZJ,Beijing
BG6UGO,Yichang
BG9IPR,Lanzhou
BD7PHF,Huizhou
BG5IVS,Nanchang
BG5IZL,Nanchang
BI6OWV,Xinxiang
BG6HEC,Hefei
BG8NKU,Guiyang
BH1TCK,Yanqing District  Beijing City
BG2LTP,Jilin
BH6BCD,WuHu
BH3NJP,xingtai
BI6OWT,Xinxiang
BH8WYQ,Kunming
BI4PQG,Rose Town  Pingyin County  Jinan City  Shandong Province
BD4XFO,NanTong
BD4WLT,Suzhou
BD3MUC,langfang
BD3MCB,langfang
BD4WEI,Wuxi
BI6LVP,Zhumadian Henan Province
BH3QIQ,
BI1QDX,Fangshan
BG7XKV,Liuzhou Guangxi province
BG4XQO,Nanjing
BD3MQS,langfang
BG5ASE,NingBo
BD1TX,Beijing
BD3MQU,langfang
BD3MVH,langfang
BG2FML,HARBIN
BI1KTU,Langfang
BD3MQV,langfang
BI1PQB,beijing
BI1JWF,bei jing
BG8LY,Chong Qing
BI4IOX,Bin Zhou
BD8AXA,Chengdu sichuan
BG6TQD,Hubei
BG2TEQ,DaLian
BH3ROG,HanDan
BI7LRV,ping nan
BG5BQB,Hangzhou
BI4PQW,Taian
BH8CPP,Chengdu
BA3OW,handan
BD7PKH,Meizhou
BH4EZX,Shanghai
BH7HTS,Changsha
BA7JUD,guangzhou
BH4GOP,Shanghai
BH4GPB,Shanghai
BH4GPA,Shanghai
BG8HMA,chongqing
BH4GOO,Shanghai
BD4RHQ,Nanjtng
BG5ISP,ganzhou
BH7LEA,Shaoguan
BG5IZO,Ganzhou
BH1SMZ,beijin
BG9JAO,Lanzhou
BG3RMU,langfang
BD4TXI,
BG5BIX,Wen Zhou
BI9ALU,Xian City 
BH3UYQ,Taiyuan
BI8FEF,Huili
BD7PGP,Shenzhen
BG5UWX,Xiamen
BH4GOM,Shanghai
BG1UO,PEKING
BH4DTZ,ShanghaI
BG7XKP,
BH4WNN,Suzhou
BG2LVL,jilin
BH8UUD,Panl
BD4XXY,Huaian
BI4MCB,Ji Nan
BH1HTT,china
BI8DHC,Chengdu
BI3WRZ,Datong
BD4WDK,wuxi
BG4PXU,None
BA7MTH,
BG3IMK,Huhehaote 
BG8SWY,kun ming
BH6BEZ,Hefei
BG5BMS,Hangzhou
BH3NVP,Tangshan
BD8CJP,deyang
BG5VLG,Sanming  Fujian
BH8BOD,Chengdu
BG8HAH,Chongqing
BH4GPP,Shanghai
BG9JCP,Gansu Lanzhou
BH3PRS,TANGSHAN
BD8CKW,Chengdu
BG7ZBJ,Haikou
BI4XYS,Changzhou jiangsu
BI4KYY,Zibo
BH6AGG,Bengbu
BH4DKU,Shanghai
BD8GA,Chongqing
BG8IXZ,Chong Qing
BD8SN,
BG8FZ,Chengdu Wuhou Zongsh
BH8SEL,Chuxiong
BI8ARI,Nanchong
BH4GLJ,
BI8CGB,Nanchong
BH4UDM,Chengdu CitySichuan
BH8SEK,Chuxiong
BH8NOX,Guiyang
BH8DIB,Chengdu
BH8NJX,Guiyang
BI8BMG,Nancong
BG8AOC,Chengdu
BG8FXP,KangdingSichuan
BI8BCT,Deyang
BD8SGK,Kunming Yunnan
BG5VLL,Quanzhou
BI8BNZ,Deyang
BG8SRK,ChuxiongYunnan
BI8BOD,Chengdu
BG8HNM,Chongqing
BH8DHV,Chengdu CitySichuan
BI8CMP,Deyang
BH8EFB,Deyang
BG8BAQ,Deyang
BH8SKI,Chuxiong
BI8AYN,Shifang
BG8DGK,Kangding
BH8BKZ,Chengdu
BH8TFH,Chuxiongzhou
BI8BQH,Chengdu
BH8DHV,Chengdu CitySichuan
BG8DZD,Mianzhu
BI8CBO,Aba
BI8ALZ,Chengdu CitySichuan
BH2WPT,shenyang
BH8DRP,ChengduSichuan
BD8TE,Kunming Yunnan
BG8HXW,Nanchuan Chongqing
BH3RNW,Zhangjiakou
BH8OLY,Guiyang Guizhou
BI8BRP,
BD8SGK,Kunming Yunnan
BH8OXP,Xingyi Guizhou
BH8SLN,Kunming
BH8SLN,Kunming
BH8OXP,Xingyi Guizhou
BH4GMS,Shanghai
BG8NXA,Anshun
BG8NXA,Anshun
BH8MNC,Guiyang
BH3GUR,hulunshi
BH8OLY,Guiyang Guizhou
BG8FKL,Chengdushi
BH8OTW,Guizhou Xingyi
BG8SVK,Pinbian countyHongh
BG8DTN,Wenfeng Street Shun
BG8DTN,Wenfeng Street Shun
BH8AUN,Nanchong City
BH8AUN,Nanchong City
BG3KPO,Hohhot
BH4GOY,Shanghai
BI1QJR,beijing
BG8TFZ,Chuxiong
BI1QLN,China
BI8AZP,Chengdu
BI8AZP,Chengdu
BG2FFT,HARBIN
BH8ORO,Gui Yang
BH8OTW,Guizhou Xingyi
BD4TKA,Changzhou
BH2WPD,Senyang
BH3GNN,
BH8QJT,Zunyi Guizhou
BH4GOX,shanghai 
BI3EF,China
BG5VLU,Xiamen
BH4PCW,Qingdaoshi
BI8CYW,Leshan City Sichuan
BH6AXJ,Luan
BI4NWK,De Zhou
BH8OSH,Gui Yang
BI1QKA,Beijing
BI1QJA,Beijing
BH8NQC,Guiyang
BI6PAH,ZHENG ZHOU
BD4WES,CHANGZHOU
BG8IAI,Chongqing
BG5IEV,Nanchang
BG8JUQ,Chongqing
BG8IAI,Chongqing
BG7XKM,liuzhou
BH8MBI,Guiyang
BH8CGJ,Chengdu
BH8BVJ,Chengdu
BD3QDA,Handan
BG8NXH,Gui Zhou Xing Yi
BG8NRN,Guizhou Xingyi
BD3PTO,Xingtai
BH8SBI,Honghe
BH8UYG,Kaiyuan
BH8QJS,Chongqing
BI1QJN,Beijing
BI9AIB,Xiaan
BD4VQB,suzhou
BG5VJH,Fuzhou
BA3ML,handan
BG6AJI,
BD4VLD,Yangzhou
BI1QMI,BeiJing
BG8IQQ,Chongqing
BG5IRE,Ganzhou
BG6HTA,Hefei
BI1FRS,Chaoyang
BI1QJC,Beijing
BH2WPV,Dalian
BH6ACR,Suzhou Sixian
BG5VLS,Amoy
BG8LMR,Shanghai
BD8CMP,Chengdu
BH8WZL,Kunming
BG4TD,Yancheng
BD3PSP,shijiazhuang
BG8IYF,Chongqing
BG9JAQ,Lan Zhou
BH8SKV,km
BH4SGR,Kunshan  Jiangsu
BD3PME,Hebei
BD7PKU,Dongguan
BG2FGR,Harbin
BG2FLS,Harbin
BG5IPD,Yichun
BI1QGF,Beijing 
BH3FJE,Tianjin
BI4KKW,Linyi
BD7PKZ,shenzhen
BD4XEF,Nantong
BD8BVN,None
BG8JYB,ChongQing
BG6HEE,Hefei
BG5IZS,Ganzhou
BH3GTG,
BG5IZT,Ganzhou
BH3GVV,Huhhot
BH4QLS,Su Zhou
BA3OS,Handan
BG2LWA,SiPing
BG5GTN,Ningbo
BH3FZG,TianJin
BA4OO,
BG6XUZ,JingZhou
BD7PGA,
BG3POT,Xingtai
BG5IZR,Ganzhou
BG5BHP,Zhoushan
BI6PAG,ZHENGZHOU
BD3PNO,Xingtai
BH3ROI,renqiu
BH1NGP,Beijing
BH8UBA,
BI4NWL,de zhou shi
BG8KFF,None
BI4ONU,
BI1FVO,Mi Yun
BH4GPF,Shanghai
BH8UMW,
BH4UJQ,gaoyou
BD3QII,None
BH3GTM,None
BH3GSJ,neimengguchifengshisongshanqu
BD3PAF,CangZhou
BH3GTK,
BG8LID,Chongqing
BH6ABO,Suzhou City  Anhui Province
BG5AOQ,Ningbo
BG8LLO,None
BG8KJH,chongqing
BI4SAW,Wuxi
BG0EFC,Karamay
BG8LGG,Chongqing
BG8LLJ,Chongqing
BD8CMF,Guang An
BI1QKE,Beijing
BG0ELI,kashi
BH4TPJ,Jiangyin City  Jiangsu Province
BD8CBF,Chengdu 
BG8KFC,Chongqing
BG8JLS,Chongqing
BG9SER,Xining
BI4IWQ,Taian
BH3GVO,CHIFENG
BH4SSZ,None
BG5AEE,Hangzhou
BG8KOU,Chongqing
BH6AFE,Beng  bu
BG0DPJ,Xin Jiang
BG5BMV,
BH4GPX,Shanghai
BH4GFY,Shanghai
BH3QFG,TangShan
BA7MAX,China
BG5BSV,NingBo
BG8IXH,None
BG5BLB,NingBo
BI9AQE,Shaanxi
BA7NFS,Zhongshan
BG8IWZ,Chongqing
BD3PNH,Baoding
BH3FJG,Tianjin 
BG8LOT,Chongqing
BH8WZO,kunming 
BG8JIF,Chongqing
BG8LFW,Chongqing
BG9IZJ,Jiuquan Gansu
BH8UTO,Kunming
BI6JPZ,Anyang
BG8LMZ,Chongqing
BG3LBO,neimengguchifengshihongshanqu
BG3QWL,Baoding
BH3GVP,Huhehot
BG5BRS,zhejiang china
BG7WXB,Shenzhen
BI3XLP,Datong Shanxi
BH6IDA,Zhengzhou
BG5BPH,Hangzhou
BG8JLV,Chongqing
BA7MUJ,ShenZhen
BI1QYJ,Beijing
BH4GQK,Shanghai
BH6BNM,Wuhu
BG1DCL,Beijing
BG2FFW,Hrb
BH4GEU,Shanghai
BH4GQX,Shanghai
BH6BNJ,
BH1OQA,Beijing
BH1RXD,Beijing  People s Republic Of China
BI1QNN,beijing
BI1QZX,
BI6NSK,Zhengzhou
BI6OJB,China
BG8AHT,Chengdu
BH3FUZ,Tian Jin
BG8JGX,Chongqing
BG8IOT,Chongqing
BG8EOX,Nanchong
BH7LI,Guangzhou 
BG9HQA,
BI8DPZ,ChengDu
BG6WIS,Wuhan
BI1QOQ,Beijing
BH4WRJ,None
BI1QJQ,Beijing
BH8XAI,kunming
BI1QON,beijing
BH6BRE,huainan
BG0DRM,Akesu 
BH3GWN,chifeng
BI3ABF,TianJin
BI3XJL,Taiyuan
BG2FVY,Haerbin
BG7XZG,Guang Xi
BG9GVB,Jiuquan City  Gansu Province 
BD4WMA,SuZhou
BI1PNC,Changping District  Beijing
BG9HQD,Jiuquan
BG0EFK,Altay
BD4WPE,nantong
BG6JEV,Zhengzhou
BH1KNQ,Beijing
BI1PYS,Fangshanqu
BI1QTW,Beijing
BI6NRV,Zhengzhou
BH7FKS,Chang Sha
BG3LCL,
BH8UUE,Kunming
BD7PKR,Dongguan  Guangdong 
BG9DDN,XI AN
BI1NPU,Fengtaiqu
BI6NFU,Zhengzhou
BH1XWE,Bei Jing
BI3ABQ,Tianjin
BG4IDN,Zao Zhuang
BG0GG,Xizang
BH7BMG,changsha
BH6ARN,Chuzhou
BG8IEN,Chongqing
BI4JWS,Qingdao
BG0EJO,Changji
BG4LAI,Linyi
BI1CAT,Beijing
BG4VO,
BG5FMK,Tai Zhou
BG4IDK,Jining City  Shandong Province
BD4UTH,Nanjing
BD8CLK,Baoding City
BG9JDI,Lanzhou
BI3XGF,Taiyuan
BG8JVU,Chongqing
BI1QXC,
BH1APT,
BD8CQW,Chengdu
BI4PPP,Zibo
BD4XGP,
BI4LNM,Qingdao
BH3GYL,Chifeng
BD4WHB,Wuxi
BD8CIS,
BI4XHX,huaian
BG4MGN,Taian
BG3KGW,neimengguchifengshihongshanqu
BG6MET,xinxiangshi
BG6KWK,xinxiangshi
BI7ODL,Zhanjiang Guangdong
BH9CDK,Xian
BI6IQS,xinxiangshi
BD4WLA,WUXI 
BD4WKP,wuxi 
BH3RXN,Qinhuangdao
BG8KDO, ChongQing
BI6NBX,xinxiangshi
BH9FDZ,Xi An
BI6NCB,XINXIANG
BG5BLL,ningbo
BG6HVC,Hefei
BH8UME,kunming
BD7PJQ,Shenzhen
BG6QDS,hubei
BD8CTJ,Deyang
BH6BID,chizhou
BH8UPO,KunMing
BG0ELA,Urumqi
BH3DKN,Tianjin
BG2RUZ,Benxi
BH4XJE,Lian Yun Gang
BD3PKD,Xingtai
BD8CQQ,Chengdu City
BA3MB,QinHuangDao
BH3PDP,Lubei District  Tangshan City  Hebei Province
BH6BNK,wuhu
BD8CJJ,Chengdu
BG1RVS,China
BG4NED,qingdao
BA3NO,Handan
BG5BUP,Jiaxing Zhejiang
BH3FWA,Tianjin
BD8ASN,Shaxian District  Sanming City Fujian Province
BD8AJV,Shuangfeng Town  Longchang City  Neijiang City  Sichuan Province
BD4WSN,Nanjing
BH4REQ,Nanjing
BI9AOV,Xian
BG0HM,Lasa
BH2WQF,Shenyang
BH3RBT,XingTai
BH4GSJ,Shanghai
BG4WIP,Nan Jing
BG4IBF,Qingdao
BA7NDL,shanghai
BG9JDR,Lanzhou
BH6AAE,Anhui Bozhou
BH8WUW,kunming yunnan
BD8AQP,Guangzhou
BH7GUX,
BD8BKH,chengdu
BH3GUC,Xilingol League  Inner Mongolia
BG6HHK,Hefei
BD4WMD,
BG4ICX,linyi
BH3MWS,Tangshancity
BD4WME,XuZhou
BG3RUI,TangShanCity
BG5BTH,Zhejiang
BH4GSH,Shanghai
BH4GRY,Shanghai
BH3GUD,Baotou
BG7YZS,qionghaishichangpozhen
BG5HBS,hangzhou
BG9GIQ,gansu
BG9IIV,gansu
BD7PDK,Shenzhen
BD4VQF,SuZhou
BG2FWM,Sui Hua
BD8AYY,Chengdu
BD3NO,Tianjin Ct
BH2WOY,LiaoNingShenYang
BI4NAA,Jining
BI1QZS,Beijing
BG5AJG,Hangzhou
BG8LNN,Chongqing
BD8CBG,chengdu
BD7PRC,
BH4GSP,None
BA7MYC,
BH4GSD,Shanghai
BA7NWG,Shan Tou
BG2FAS,Daqing
BG5BVM,LISHUI
BD4XX,Yanchengfuning
BI6NBQ,xinxiangshi 
BH6BNN,wuhu
BI1FTC,Beijing
BI4PZY,Shandong Qingdao
BG5BXG,
BD7PEC,meizhou
BD8BNS,zhongjiang
BG5AQU,JiaXing
BI4PPJ,Xi Hai An Xin Qu  Qingdao
BG7TFA,liuzhou
BH3GWV,baotou
BH6NGY,xinxiangshi
BH8WJD,
BI1NQC,Beijing
BD4SUD,Nanjing
BG0GC,LHSA
BG4RX,Huaian
BG7XKA,Hechi
BH3PMC,TongShanCity
BG6HHF,HeFei
BH4GRZ,Shanghai
BG8LKE,Chongqing
BD8CQX,Chengdu
BG5AQW,Hangzhou
BG5BVI,Shaoxing
BG2FOT,Harbin
BH8WYT,Yunnankunming
BI4PYN,Qingdao 
BH1ULY,Beijing
BG5BVL,Jiaxing
BI3XRG,Shanxi
BA7MSB,dongguan
BG8BAJ,Cheng Du
BG2FVR,Harbin
BG7OPI,Shenzhen  Guangdong
BG7WJT,China
BD8CNH,Chongqing
BH8QGC,Guiyang
BH4PFN,Shandong
BG2XIT,Huludao
BG0BMA,
BI4JAE,Shandong
BI4NWZ,
BI8BNE,Xichang
BH4FYR,None
BI3XMY,Datongshi
BI4IVU,Jinan
BI4PNY,Qingdao
BG0ECE,Chang Ji
BG9KBG,Lanzhou
BG5FJJ,ZheJiang
BH8CQH,Chengdu
BH3EWH,None
BG6SPY,Xianning
BG6SQD,Xianning
BH2WNX,liaoning
BI8BND,Xichang
BI1OBW,Yancheng
BI4TGK,changzhou
BH6NGZ,xinxiangshi
BG1MSN,Bei jing
BH7DVW,Taoyuan County  Changde City  Hunan Province  China
BI4JUS,
BG1UHX,Beijing
BH1QQM,Beijing
BG1UIT,Beijing
BH3CXF,Tianjin
BH3CXG,Tianjin
BI1ONA,beijing
BH3GTX,Inner Mongolia
BI9APT,Shaanxi Province Hanzhong City
BG6SPU,xiantao
BG5IVX,NanChang
BA7JDE,Guangzhou
BD4VDZ,Nanjing
BH3FJD,Tianjin 
BH6AIY,Fuyang Anhui
BI4NIF,
BI4JWP,heze
BG4IFD,weifang
BI1NPE,beijing
BA3TA,
BI8EUO,
BG6WQU,Wuhan
BG6HGQ,Hefei
BD8CUN,Chengdu sichuan
BI3XLN,Datong
BH4GTJ,Shanghai
BD4WUG,nanjing
BD8BHB,
BH2WOF,Da Lian
BI8DLG,
BI3XKB,Yuncheng
BG8FQH,Chengdu
BH2WRL,Dalian
BG5IOR,NanChang
BG3ICD,Hohhot
BH8QJY,Guiyang
BG6HDD,Hefei
BG3KCA,Hohhot
BG9IZE,Jiuquan
BH8NUF,Guiyang
BG7FBO,Changsha
BH1PHL,Beijing
BH1MYJ,beijing
BH8NTN,GUIYANG
BG4UTA,Nan Tong
BI3ADH,Tianjin
BI3XRP,
BD8CKD,chengdu
BD8CTO,ChengDu
BH8WWP,ChuXiong
BD8AXB,ChengDu
BD8CPB,Chengdu Sichuan
BD4WMZ,Suzhou
BD4WMV,SUZHOU
BG6SQP,Wuhan
BD8CNV,
BG7XRC,Liuzhou
BH8CLR,Chengdu
BI1PVB,BeiJing
BG1EHI,Tong Zhou
BD4WNG,SuZhou
BG5BNW,Ningbo
BH1XLD,beijing
BI1QMM,beijing
BG7TJO,liuzhoushi
BI4PRJ,shandong
BH1ITZ,beijing
BG6HFT,Hefei
BA7IOI,Shenzhen 
BH3GUT,Hohhot
BH3GOD,Hohhot
BD3PRT,Xingtai City  Hebei Province
BI1QFL,beijing
BD4WNB,Suzhou
BG1FS,Bei Jing
BH7GUE,Changsha
BH6BCC,
BI4IJ,
BH7CTJ,Loudi
BG5IXA,None
BG6IZO,henankaifeng
BH8PAA,Guizhou
BH6AZV,Maanshan
BD8CQV,Chengdu
BG6TEC,Xiangfan
BG9IVH,Jiuquan
BI4JJH,JiNan
BD4XFM,Nantong
BG5IYU,Pingxiang
BA7MYV,Guangzhou
BD4VQA,SuZhou
BG8KUS,Chongqing
BG5JAB,Nanchang
BI1QQK,beijing
BA7NIG,
BI1PTQ,Changping
BD7PIM,Shenzhen
BI1QUS,Beijing
BI1OWM,Beijing
BD8CKF,
BG8LJT,chongqing
BG9IZF,Jiuquan
BH2WIX,
BG5VMD,Fuzhou Fujian Province
BD4WVQ,Yixing
BD8ATT,Chengdu
BG7CAN,YueYang
BI1OMN,beijing
BI1QOU,Beijing
BI9AJC,Xian
BG6SOT,Yichang
BG5IQL,Nanchang
BD4QFV,Zhenjiang
BD4TGN,Zhenjiang
BD8AIL,Chengdu
BD4WUI,Nanjing
BG5BMC,HangZhou
BG5IPL,Nanchang
BG8JSQ,Chongqing
BG8LRF,chongqin
BH2WZK,La Sa Ri Ka Ze
BH2TET,Shenyang
BG4SXE,SUZHOU
BD7PLL,Meizhou
BG4QAM,
BI1NOD,Beijing
BD8CIE,Purg County  Sichuan Province
BG8KPW,Chong Qing
BH2VGV,liaoyang
BG5BFW,Wucheng District Of Jinhua City Zhejiang Province
BD4WPW,Changzhou
BH2VLF,Liaoyang
BI9AUM,Xian
BI4PHQ,
BG4ILW,Jinan
BD8AAB,chengdu
BD8CNF,chengdu
BH2RJI,ChaoYang
BI8ESN,Zigong
BI1ONR,Mi Yun
BD8BSK,Cheng Du
BD4VCR,Nanjing
BI4PZZ,Jinan 
BA7IVW,Guangdong
BH2WJP,DaLian
BG7ZDZ,Haikou
BI3NF,hengshuishi
BG1KLE,Beijing
BI9AHU,Xi An City 
BI3AEA,Tianjin
BH3OY,Chengde
BI6MJQ,Zhengzhou
BD7PKP,Shenzhen
BH2WJQ,DaLian
BD8CIT,Chengdu
BI6NSL,
BG5ESN,Huzhou  Zhejiang Province
BG8LRJ,Chong Qing
BH6BBT,Wuhu
BI4JWX,Jinan
BG4IGB,Jining City  Shandong Province
BG6TDO,
BI1QOC,Haidian District  Beijing 
BI3XRO,datobg
BG6SBS,Huanggang
BH1CKS,Beijing
BI6OKE,nanyang
BI9BO,Xian
BI1QGC,Beijing 
BG4IIP,Jinan
BG4NEF,Qingdao
BG4ILJ,Jinan
BH2QNW,anshan
BD4WMQ,Zhangjiagang
BD7KSS,guangdongsheng
BD4RGV,nanjing
BG6UGK,Wuhan
BG6VLM,Wuhan
BH3GXL,Wuhai
BA7MSU,guangdong
BA1MK,
BH1IAO,beijing
BD8DBA,
BA7NVI,shenzhen
BG7EAN,ChangSha
BA4OP,
BH3EGX,Wenshan
BG0ENS,Shihezi
BG5EOO,jiaxing
BD8CZY,
BG5USO,Fuzhou Fujian
BH8XDF,YUNNAN KUNMING
BG6SPG,Wuhan
BI1OGE,Beijing
BH4GTL,Shanghai
BH8XDV,Xishuangbanna
BG9IZA,Jiuquan
BG6GSQ,huai nan
BD4WUO,Nanjing  Jiangsu 
BI4NQQ,
BG5BNB,Jinhua  Zhejiang
BH3ONN,tangshan
BG4XZU,YanCheng
BD3OEN,Langfang
BG2LLV,Changchun
BI3ADU,Tianjin
BI3AFK,tianjin
BG2LXX,ChanChun
BI1QXR,Tongzhou District  Beijing 
BD3PLU,Shijiazhuang
BI1BSG,Beijing
BG5BGC,Yiwu
BG2FZC,Hegang Heilongjiang
BG4IQG,Zibo
BG5VNM,FuZhou
BH6AFO,Benbu
BD7PSI,Guangzhou
BI6OEK,
BH1MJK,Beijing
BI1FSG,Beijing
BG2FZZ,Harbin
BH3GTP,Chifeng
BH4DKU,Shanghai
BG4IEC,Binzhou
BG6HUO,Hefei
BG5IXD,
BG5CDM,Jinhua
BI1QXG,Mi yun
BG5IJY,Nanchang
BG5CCZ,
BH8XDS,Kunming
BD4WQV,Li Yang
BH1WVU,beijing
BD7HJ,YueYang
BG5CDT,jinhua
BG8LQR,chongqing
BG0GJ,ChangDuXizang
BH7GZK,Lukou District  Zhuzhou City  Hunan Provice 
BG5CDV,Jinhua City Zhejiang Province
BG9GZL,Jiuquan
BG5CCW,huzhou
BG4IOZ,Jinan
BG5DUT,Pujiang County Zhejiang Province
BG2LVS,Changchun
BI8DSJ,Chendu
BD8CXW,chengdu
BH7GRB,Changsha
BG7ZT,Xi'An
BH6AFL,BenBu
BG2FQC,Harbin
BH6AZQ,Maanshan
BD8CHI,Mian Yang City  Si Chuan Province 
BI4KVB,Qingdao
BH8XDG,Yuxi
BG9IXE,
BH3FQQ,Tianjin
BD4TXJ,Suining
BH2RCG,Dandong  Liaoning
BH4GUG,Shanghai
BH3DID,Tianjin
BG6HQZ,Hefei
BG4IQT,QingDao
BG5BYZ,Hangzhou
BG6IFA,Zhengzhou
BG5CEB,jinhua
BD4WTG,Nanjing
BG5BZQ,Hangzhou
BG5IPQ,NanChang
BH4ETM,Jiading  Shanghai
BG5OE,Nanchang Jiangxi
BA7IVE,SHENZHEN
BH4KTD,LINYI
BH8DOE,Yibin
BD8AVW,
BH9EPX,Xian
BG2VWO,Shenyang
BG5IJC,Nanchang
BG5IFA,Nanchang
BI1RAR,Beijing
BG2FSU,
BI3AEY,Tian Jin
BG2FPX,Jixi
BG2LWR,changchun
BD4XNK,
BH4EAL,Shanghai
BA7IQL,Guangzhou  Guangdong
BI4SRW,Jiangyin
BG3RQT,Tangshan
BG5IWT,NanChang
BG8DIH,Xichang
BH6NHL,henan xinxiang
BI9ANL,Xian
BH8OOA,guiyang
BI1HAY,beijing
BI4MMV,TaiAn
BI4NTT,Lin Yi
BH3GPT,Bayannur
BG5CDO,Wuyi
BI6OXN,zhnegzhou 
BG7ZCN,
BD7PSP,Shenzhen
BI4LXM,zibo 
BI3OIR,Zhangjiakou
BG4IIQ,Jinan
BD4XDM,Nantong City  Haian County 
BH4GUM,Shanghai
BI1QUY,Beijing
BI4JWL,Yanzhou
BG5BRY,NingBo
BI1AKW,
BH8WSY,chuxiong
BD4WEH,WuXi
BG8KMG,chongqing
BG5VET,Fuzhou
BH6JCL,luoyang
BH8QMP,GuiYang
BG5BUN,Taizhou
BG6UKY,Yichang
BG2BNG,Daowai Dist  Harbin
BH8WZE,Kunming
BG4QG,Xuzhou City
BH4FRU,Shanghai
BG8KDK,chongqing
BH4QJE,Jincheng Town Jintan Changzhou Jiangsu
BD8CMN,Tongxiang
BD4XQD,XUZHOU
BG4EHY,shanghai
BH4AZD,Shanghai
BH8XEV,Kunming
BD4XQC,Xuzhou
BD2BN,Harbin
BH8XDH,KUNMING
BI3AJ,Xuzhou
BG2KLY,Chang Chun
BG4IGH,Jinan
BH4GRU,Shanghai
BA1GM,Wang Si Ying Chaoya
BH4GVJ,Shanghai
BG5CEU,Jinhua
BI4KKZ,Linyi City  Shandong Province
BH4ERZ,Shanghai
BI1RFA,Beijing
BG7TAM,Guangxi Liuzhou
BD8CBX,Chengdu City  Sichuan Province 
BH2VYW,Dalian
BH1WHG,BeiJing
BG4TVT,
BD4WKY,Suzhou
BD4WNA,Suzhou  Jiangsu
BG1SUD,Beijing
BA7NLD,Shawan District  Panyu Canton  Guangdong Province 
BI6OXO,Henan
BA7IVH,Guangzhou
BH4GVF,Shanghai
BG4ISJ,Jining
BH2WZU,Dalian
BG7NIP,Shanghai
BG6UFA,Yichang
BD4XOA,
BH4GUU,Shanghai
BG4ICB,Taian
BG2LMI,Changchun City
BG2LLU,Changchun
BG1PUT,Beijing
BI4MGZ,JiNing
BH6BNU,
BG4ITE,Jining
BG2LOU,Changchun
BG6BIT,HeFi AnHui
BI3XUW,Liulin
BG5IXU,Nanchang
BH4EWR,Shanghai
BD1LT,
BG4IUJ,Weihai
BD3OY,Hengshui
BH2XBA,Yingkou 
BH8XHA,KunMing
BI1REP,Beijing
BH8PYF,GuiYang
BH2TAJ,BenXi
BG3ITM,Hohhot
BH2SOA,shenyang
BH1PYG,Biejing
BH4GUV,Shanghai
BG6HSS,Hefei
BI3XUJ,chang zhi shi
BG6HJE,Hefei  Anhui
BH9FRG,Wei Nan City  Shaanxi Province
BH4GVE,Shanghai
BD4WDU,Wuxi
BD8GK,Chong Qing City
BH4GWC,Shanghai
BD3PNK,
BG5DIY,Jinhua
BH4GWF,Shanghai
BD4XSS,Non tong
BD1ASV,Beijing
BG5BLH,Dong Qian Lake Town Ning Bo City
BH8ASQ,Suining
BH8CBA,
BH1MES,Beijing
BG8NSM,Chang Fu
BG1MRR,beijing
BG0EOA,Urumqi
BG7RVP,Ping Nan Guigang
BG0EMG,Korla
BD8ALW,Chengdu
BD3QYE,TangShan
BI3XUT,
BD4XDU,NanTong
BG2FTF,Harbin
BG5NKC,Fuliang County Jingdezhen Jiangxi Province 
BI1QMY,Beijing
BA8AQQ,Sichuan Dz
BI3XUM,
BD4WDD,wuxi 
BG2EYV,Harbin
BG4REZ,Nnanjing
BI3AEP,tianjin
BG4ICF,TaiAn
BG7MF,GangDong Yangchun
BD8AML,Chengdu Sichuan
BD2AAJ,YICHUN
BI1OZI,Beijing
BD4TGF,Digital link
BI6OWC,Lankao
BH6BIO,anhui
BI1NFU,Fengtai District  Beijing
BG4IDM,Jining
BI1DRO,Beijing
BH2TJT,Dalian
BH2TJT,Dalian
BD3OKJ,Baoding
BG1FAM,beijing
BH4XBU,Changzhou
BH8FWG,
BG0DQD,Korla
BG4IXG,
BG5CEE,Jinhua
BD4XRX,nantong
BG6APT,
BD8DAX,
BI4PGH,Rencheng  Jining  Shandong
BH4GQD,Shanghai
BG5LO,jiang xi
BG0EOB,wulumuqi
BH7HYB,Hunan
BI4LZO,Jinan
BG7OLE,Guangdong  Yangchun
BD4XNS,Suzhou
BH8AST,Suining
BD8DAW,
BI6KYY,henanzhengzhou
BG5CCK,Wenzhou  Zhejiang
BH6IFA,henanzhengzhou
BG5ISQ,Ping Xiang
BH3FSP, Tianjin
BI4OJQ,Qingdao
BG5CCT,Wenzhou
BD3OMS,Tangshan
BG5CCX,Taizhou
BG5IZQ,Leping
BD4QDP,Suqian
BI3XQE,Taiyuan
BG6BNY,Anhuimaanshan
BG4IXX,Qing Dao
BH2SKY,Dalian
BD4XTS,Nantong 
BI1RFO,Xi'An
BI1RNK,Beijing
BI4SEC,
BH6BCJ,wuhu
BI1ROP,Beijing
BI1RNJ,BEIJING
BD4QAJ,Zhangjiagang
BG7XNS,Guilin  Guangxi Zhuang Autonomous Region
BI1RUR,Beijing
BH2XEE,Da Lian
BG7ULH,Guangxi Guilin
BH2TGB,Dalian
BH2RHF,shenyang
BI1RJY,beijing
BI1RMB,Beijing
BI1RQA,Beijing
BI1RUJ,Beijing
BG7QOP,BeiHai
BI1RGJ,Beijing
BI1RJS,Beijing
BI1RKJ,Beijing
BI1RKA,Beijing
BH8BZX,Suining
BH1AVH,Beijing
BI1RHR,Beijing
BG2FYX,YYDS
BD4VEA,TaiZhou
BD7MLA,Guangdong Yangxi
BG8JRJ,ChongQing
BH4EVN,Shanghhai
BH2WOP,Shenyang
BI3XVD,TAIYUAN
BG5VOM,FUZHOU
BG7UZH,GUILIN
BI1RRR,Beijing
BH2WUE,PAN JIN
BA7NYC,shenzhen
BD4XOK,Suzhou
BH1NGG,Changping District Beijing
BH8XIT,QuJing
BH2TSP,Dalian
BH3TES,Jincheng  Shanxi 
BH8FGZ,
BI1RFJ,BJ
BG2LYK,Siping
BG0AMS,Karamay  Xinjiang
BI1QZH,Changping
BI1RRB,Beijing
BI1RPA,Beijing
BG0EJQ,WuLuMuQi
BI1RHP,Changping
BH2XAZ,Shenyang
BD4WXG,Nanjin
BI1RII,Beijing
BI8DQF,Nanchong
BH4QFU,jiangyin
BI1RIR,Beijing
BG8EQH,chengdu
BG2JTD,Changchun
BG5IVP,NanChang
BH8PVH,GuiYang
BH4GTG,Shanghai
BG5IVW,NanChang
BH3FMD,Tianjin
BG2AVS,Harbin
BD8CMG,Chengdu
BD4VXX,Nan Tong
BH4OGZ,ZIBO
BD6CA,Hefei
BG0BBB,Urmuqi
BG2FRI,Jiamusi
BH8NNU,
BD9IE,Lanzhou Gansu
BI1RLO,Hello World
BI6ONW,Luohe
BD3GIP,Baotou Inner Mongol
BG0AQM,Urumqi-City Xinjian
BG0BVS,Urumqi
BG0BHX,Kuerl
BG0AVK,Urumqi City Xinjian
BG0AWA,Changji
BG9NNN,Lanzhou
BG0BPP,Changji
BG9JFQ,Lanzhou
BI4PED,
BG0AVP,UrumqiXinjiang
BG0BDI,Xinhu General Yard
BG9HUT,
BG9HUT,
BG0AXS,Karamay Xinjiang
BG0CCD,Karamay
BG0BYM,Wu Lu Mu Qi
BH4GWO,Shanghai
BG0AFA,Wulumuqi
BG9GRU,Lanzhou
BG0CAA,Urumqi
BG0BBK,Urumqi
BG0AKM,Urumqi
BG0BZH,Urumqi
BG0BWJ,Karamay
BG9IEQ,Jinchang CityGansu
BG9IED,Jinchang CityGansu
BG0AUK,Korla CityXinjiang
BG9AU,Xianyang
BG0BWG,Kuytun
BG0BUO,Urumqi
BG0BAC,
BG0BBC,
BG0EK,Karamay
BG0BWQ,Urumqi
BD2TN,
BD4WXK,NANJING
BG0BES,Wusu
BD4WEF,Wuxi
BI4MEL,Rizhao
BI1RIK,Chaoyang
BD4XMQ,SuZhou
BG9OGY,Zhongwei
BI4VQC,None
BG1PWT,Fangshanqu
BH9DNV,Xining
BG0BMI,Urumqi
BG0BMI,Urumqi
BG9HUF,Lanzhou
BG2FZH,Qiqihar
BG8IHH,ChongQing
BG0BYZ,Urumqi City
BG0BYZ,Urumqi City
BG9HUF,Lanzhou
BG3SRX,Chang Zhi Shanxi Bra
BG6VPM,Yezhihu West Road  Hongshan District  Wuhan City  Hubei Province
BI1QBB,beijing
BH2WRI,DaLian
BH4GUZ,Shanghai
BI4POC,Qingdao
BG0CFD,Urumqi
BG0COC,Kuitun
BG0COC,Kuitun
BG0AOV,Urumqi
BG0COF,Urumqi
BG9FJD,
BI8FDV,XiChang
BG9GKF,Gan Su Sheng Lin Xia Shi
BG6HKG,HeFei
BG9FJD,
BH3GSC,Baotou
BG0CJM,Qitai
BD7KHW,Shaoguang
BH3CFM,Tianjin
BH4KFF,WeiFang 
BI1ODY,Beijing
BH4GWS,Shanghai
BH6IYG,Luoyang
BG6HJR,hefei
BH4SJA,Lianyungang
VR2YUP,Hong Kong
BH3BOD,Tianjin
BI1NJS,Dongcheng District  Beijing
BG9UT,Xianning
BH6BNW,Wuhu
BG9JFU,Lanzhou
BI1NSU,Haidian
BG4UNP,Nan Tong
BH6LIJ,Xinxiang
BG7TFN,Liuzhou
BG8LNG,Chongqing  Nanbin Road 
BG2LZR,Jilin 
BH2XFB,Shenyang
BD8ALD, Chengdu Sichuan
BI4WTQ,suzhou
BI8CQB,Cheng Du
BH4ILL,Jinan
BG2LZC,Ji Lin
BG7TPG,Guangxi Liuzhou
BH8XDJ,Dali  Yunnan Province
BG8KZF,Chongqing China
BI4KTM,
BH8XHO,Kunming
BI4SHE,Wuxi
BI9BBA,
BA7OGO,Shenzhen
BD8DFV,Xichang
BG2LZY,
BG4IWE,Yantai
BI1SAM,
BG6KDE,china
BG6TCB,Wuhan
BG8HAY,Jiu Long Po District Chongqing China
BI7ALG,
BH8QJV,GuiYang
BG4ISC,Jinan
BG5GLJ,Ningbo
BD4XGM,wuxi
BI1RLA,Beijing
BI1RKW,Beijing
BI4TQU,Suzhou
BG0DEL,Urumqi
BG5CJQ,jiaxin
BH7HLR,Changsha  Hunan Province 
BG7SLL,Liuzhou
BG8KNI,ChongQing
BG0DRZ,Shanghai
BI1NMN,Beijing
BH4HQO,Shanghai
BD8DFZ,Chendu
BI3WIO,Jinzhong
BD4WUM,nanjing
BD8CNL,Yibin City
BG3ROB,Tangshan
BG5JAO,nanchang
BG5JAQ,NanChang
BI8AO,Yibin City  Sichuan Province
BG7QHL,Qin Zhou
BH8PKW,Qianxi
BG2GBQ,Yichun
BD8DFK,Chengdu  Sichuan
BG5BJD,Ningbo City  Zhejiang Province
BG2MAH,CHangchun lvyuan
BG2MAN,changchun
BI8EJF,DeYang
BG4RDQ,NanJing
BG9SHD,xining
BD4RGI,Non Tong
BG2MAQ,changchun
BI1QDJ,Bei Jing
BI1QDP,Bei Jing
BI6OCH,zhengzhou
BD8BEA,
BG7SAE,Guangxi Liuzhou
BH8QLD,Qianxinan
BH2WNG,
BD4WPD,Nan tong
BG0CWD,Wulumuqi
BG2IHF,Changchun
BD4XGT,wuxi
BG2LZW,Changchun
BG8HLG,Chongqing
BI6OYA,
BG2MAI,jilin
BI3XWM,Taiyuan
BI4PRY,Zibo City  Shandong Province 
BG7DXP,hunan
BG2MBC,Changchun
BD4XSX,NanTong
BI6MAA,Zhengzhou
BD8CPY,Chengdu
BG8KDD,chongqing
BG5IYZ,shangrao
BG5JBA,nanchang
BG5IPE,Nanchang
BD4RGG,Non Tong
BD4TOC,Non Tong
BI7LKO,Dianbai District  Maoming City  Guangdong Province 
BG2JTE,changchun
BD9GBV,Lanzhou  Gansu Province
BG5JAX,Ganzhou City  Jiangxi Province 
BI1SAO,Beijing
BA4QGG,suzhou
BG2LAS,Changchun
BI6NYU,He Nan Zheng Zhou
BG7SA,Nanning City
BI6OTD,China
BA7NKE,Foshan
BH2XFV,Shenyang
BD4XGI,WUXI
BG6LMQ,
BG8JGW,Chongqing
BI1EOQ,Bei Jing
BD7MTE,Guangzhou
BG7SQ,Nanning
BG5JAF,Ganzhou
BI8FVY,chengdu
BG5IZX,Jiagxi
BG7HAM,Hunan 
BI1PVR,Beijing
BG7RXE,Nanning  Guangxi Province
BI6OYU,Zhoukou
BI9AZO,Ankang
BG2FQR,Daqing  Heilongjiang Province
BG4IRM,Ji Nan
BI6OEP,China
BI9AMY,Shanxi
BG5JAP,Nanchang
BI6OFB,
BA7NYV,Guangzhou
BD4XHE,wuxi
BG2MAT,
BA7NXR,Shenzhen
BG2MBQ,Changchun Jilin
BG7DTK,ChongQing
BG2MAW,Changchun
BI9FJ,Xian
BI1RYX,Beijing
BI3XWQ,jinzhong
BI1RMN,Beijing
BG4IGI,Jinan  Shandong
BH2XCK,Liaoyang
BI6OWX,Xinxiang
BI6OHR,Xx
BH2XFS,PAN JIN
BD3PQP,
BD4UNY,nanjing
BG7TRO,Nanning
BD4XEG,Wuxi
BG4TU,Yancheng
BG7RF,BeiHai
BG5CJI,
BA7ONO,ShenZhen
BH6BKA,
BD5KK,Jiujiang
BA7IBY,BEIJING
BI6OFG,Zhengzhou
BG6UAA,Wuhan
BG6TMA,Wuhan
BG2KBR,Changchun
BH8XHM,Kunming
BG2DNM,Heilongjiang
BG8BX,chengdu
BI1KFL,BeiJing
BG2GBZ,Daqing
BG6USA,QianJiang
BH4FFA,Macao
BG6VMO,Qianjiang
BI1PRZ,Chaoyang
BI4JCL,WeiFang
BI9BAC,Shang Luo
BI9AJQ,Shaanxi
BA7ICH,SHENZHEN
BG6VPQ,Jingzhou
BI1SGD,Beijing
BH1TTF,None
BI1SHE,Beijing
BG2KHY,Changchun  Jilin Province 
BG2MBN,CHANG CHUN
BI3AK,Beijing
BG0ELR,
BI1SDD,Beijing
BI1SCS,Beijing
BI1PXE,Beijing
BI1SGI,Beijing
BH7JVQ,foshan
BG7XTK,Nanning City
BD8BSE,
BH8MEG,Gui Yang
BD8CCG,
BG4IAU,Liaocheng  Shandong Province
BH5EJK,Jiaxing Zhejiang Province
BG2GBY,Daqing
BG4HUN,Shanghai
BD8BVY,ChengDu
BG8LTH,ChongQing
BA7IEE,Shen Zhen
BG1QGV,Beijing
BG6MAK,Zhengzhou City  Henan Province 
BI1SHV,Beijing
BD8CBP,Chengdu
BG1QXO,beijing
BI1SES,Beijing
BI1PJP,BEIJING
BH2XBF,Jin Zhou
BH2XGC,
BI1QMQ,Beijing
BH8QLG,Guizhou Guizhou
BD2AWM,
BD8AAT,Yibin
BG8NMC,Guiyang Guizhou Province
BI6POC,china
BG5JBV,
BG2JTG,Changchun
BG0EQZ,Xian
BH6ICC,Zhengzhou
BA7IEP,GuangZhou
BD3QXU,Tangshan
BG0EQG,Kashi
BA7IOL,Shenzhen
BH6IDM,ZHENGZHOU
BG4IDP,Zaozhuang
BI4JXS,BinZhou
BI6NMZ,Xuchang
BI4WNB,Nanjin
BI6PAE,Xinzheng
BG2MAU,changchun
BA7IVD,Guang Zhou
BA7IEB,
BG1HTG,Beijing
BH4GZC,Shanghai
BI4NAY,Rizhao
BI7PKG,Guangzhy
BG2USE,ShenYang
BG1QPV,Beijing
BD8DGS,Chengdu
BG2ISR,Changchun
BG9GAM,Lanzhou
BI1BIY,BeiJing
BG6UKQ,Wuhan
BG8ODM,Guiyang
BH2VSY,Shenyang
BG6DSN,Chuzhou
BG8IWP,ChongQing
BI9BBL,
BI6OFS,zhengzhou
BI3WKD,Datong
BI9BEJ,XiAn
BA7ODY,GuangZhou
BG2LZT,Changchun
BI1RMX,Beijing
BI9BEH,Xian
BI9BCF,Xian
BI1RUD,Beijing
BI9BDH,
BH9FYP,Xi¡®an ShannXi
BH4GUR,
BI6PGJ,
BG8EQU,Chengdu
BH9FYQ,Xi¡®an ShannXi
BI4TEI,Kunshan
BH2XAY,Shenyang
BH1TFV,Beijing
BI9BDL,Xian
BI3XGJ,Taiyuan
BA4QFB,Suzhou
BG4IBD,qngdao
BG2GCJ,daqing
BG6HKE,Hefei
BG9JGP,Lanzhou
BG7RW,Guangxi Nanning
BI1QXZ,Beijing
BG5JBI,
BI2RQP,Chengdu
BG7FEC,Changsha
BG8NCY,
BG2GAS,Harbin
BH8MSA,Gui Yang
BG8LUF,
BG4IWV,
BG2FVD,Harbin
BH2XAQ,ShenYang
BD4UHP,Suqian
BH3FHM,Tianjin
BI3EH,Tianjin
BD4UHZ,Suqian
BG7TZY,Guilin
BH4PJQ,Zaozhuang
BG7IAJ,Conghua Guangzhou   Guangdong   China
BG9JGR,lanzhou
BH2VOT,liaoyang
BA7IOQ,Guangzhou
BA7MHN,Guangzhou
BG7EAK,Chenzhou
BG4IDY,Zaozhuang
BH4OBB,Zaozhuang
BG0EPI,Urumqi
BG4ITY,Rizhao
BG4IGK,Jinan
BH2WWR,shenYang
BG0EOQ,Urumqi Xinjiang
BH4GUO,shanghai
BH7CGS,changsha
BI4QZS,Suqian
BD4SDT,SuZhou
BG6VGQ,YICHANG
BH4RID,Nanjing
BI9BCQ,Xian
BG3SFA,Taiyuan
BI3WJV,Taiyuan
BI9BCN,Xian
BI6NGS,YuZhou
BH2VWJ,Shenyang
BG0EOG,Urumuqi 
BG4UBZ,NanJing
BH3EMZ,Gu Hai Dao  Guajiasi St  Hexi Dist  Tianjin
BH7QZX,GUANG ZHOU
BI7PXR,Shenzhen
BG4IEH,ZAO ZHUANG
BI1ODV,Beijing
BI1PPV,Beijing
BG0DGT,
BG6RBH,Wuhan
BI1SIV,Beijing
BG9JGM,LanZhou
BA7IBV,shenzhen
BH1AYY,Daxing District Beijing
BH2XAR,Yingkou
BI1SCY,Shun Yi
BI1PUL,Beijing
BI9BEK,XiAn
BI6OXV,xuchang
BG7ZCU,Hainan
BG6RKE,hubei
BH2WQT,Shenyang
BI1JNP,Beijing
BI7AWS,Changsha
BA7MWT,ShenZhen
BA7NWT,ShenZhen
BA7NSM,Shenzhen
BG0EOZ,Urumqi
BG6VZX,wuhan
BH3FKO,
BI1NZZ,Beijing
BG5BBN,Jiaxing
BI6KTH,XuChangYuZhou
BI6OSI,yuzhoushi
BD4XPT,Xuzhou
BA4QAA,yangzhou
BH7MZM,Guangzhou
BI4IST,Jinan
BI1RRE,Beijing
BI4RQT,NANTONG
BG4IIT,
BI3BX,Gu Hai Dao  Guajiasi St  Hexi Dist  Tianjin
BI4JXV,Ji Nan
BG4EMA,Shanghai
BG7RRL,Guilin
BG6TCN,HUBEI WUHAN
BI1LCL,Beijing
BG2GCF,QiQiHaER
BI4KOO,dezhou
BD7PSR,GUANGZHOU
BH4ERF,Shanghai
BI1PYJ,Beijing
BI3AEX,Tianjin
BI1OMX,Haidian District  Beijing
BI6NDD,ZhengZhou
BG4EDK,Shanghai
BG5BVJ,Shaoxing
BH1VID,Bei Jing
BH6LTQ,XuChang
BG1MOA,Bei Jing
BG7QEU,nan ning
BG2RGB,panjin
BG2GCT,Harbin
BI3XOK,None
BA7OLK,Dongguan
BA4QFJ,Suzhou
BH2WBW,None
BH2RTT,JINZHOU 
BD8BSY,Chengdu City  Sichuan Pr
BI9BBZ,Xi¡¯an
BI9APN,
BG2GCO,WUDALIANCHI
BI1PJY,China
BD7POR,Dongguang
BG4IRN,
BH2XGY,Fushun
BG4ITD,Rizhao
BH4DQY,Shanghai
BI6OTI,Xinyang
BG4INY,
BI6NYP,xinyang 
BG4IGC,Ji Nan
BG0CCB,Karamay City  Xinjiang 
BD8DMC,Chengdu City  Sichuan Province
BG3ABM,Tianjin
BG8KKW,Chongqing
BI1SAD,Beijing
BD8DOF,Chengdu
BH9FUH,Yulin
BI9BIH,Xian
BG0GR,Lhasa
BG1HXO,Shun Yi
BG2LRZ,
BH4FDW,SHANGHAI
BD8DLV,
BG2TEM,Shenyang
BI1FRN,BEIJING
BG2GDN,Daqing
BG5CNE,
BI6PBX,ZhengZhou
BG7RCP,Guilin
BG7QIJ,Nanning
BI6PIJ,ZhengZhou HeNan
BD8CBQ,Chengdu
BI6PCA,Zhengzhou
BI6PUT,Zhengzhou
BI1MQG,Bei Jing
BG2GCL,
BI6MFI,Zhoukou
BD8DLZ,Zigong City  Sichuan Province
BG9JGH,qingyang
BG4IJK,Jinan
BI6PUU,ZHENGZHOU
BA7IFB,Guangdong
BI6PUW,Zhengzhou
BI6OSR,XiangCing
BG2FCJ,Wei Hai
BG0CAC,XinJiang
BG1FPX,Beijing
BI6LZQ,zhengzhou
BH8QEF,Guiyang City  Guizhou Province
BA4QFL,
BG6FUW,
BI3EI,Binhai New Area Tianjin
BH4GYS,Shanghai
BD4WXV,Nanjing
BD7PPD,Shenzhen  Guangdong
BD4TRI,
BD4UHO,Jiangsu Suqian
BH1NAO,Beijing
BI6LDD,
BG9JIK,Jiuquan
BD7IVG,
BG5AWR,HangZhou
BD4VCT,Siyang Country
BH7HVJ,Shaoyang
BI6PUF,zhengzhou
BG5CPV,Jinhua
BD8DIA,Chengdu
BG3RKJ,he bei
BG5BFL,Quzhou
BH3FZP,Tianjin
BG5CQF,sanmingshisanyuanqu
BI3AAJ,Tianjin
BA8DY,Chengdu
BD3CRE,Tian Jin
BA4SVG,Wuxi
BG6QYW,Wuhan
BI7AOQ,Changsha
BG5CWA,Hang Zhou
BH7JVJ,Canton
BD4VQC,Suzhou City  Jiangsu Province 
BG7RYX,Guilin
BH8PVN,guiyang
BD8DOK,Sichuan
BG0ESE,Karamay
BG5BSD,NING BO
BH4GZW,Shanghai
BD8DJU,Chengdu
BD8DMM,Yibin City  Sichuan Province
BD7IJF,Guangzhou
BA7OGC,Guangzhou
BA7OGD,Guangzhou
BG2GCX,Harbin
BI7ACC,xiang xi
BI4SVM,Yangzhou
BH6AXS,Liu an
BH3GAK,ordos
BI4MIB,
BH7KAC,Guangzhou
BH8QNO,Guizhou Guiyang
BG7NQQ,
BI7AOX,Yongzhou
BD8MH,Guiyang
BH2XDK,Liaoning
BG9SHQ,Xining
BI3ALE,Tianjin
BI3XUI,Yuncheng
BH2VKT,
BH4HAA,Shanghai
BH2TZK,
BI7ALH,Yiyang
BH3RQO,
BG4UOH,Nan tong
BG4IYH,Tsingtao
BH4GOR,Shanghai
BD4VCX,Suyang
BG9JII,Lanzhou
BD8CPI,chengdu
BA4QFT,suzhou
BD4TIN,Zhenjiang
BG2LXD,Changchun
BD4XUN,Changzhou
BG5VAG,xiamen
BH2WUX,None  
BI6MJH,Zhengzhou
BH6ARG,Chuzhou
BI6PHW,Hebi Xunxian
BI3AIP,None
BI1GLL,Beijing
BH3HAO,Ordos
BG6QXQ,
BG0GE,
BI6OYI,Zhengzhou
BD8CUC,Chengdushi
BH4GZT,Shanghai
BH3GZM,Hohhot
BD4WWH,
BH3HAB,Hohhot
BH6AIZ,Fu Yang  Jie Shou
BG7PYK,Guangzhou
BI9BEB,
BH3GZI,Inner Mongolia Autonomous Region
BH2WRJ,Dalian
BH3HAC,Ordos
BI4MWO,Longkou City  Yantai City  Shandong Province
BI4SUW,yangzhou
BD3PSZ,Hengshui
BD4XUZ,Changzhou
BG6WQS,Wuhan
BH4DWF,Shanghai
BG3LQT,Neimenggu
BG7YHL,Hainan
BH3GZP,
BI3ALR,Hebei Dist Tianjin
BI4MRI,Jining
BG7RB,Yulin
BH7GYP,Yue Yang
BH8QMD,Guiyang
BG8HQE,Chongqing
BH4GER,Shanghai
BI6NYL,Xinxiang
BA7OTT,Shenzhen
BA7OSZ,Shenzhen City  Guangdong Province 
BD4TIM,ZHENJIANG
BH4GZQ,Shanghai
BD8BK,Chongqing
BG2JLA,Baicheng
BG6CIW,Anhui
BH3HAN,Baotou
BD7IAI,
BH1MMD,Beijing
BH4PCD,Qingdao 
BH1MMC,Bei jing
BG5JBF,Nan Chang
BD3QVN,Tangshan
BA7OKV,shenzhen
BA7NWI,shenzhen
BD7IGF,Guangzhou
BG4VFX,Xinyi City  Xuzhou City 
BG4VJM,china
BG6TEF,Xiangyang City  Hubei Province 
BG7EP,
BG7KWM,Guangzhou
BH4GZR,Shanghai
BH7FBP,Yueyang  Yueyanglou District  Yueyang City  Hunan Province
BA7IWN,Guangzhou
BG8LNQ,
BH4GZX,Shanghai
BH4FYO,shanghai
BG7PYN,Guangzhou
BD7EM,Shenzhen
BG1PNI,Beijing
BH4GMK,Shanghai
BD7LWV,DONGGUAN
BG9JIF,LanZhou
BD7IGM,Guangzhou
BH4HCI,Shanghai
BD7MBL,Guangzhou
BG5DHE,ningbo
BH4HBJ,Shanghai
BI1HFM,beijing
BH4FRJ,Shanghai 
BH4GZI,Shanghai
BH3HCZ,tongliao
BD8DGN,Chengdu
BI4NWV,Dezhou
BI1NVW,Beijing
BI6OUI,Luoyang
BI1ONI,Beijing
BI4RMH,Nanjing
BG4IHA,
BA7NID,Guangxinanning
BG2LOL,ChangChun
BH8XAK,Kunming
BG6BUJ,Wuhu City Anhui Province
BD7PED,Guangzhou
BH4FRT,Shanghai 
BG7OAF,Conghua  Guangdong
BH3HAK,Hohhot
BG9IZM,Jq
BD2VAA,Shenyang
BH4HBQ,Shanghai
BI4JXT,
BH2WZX,shenyang
BG5VRP,Xia Men
BI1TDK,Bei Jing
BG5CZO,
BG3JEO,Ba Yan Nao Er
BA7OMK,Shenzhen
BG5CQX,Ning Bo
BH2WVI,liaoyang
BG8AGK,Chengdu
BH2VQY,Dalian
BH6QDJ,Hubei Songzi
BA8RX,Gui Zhou
BI7ANY,Changsha
BG6RNX,Wuhan Hubei
BG6WYJ,wuhan
BG8OAA,Guizhou  Guiyang 
BH8QNV,Guizhou Guiyang 
BG5AMT,Ningbo
BG8ARH,Chengdu
BD3QYA,Tangshan
BA7OOO,
BG2LMF,ChangChun
BH2SPC,Shenyang
BG1LLC,
BI3AKA,
BI6NDK,
BA7LWB,guangdong
BH3QYF,
BG5AWW,jiaxingshi
BH6BRK,HUAINAN
BG5GOC,Quzhou
BG7TOG, guilin
BH2WXF,SY
BH7JPV,Conghua District Guangzhou City Guangdong Province
BI1SRA,Bei jing
BG8AOE,Yibin
BI1TAH,BeiJing Hai Dian
BH4HCF,Shanghai 
BG4NDB,lai xi
BG7QFT,Nanning City  Guangxi
BI1SUS,Beijing
BI1STF,Beijing
BI1TBQ,BeiJing
BI1MMP,Haidian
BH1APZ,Weifang City  Shandong Province
BG5CYT,
BI1SUF,beijing
BG9EQM,
BA7NTH,ShenZhen
BD8AAZ,Chendu
BD8DUC,Chengdu
BG7IFB,Chao zhou
BG6SPX,Wuhan
BH7HLF,Hua Rong
BD8DUI,Nanchang
BG5CYO,Ruian City  Zhejiang Province
BH3FFZ,
BI1SRT,zunha tangshan 
BD0AS,Urumwi  Xinjiang 
BH4GRL,SHANGHAI
BD7LBQ,
BD4WDY,WUXI
BI1TCS,BeiJing
BH3PE,Zaoqiang County  Hengshui City Hebei Province
BG1UKA,Bei Jing
BG5VSQ,fuzhou
BG5CQH,Hangzhou
BG9JNA,Wu Wei
BI1TCC,Beiiing
BG5GDP,Huzhou  Zhejiang Province
BI1SUH,Beijing
BD3MPR,Langfang Hebei Province
BD3NBS,Langfang Hebei Province
BD8BRB,Yibin
BH8FCF,YIBIN
BA7JHP,Dongguan
BG4IKO,Jinan
BG0CFJ,wulumuqi
BG6GNX,Hefei
BG9JHQ,Wu Wei City
BG8JAE,ChongQing
BI1QGZ,Bei Jing
BG8ESH,Yibin
BG8BE,Yibin
BA7OSM,Foshan
BD8CSA,Yibin
BG5AXZ,Linan District Hangzhou Zhejiang Province
BI1NQD,Beijing
BI1SQF,Bei Jing
BI8FXH,chengdu
BG5VQT,Quanzhou
BD4WEJ,Wu Xi City  Jiang Su Province
BI3AMU,Tian Jin
BI6PTP,yuzhou
BI1NWL,BeiJing
BH4GMI,Shanghai
BG2LMC,Changchun
BI7NQD,  Guangzhou  Guangdong  China
BD4WLW,Suzhou
BA7MJH,Guangzhou
BD8DRU,Leshan
BD8DRW,Chengdu
BG7ILT,Guangzhou
BG7DQP,Changsha City Hunan Province
BI9ASM,Xian
BH4GYG,shanghai
BH6AJM,None
BG6WKO,wuhan city china
BI4MSZ,JiNan
BG3HUC,chifeng
BI9AWL,Xian
BH4GJK,Shanghai
BI9BCG,Xian
BI9ADL,Xianyang
BI3ANK,Tianjin
BG5CZF,Hang Zhou
BI6PVS,Zhengzhou
BI3ANO,Tianjin
BG7HDA,
BA7MBM,JiangMen
BG0DMJ,Shihezi
BI9ASI,Xian
BG0EJN,Tacheng
BG2FFJ,Harbin
BA4QGJ,SuZhou
BD3OET,Langfang
BD4XOJ,Suzhou
BI1TEX,Beijing
BI4IVY,Qingdao
BG0EII,Urumqi
BG0DSE,fukang
BI1SRQ,Bei Jing
BG0EQU,Urumqi
BG4IJB,
BH4GZS,Changning District  Shanghai
BI6PPC,Zhengzhou
BD8ACH,Yibin
BH4GHX,Shanghai
BI8DQK,Yibin
BD4WMY,Suzhou
BI1STP,Beijing
BD7OXX,Chaozhou
BG0EET,Urumqi
BG4EOH,
BG5VRS,Xiamen
BA4QFU,Shanghai
BI6PVH,Zhengzhou
BI1PVK,Beijing
BG8LXM,Chongqing
BH4HAE,Shanghai
BD8AAV,Yibin
BH2XIW,JinZhou
BH2XIY,Dalian
BH2XJK,Niaonin
BG5IOS,Nanchang
BD8DUR,Yibin
BD4XUC,Jiangsu
BG0BXA,Urumqi 
BI6LJO,China
BH4SYM,SuZhou
BH2XJR,Da Lian
BD4TSX,Jiangyin
BG0EJR,Urumqi
BH1NFO,BeiJin
BG0GAA,Linzhi
BH2QGF,Jinzhou
BG7PYF,Guangzhou
BH4GFN,Shanghai
BG0EFO,Wuhan
BG0DRV,Urumqi
BG6JAN,China
BH2XII,
BH2XKX,liaoyang
BD4XPP,Xuzhou
BA7OGJ,Guangzhou
BD0EI,Urumqi Xinjiang Uygur Autonomous Region
BG5JCB,
BD8CNP,Yibin
BH1XPG,Beijing
BH4GHM,Shanghai
BI7AWD,Zhuzhou City  Hunan Province
BG5VTN,Xiamen
BG0ECH,Urumqi
BG0BUT,Urumqi
BG0EFD,Urumqi Xinjiang China
BG0EIM,Urumqi
BH3SMA,taiyuan
BI1SYY,Beijing MI Yun
BG4RI,Huai An
BD4RPA,SuZhou
BG0DVT,Urumqi  
BD8DTM,Chengdu
BG0ECD,Urumqi
BG0ENW,Urumqi
BG0ELB,Urumqi
BH1JGS,Beijing
BH2WOJ,Shenyang
BD8DTD,Chengdu 
BI4UES,yancheng
BG0DEI,Urumqi
BG8FVJ,Guang han
BH2WDG,Shenyang
BG9IUV,Jiuquan
BH4PKT,shandong
BI8CVL,dazhou
BI1REM,
BG0EDH,Wulumuqi
BG0EPX,Xinjiang
BH2VSM,Shenyang
BG0EGE,Urumqi 
BH8NUW,Guiyang
BG0EKG,Urumqi
BH2XLC,
BG0DYJ,Urmuqi
BD8ADG,Deyang
BG0EOD,Urmuqi
BG4MRB,shandong
BG0EMF,Urumqi
BG0APA,Aksu
BH4HDT,Shanghai
BI7AKZ,
BH2XLH,Dalian
BH4HFP,shanghai
BG6UHZ,Yichang
BD4XUI,Changzhou
BH2XLV,Benxi
BH2XFW,Shenyang
BH2XLD,beizhenshi
BG2CGZ,harbin
BG6QMQ,Wuhan  Hubei Province 
BG2SZU,BEIZHENSHI
BH2XMM,liaozhongqu
BA7NHC,Guangzhou
BG7YB,Haikou
BD8AGP,cheng?du
BH8AYW,cheng?du
BG7ZCE,WANNING
BH2XKH,
BG4XXF,
BG6UJQ,Ezhou
BG7YDQ,
BG7YVL,Haikou  Hainan Province
BG7YNM,HAIKOU
BH2XLM,
BH6KDX,luohe
BI4QET,Wuxi
BG9IUW,Jiuquan
BG9JGD,Jiuquan
BD3PTQ,Baoding City  Hebei Province
BH8DDD,Chengdu
BD4VPP,Jiangsu
BG5CBY,Ningbo
BG5DAX,Sao Xin
BG9JQK,Lanzhou
BI6PZL,Jiyuan He Nan
BD4VQP,Suzhou
BH4HFJ,Shanghai
BI1PVY,beijing
BG4JBS,
BI4MWE,yantai
BI1GDJ,Bei Jing
BI9BJA,
BI9BLG,Xian
BI4NXN,Dezhou
BG2UBS,Fushun City  Liaoning Province 
BI4LAG,JiNing
BA6IN,XinXiang
BD8DKA,Chengdu
BI3XUN,Taiyuan
BG0EMJ,Urumqi
BH7LJI,SHENZHEN CHINA
BI6NTL,zhengzhou
BD4XUB,Changzhou
BG5JAC,Nanchang
BG4FIL,shanghai
BH4RRF,Nanjing
BH2UIX,ShenYang
BI1SZF,Beijing
BG2KJI,Jilin City
BH6QFB,Enshi
BI6PVM,Zhengzhou Henan
BG2GCD,Da Qing
BG5HNZ,Hangzhou
BA7NAU,Guangzhou Gd
BG7NRG,Wuzhou City
BH6QGL,Kowloon
BG3JPE,Chifeng
BH2XMS,Shenyang
BG2EPU,Jixian
BG4IWC,Yantai
BG5VES,Fuqing
BD4VOW,SuZhou
BI6PWO,Wenyong
BI6OTJ,nanyang
BH2QJD,DALIAN
BI4XYB,Jincheng Town Jintan Changzhou Jiangsu Province
BI1NLO,Beijing
BG4UVR,NanTong
BG6HNO,Hll
BG3OGG,Bao Ding
BG4UAU,Nan tong
BG0GY,Xizang
BG5VTS,NingDe
BI1TMQ,Beijing
BA7NCK,Guangzhou city
BI8DJA,Guang yuan
BD6IDL,ZHENGZHOU
BI6PAC,zhengzhou
BG0GX,Lhasa
BG2AKS,Harbin
BI1TOO,Beijing
BI1TTH,Bei Jing
BD8BVV,¡¤¡¤¡¤¡¤
BG0EDB,Wlmq
BH4HEC,Shanghai
BD3PWP,Hengshui
BI1TLM,Beijing
BI1TNS,Beijing
BG5COI,Haining Shi  Zhejiang Province
BH6BBG,Wuhu
BI1TQN,Beijing
BG0HP,Lhasa
BG5VLW,
BI1THQ,Beijing
BG8HGJ,Chongqing
BG0GZ,Lhasa
BA4RRE,Shanghai
BI1TQP,Beijing
BH6QJH,Jing Zhou
BG0GU,Lhasa
BI8CYT,YIBIN
BI1TNP,BeiJing
BI1QRN,Beijing
BD4XVJ,CHANGZHOU
BG7QFG,LiuZhou GuangXi
BG7QFP,LiuZhou GuangXi
BG8LXU,Chongqing
BG1CER,beijing
BG8LMY,Shapingba District  Chongqing
BH3PTA,Baoding City  Hebei China
BA4QDQ,
BI1TPU,bei jing 
BI1NRU,
BG8LSX,Chong Qing
BD4XRW,suzhou
BH3CWL,Tianjin City
BG2SPF,Shenyang
BG6UCV,Xianning
BG8IOY,ChongQing
BH6BFE,
BI1SVD,Beijing
BG2VEL,Shenyang
BD4WPI,
BI7LGJ,shan tou
BD3PTK,Baoding
BG6XQL,Wuhan
BG4UWQ,Nantong
BA4QGX,Suzhou
BG3RDZ,Baoding
BI1OIS,beijing
BG7QHJ,liuzhoushi
BH6BNZ,
BI1CSW,beijing
BG2XIV,Sui zhong 
BG2REJ,ShenYang
BG7MWR,shan tou
BG3DKC,Tianjin
BH4HBM,ShangHai
BH3GYB,chifeng
BG8LXO,ChongQing
BH6AFZ,Bengbu
BI4MZV,Zibo City
BH6NTX,Henan
BD3PZS,Shi Jiazhuang
BH6BGI,Tongling
BH2QFW,ANSHAN
BI7BCJ,ZiXing
BI3CHO,Zhangjiakou
BG2CFN,Daqing
BI7APL,Changde
BG7QJP,Guilin
BG0HI,Lhasa
BI4KVE,Qingdao
BI1TAS,Beijing
BG7SEA,
BG7QJV,Guangxi
BA4QAO,Yangzhou
BA4QJA,JIANGSU
BA7NO,Shenzhen City Guangdong
BD6IEO,Zhengzhou
BI6OKM,luoyang
BH4HGE,Shanghai
BD6IED,Nuoyang
BG5VPW,putian
BG9AWV,Xian
BH4BTH,SHANGHAI
BA4QLR,Nanjing
BG0HB,Lasa
BH3FCO,
BI4LPY,Jinan
BH6QKK,Wuhan Hubei
BI4LON,None
BI4LQK,Yan Tai
BI6PJH,Zhengzhou
BI6PWC,Zhengzhou
BD3QJC,Hebei
BH4HCW,Songjiang  Shanghai 
BH6QKE,HUBEI SONGZI
BG8LXC,ChongQing
BI1TWJ,LangFang
BH1ILM,Haidian Ditrict  Beijing
BI4LQW,Weifang
BD1DJ,Mi Yun
BG0GW,Lhasa
BA4QDI,nanjing
BH6AJP,
BD8ALL,Deyang
BD8AGB,chengdu
BI4KOY,ShouGuang
BG9EYM,Xian
BG9EQY,
BI6OLC,PuYang HeNan
BI1TWH,Beijing
BG0HK,BoMi
BD6IIC,Zhengzhou
BD3QVQ,
BD3QEB,Handan
BH3HBE,
BH1DMM,Huairo
BH2WYM,Jinzhou
BA4RAA,NANTONG
BD6IDM,Zhengzhou
BG7QOR,nanning
BH2UEV,Jinzhou
BI4MRE,ShangHai
BI7ASA,Changde
BG8IQH,
BD8DMQ,
BG5VUA,Quanzhou
BI8FUW,Sichuan
BH4HEP,Shanghai
BG7QHV,Liuzhou
BI6PIK,Zhengzhou
BH8XFS,Kunming
BD4XSG,Suzhou
BH8ECY,Suizhou
BH6BRS,Huai Nan
BA4QBB,Yang Zhou
BA4QLF,Nanjing
BH8SNQ,Kunming
BH3HDX,
BG9CHE,Xi An  Shaanxi Province
BH4HBC,SHANGHAI
BA3RZ,None
BH2WMQ,Kuandian
BH2ROU,HuLuDao
BH2URT,Huludao
BH8GG,Chong Qing
BG4JDE,Weihai
BG2XSI,HuLuDao
BH4EDL,shanghai
BG8IED,
BD3QEW,Qinhuangdao
BG1EIX,Changping District  Beijing China 
BG2VTI,HuLuDao
BA7NLP,Guangzhou
BG7IGZ,Chao Zhou
BG5DBM,Saoxin
BI6OIG,ZHENGZHON
BI4LOX,Jinan
BI4LOW,Jinan
BD4XII,wuxi
BG1MXW,BeiJing
BG5IKL,NANCHANG
BH1QIS,beijing
BA7LZD,Shenzhen
BA7LZC,Shenzhen
BG9JIA,Lanzhou
BG9HYM,Lanzhou
BG9JIB,Lanzhou
BG9JIC,Lanzhou
BD4XIF,YIXING
BG8GVT,Dadukou District  Chongqing
BI1TWR,Beijing
BI4ONT,Jiao zhou 
BI3TDX,Tai Yuan
BD6IBV,AnYang
BI1TTS,Beijing
BI1TLY,Beujing
BD3QCY,Hebeishijiazhuang
BD3QIM,cangzhou
BD4XIL,wuxi
BH4AXY,Shanghai
BH2WOL,Dalian
BH4HIM,Shanghai
BI1CCS,Beijing
BI1KJP,Beijing
BD3PWN,shijiazhuang
BA4QMS,Nanjing
BI3ACH,
BG4JDV,Shandong
BH6RLU,yichang
BD3PYC,ShiJiaZhuang
BG2EYE,harbin
BD7PTA,GuangZhou
BI3AOF,tianjin
BG4JDM,
BD4XQL,xuzhou
BD3QIF,xionganxinqu
BH4HIP,Songjiang  Shanghai
BI1SVC,Beijing
BI4LOR,Jiangshu
BI1DRU,Beijing
BI1MEM,BEIJING
BD8DZI,Mianyang
BD4XIG,wuxi
BD4WQZ,changzhou
BD4WZQ,xu zhou
BD4XGB,Wuxi
BI3AFI,TIan Jin
BI1NHJ,Bei Jing
BH9FRD,---
BH4GWL,Shanghai
BI1PKQ,china
BI3TDN,Shanxi
BI1AII,Beijing
BA4QXX,
BG8HOF,Chongqing
BG8IPI,Chongqing
BA4QBQ,Nanjing
BA7OTQ,GUANGZHOU
BD3PTS,qinhuangdao
BG7QLY,
BG8IOW,Chongqing
BG4IYF,Tsingtao
BG5BHL,LiShui
BH4HIT,
BH1TUS,Beijing
BI3XSL,Taiyuan
BD3PPT,ShiJiaZhuang
BD3PSY,ShiJiaZhuang
BD3QZX,ShiJiaZhuang
BD4XQH,Xuzhou 
BG0HO,xizang lasa
BD4XTU,Nantong
BA4RAP,Nan Tong
BD3RXD,Shijiazhuang
BG2GGO,Harbin
BI3APW,tianjin
BD3QEY,Cangzhou
BD4XAQ,XUZHOU
BG2GGJ,Harbin
BG4JEF,YANTAI
BG6SQO,WUHAN
BG2GGD,Nangang District  Harbin City  Heilongjiang Province  P R China
BG2GFP,Nangang District  Harbin City  Heilongjiang Province
BH4HKG,Shanghai
BI4LQH,Qingdao
BD3QYU,Shijiazhuang  Hebei
BD6IOH,Nanyang
BA4QVF,WUXI
BA4QJF,Yancheng
BD4WYP,Xuzhou
BD8DOH,
BG2GGK,Harbin
BD3PMF,Shijiazhuang
BG1DWZ,BEIJING
BA4QVC,WuXi
BH3FPF,Tianjin
BH4UNK,nantong
BD4RFK,Nanjing
BI4ICQ,shandong
BA4QCU,NanJing
BH8EGE,cheng?du
BI3THH,datong
BD3QET,cangzhou
BA4QAQ,Yang Zhou City Jiangsu Province
BD4VKQ,Yangzhou
BD8EAU,Chengdu
BD4RBD,NANJING
BH3CJA,TIANJIN
BI3AQN,Tangshan
BA7KGO,Shen Zhen
BD8CXE,Leshan
BI3TDW,Tai Yuan
BG6SNB,WuHan
BD4XTB,nantong
BI8AQ,
BG2GGL,Hrbin
BH3ABG,Tianjin
BI6KSZ,Xuchang
BD4RVR,Nantong
BH2UHU,Panjin
BG8HTD,Nonechongqing
BA7KGR,Shenzhen
BA7OTL,China
BA7NWK,Yangjiang Guangdong
BH8PSH,Guiyang
BG0DZN,Urmuqi
BA4QEK,Nanjing
BD3QJE,
BD6IRV,henan
BA4QNV,Nanjing
BH3OIP,tangshan
BI3TEU,YunCheng
BI4KQN,Binzhou City  Shandong Province
BG6UCU,Xian Ning
BG6IRG,HENANSHENGXINXIANGSHI
BI9ABW,Hanzhong Shanxi
BI3AQM,TIANJIN
BA3TO,Shanxi
BA7KHN,Shenzhen
BH4ADV,
BI1TTD,Bei Jing
BG8EQB,deyang
BG9JFN,Zhangye GanSu
BD3PYD,Qinhuangdao
BI1SWG,Bei Jing
BH4HDW,Shang Hai
BA7KHL,HONG KONG
BA4QNS,NanJing
BG7DKN,
BD7OTL,Shaoguan
BG7QKG,Nanning
BG2FZ,Harbin
BG5VSK,FUZHOU
BG5DLX,wenzhou
BI1OEF,Beijing
BH4HIH,Shanghai
BG2BYG,Harbin
BI1POH,Beijing
BD3QDG,Qinhuangdao
BG2GGR,Harbin
BG4CBJ,Shanghai
BG9ATK,Baoji
BD3QEI,baoding
BG2LXO,Jilin
BG4HYH,SHANGHAI
BA4QGS,Suzhou
BI1QNJ,beijing
BG2EVB,Acheng District  Harbin City  Heilongjiang Province 
BD4XEW,Nantong
BA4QHW,
BA7NDA,Meizhou
BD3QMF,qinhuangdao
BG6WOB,Wuhan
BD4XRF,xuzhou
BI1SRB,
BI8EST,Chengdu
BG6RKO,Jing Men
BD7PZX,Guangzhou
BA3TJ,Tianjin
BG3QIG,Baoding
BI1RKL,beijing
BG6RBO,Zhumadian
BG2GEU,shuangyashan
BA7ICM,shenzheng
BG9JAX,
BD3PUC,Tangshan
BI1ROH,Beijian
BG8HPA,Chongqing
BA4QEE,Nanjing
BG4XGI,Lianyungang
BG6SLC,Xian Ning
BI4KBE,
BG7QBW,guangzhou
BD8ECL,ChengDu
BG5VGO,
BH3HAR,Huhehaote
BH4PGV,Qingdao
BI3TFR,
BD4XWQ,Changzhou
BD3QYZ,Shijiazhuang
BH4HJW,Shang Hai
BG2FVB,Haeribin
BI9BOO,Xian
BG3ROU,
BD4XWV,
BG2GIK,
BG5VPK,Xiamen
BG8NFX,Guiyang
BG8NEO,Guiyang
BD7NQE,Mei Zhou
BG6HAX,huainan
BI1RBN,BeiJing
BA4QGT,Suzhou
BD8CZA,ChengDu
BH8GM,ChongQIng
BD7PRB,mei zhou
BD3PKB,Tang Shan
BD3QZI,Shijiazhuang
BG3NQT,Tang Shan
BG5DMF,Anji
BA4QWX,WuXi
BG7QMV,Beihai
BI9BPY,
BD2CO,Hongxing Town Fenglinconunty Yichun City Heilongjiang Province
BG2GJA,Jiamusi
BG9JDM,Gan Su
BH3FUQ,Tianjing
BI6PZV,ZhengZhou
BI9BPB,xian
BI9BQA,XiAn
BG4JIO,QING DAO
BG8DIU,Chengdu
BG9FEL,xian
BG7QNG,Nanning
BG9JKW,lanzhou
BG5JFI,Nanchang City  Jiangxi
BD3PVU,Tangshan
BD6IBP,
BD6IPR,Xuchang
BG4JHA,Jinan
BH2UCI,Da Lian
BH2ULY,Liaoning Dalian
BH2WBH,Shenyang
BI1UHQ,China
BH2XGV,Shenyang
BD4XOL,SuZhou
BI1ETG,Beijing
BI6LEU,Zheng Zhou
BD7PET,Huizhou
BA4QHE,Suzhou
BA4QHB,
BA4QHD,Suzhou
BA4QHO,Suzhou
BH6QCA,
BG6UHT,Yi Chang
BA4QGI,Kunshan
BG6SMO,Jingzhou
BA4QYX,nantong
BA4QNI,Nanjing
BA7ING,Huizhou 
BH4GYP,Shanghai
BH8AXQ,Chengdu
BH2XQH,Shenyang
BD7PBF,guangdong
BD6IVP,
BD6IPQ,
BG0HR,XIzanglhasa
BG9JLF,Lanzhou
BH3CDZ,
BI1PQL,Bei jing
BI1UDH,Beijing
BI6NGC,
BD6IFF,
BD4XIC,wuxi
BA7OLV,Zhongshan 
BG0DLH,Xian
BG4IHV,Heze
BG5JGI,Nanchang Jiangxi
BA7KHP,Shenzhen
BG0CIK,Urumqi
BG9SHW,Qinghai
BH1RLW,Beijing 
BH2XJL,LiaoYang
BH2XNF,liaoyang
BH2XNG,liaoyang
BH2XOZ,yingkou
BH8QAX,guiyang
BH4HKO,Shanghai
BH8QCZ,guiyang
BG9JLY,Lanzhou
BA4QHC,SUZHOU
BG9PQZ,YinChuan
BD4VNT,Suzhou
BG2TZB,Shen Yang
BG5JGD,ganzhou
BH4HKZ,Shanghai
BI3AH,Tianjin
BI1JUG,
BI4JHP,
BG2GJF,Qiqihaer
BA4RQA,suzhou
BG4JJP,
BG4JDL,Weihai
BG5DRT,Shao Xing
BG5DSY,Hangzhou
BH2XQK,Dalian City  Liaoning Province
BH4HKQ,Shanghai
BH5HKI,Huzhou
BG2GJJ,
BD4VEM,
BI6PJY,PuYang
BI1TFG,Beijing
BG5DVF,Hangzhou
BH6QJQ,Hubei Wuhan
BG4BAT,SHANGHAI
BA3TC,Taiyuan
BG5VPB,Xiamen 
BH6QBC,Wuhan
BI6ISN,xuchang
BG0EUQ,Urumqi
BH8OER,Duyun
BG6XQA,Xiangyang
BI4KOD,Dezhou
BG4JDY,Weihai
BG5JCG,Jiujiang
BG5DSU,Hangzhou
BG6AFT,Chuzhou
BG6QJZ,Wuhan
BA4QJI,yancheng
BG6VZY,Wuhan
BG2FWX,Harbin
BD4UIK,Nanjing
BH7MML,Canton City  Guangdong Province 
BI3PWO,Xingtai
BD3QHE,TangShan
BA4QZB,Suzhou
BH3HGY,
BI1UTH,beijing
BI1URA,Beijing
BI3ARH,Tianjin
BG9AXR,Xian
BH2XOU,
BH3HAA,Hohhot  Inner Mongolia
BH4RPO,Nanjing
BH1SIB,Beijing
BG2FWW,Harbin
BH4HNB,Shanghai
BI1UZR,tianjin
BG5BUZ,Hangzhou
BA4QMC,nangjing
BD5DTC,Hangzhou
BH8OBW,Gui Yang
BI1UDN,BeiJing
BI1HDK,Bei Jing
BG9JMA,GS Bai Yin
BI1UTV,Beijing
BI6POK,ZhengZhou
BD6IIZ,Zhengzhou
BD8EDY,chengdu
BD4THJ,Zhenjiang
BI3THQ,TaiYuan
BD4XIS,Wuxi
BA7KIK,Guangdou
BG5DLO,Shuanglong Road  Lucheng District  Wenzhou City  Zhejiang Provin
BG2UE,Liaoning 
BG0HS,chongqing
BI3ASB,Tianjin
BD4TEY,CHANGZHOU
BI6NDI,Kaifeng
BI1SLC,beijing
BG0HU,RIKAZE
BI1UJZ,Beijing
BI3TCU,Taiyuan
BI1UYL,Beijing
BI3TGQ,TaiYuan
BG4JJM,YanTai
BI3ARY,Tian Jin
BG5DXV,China
BD8EEI,Yang Zhou
BH3FNS,Tian Jin
BI3ARJ,Tianjin City China Prc
BI4TNO,jiang su
BA7KIB,
BD4THB,Zhen Jiang
BG0HV,Lhasa
BG8HOX,Chongqing
BH9CIK,High Tech Zone  Baoji City  Shaanxi Province
BD8AMU,chengdu
BI3TGO,Yangquan
BI3TGN,Yangquan
BI6OLG,zhengzhou
BI1PSE,beijing
BI6OSB,zhengzhou
BG0HT,Lhasa
BG1PNF,BeiJing
BG3QJA,Hebei
BA4QAP,YangZhou
BG9JLV,lanzhou
BI1QDZ,Beijing
BA7OMX,
BH6JEI,Zhengzhou
BI9BAV,BaoJi
BH3EYW,Tianjin
BG6HLN,He Fei
BA7NWU,mei zhou
BG5DVA,Hangzhou City
BI1RMY,beijing
BI1TKJ,Beijing
BH1NAF,Beijing
BI3QIN,
BD7OXH,ZHUHAI
BI1UQN,Beijing
BG5DZG,Zhejiang
BG5VLR,Xiamen
BG9JLE,Lanzhou
BA7KJX,Guang Zhou
BA2BA,Meixi Town  Yimei District  Yichun  Heilongjiang
BD4XWP,Chang Zhou
BG6HNX,Hefei
BD7JOK,SHAOGUAN
BA7MIB,Shenzhen
BG6VIC,Yichang
BH3HHI,chifeng
BG4JMI,Qing Dao
BA4QDS,Xuanwu District  Nanjing City  Jiangsu Province
BI4PSY,Linyi Shandong
BI4VIB,
BD3RVV,Xingtai
BH3HGP,ChiFeng
BD6IRA,Jiyuan
BG5DVJ,HangZhou
BD8DZF,mianyang
BH4HIV,Shanghai
BI3XVL,Taiyuan
BI3AIF,Tianjin
BD4THD,danyang
BH2XIK,HuLuDao
BA4QCS,Nanjing
BI4MTI,Heze  Shandong Province
BI8SAB,Dali
BH2XRI,shenyangshi
BA4QJU,YanCheng
BG2CDM,Harbin
BH3NZN,
BH6BIQ,Chizhou City Anhui Province
BI1UXY,Beijing
BG2MCJ,Jilin
BH4PGB,
BI1UXS,Bei Jing
BI6LSX,Jiaozuo
BG7ZEJ,Hainan
BH4GKK,Shanghai
BH4HNX,Shanghai
BI3TKO,Yuncheng
BH4HOK,Shanghai
BH4HNV,Shanghai
BI7BJL,Changsha
BA7OOF,Shenzhen
BH4HPD,Shanghai
BD3QVD,Baoding
BA4QDV,nanjing
BI7BHP,Loudi
BG2GIA,Harbin
BD8EEJ,
BD7OUA,Guangzhou
BD6IZR,Xinxiang
BD6IRQ,henen
BH8XEX,KunMing YunNan
BH4HNK,Shanghai
BD7OVA,Dongguan
BG7IFO,Chao Zhou
BH4HOQ,Shanghai
BD7OKY,Shenzhen 
BI4IA,Qingdao
BI4ULU,Yangzhou
BG0EVI,Altay  Xinjiang
BD3QJS,Hebei
BI4RGR,YanChen
BG3NBD,Tangshan City Hebei Province
BA4RNL,Nanjing
BG7QVE,Nan Nning
BG4JHG,Zhaozhuang
BH8EUZ,Sichuandazhou
BH6QGB,Hubei
BD7OVG,Shanwei
BG9DCR,Xi?An
BD4XOI,Suzhou
BA7OOT,Jie Yang
BG1AYV,Bei Jing
BD4TJR,danyang
BH2XSF,shenyang 
BG9PPY,Shizuishan
BG2MDR,Yanji
BH4GHG,Shanghai
BH4HAG,Shanghai
BH8GBQ,CQ 
BH8GBD,
BH2WTV,Dalian
BH8FDQ,Sichuandazhou
BH8GBE,Chongqing
BH8GO,Shanghai
BG9JAN,Jiuquan
BD4XSF,Non Tong
BD8DMH,Chengdu
BI1RLQ,Beijing
BI8APB,Sichuandazhou
BA7KIV,Zhanjiang
BD7OUC,Zhanjiang
BD6IYI,Zhengzhou
BI4SZX,Nanjing
BG2GGV,Changchunshi
BI7BGZ,Changsha
BG9JJN,Jiuquan
BG9JKS,Jiuquan
BG9JKZ,Jiuquan
BH8GBJ,chungking
BG9JLD,Jiuquan
BA4QAU,Yangzhou
BD4XJD,Wuxi
BA7LNL,Dongguan
BG2BBP,Haerbin
BG4JIY,QingDao
BI3TMF,Datong
BH2XPQ,Dandong Liaoning
BH6BFO,
BG4JIK,Qingdao
BA4RDB,Jiangsu
BD3QMB,Handan
BI3AR,Tianjin
BG3DUV,Tian Jin
BH3HIC,Wuhai
BI4LIY,qingdao
BD3QGN,Xing Tai
BI3TKL,Taiyuan
BA7KTM,shanguan
BD3RPG,Xingtai
BG2GJO,
BH6PEI,Anyang
BI1UDE,
BI4LHS,Taian
BI3TEZ,Shanxi
BI6NZE,Zhengzhou
BG2AQJ,Yichun
BG2ATJ,YiChun
BG7QPH,Nanning
BG4JHZ,Shandong
BG8NRY,Guiyang
BG8OCP,Guiyang
BI9BKC,Shang Luo
BA7NDI,FOSHAN
BD8MI,
BD7PNN,shenzhen
BG9MLT,YinChuan
BH6RNT,
BH9FUY,Shanxi
BI4LIG,JiNing
BI4LIX,JiNing
BG7TYH,None
BH4HPW,Shanghai
BG2MDC,Changchun
BG3EZG,Tianjin
BG4QGV,Changzhou
BH4HQE,Shanghai
BG2MEK,ChangChun
BG6HNI,Hefei
BG5EEJ,Yinzhou  Ningbo  Zhejiang
BG9SGY,Xining
BG6IC,Xinxiang
BI6NYO,
BG4EYM,Shanghai
BG7QXD,Nanning Guangxi
BG9DDY,Xi An
BI3ASF,Tian Jin
BG4GSP,ShangHai
BG2GGM,Harbin
BH1SIU,Beijing
BG4PJD,Jinan
BH9DBB,Baoji
BG2MER,Changchun
BD8EEG,Yaan
BI1QCG,Bei Jing
BI4NRL,Shandong
BI7BCP,Changde
BI7BHT,Loudi
BI4VCP,Pukou District Nanjing
BD3QVH,TangShan
BA4RNE,Nanjing
BI4LJB,Jining
BI6PHS,Anyang City  Henan Province
BI7BFP,Hunan
BA3MMA,Xingtai
BG9PPB,Ningxia
BH3HKK,
BD7OWV,shenzhen
BG9IYP,JIUQUAN
BG0ETV,None
BG9IZU,Jiuquan
BD7PVP,yunfu
BA4RFY,Changzhou
BG4JPT,Jining
BG9IUX,Jiuquan
BD8DYI,
BG7QIK,Hezhou
BH6AXU,Liuan
BI3XYS,Ta Iyaun
BI1UMX,Beijing
BA4QGH,Suzhou
BG2GGH,Acheng Harbin Heilongjiang
BD3QGY,Xingtaishi
BG2GBX,Da Qing
BG9JMJ,Baiyin
BA4RAC,Nantong
BD8DZR,Chengdu  Sichuan
BI4VBZ,
BG4DHX,Shanghai
BH3HGI,Baotou
BG5AWC,Shao Xing
BG8IF,Chongqing
BH4HNL,Shanghai
BA6AP,Shenzhen
BH4HHA,Shanghai
BH4HJU,shagnhai
BA7KHZ,Duanzhou District  Zhaoqing
BH3EGU,Tianjin
BG3EBS,Tianjin
BG4EPO,Shanghai
BH2UCS,
BG8ITQ,Chong Qing
BH8ERA,Sichuan
BD8BQO,Sichuan
BD8CKP,Chengdu
BH3HJH,Hohhot
BA4QHF,Suzhou
BH4HET,Shanghai
BH4HGH,Jinhaishequ
BI3NUY,TangShan
BG2MFJ,changchun
BD4UIM,suqian
BD4UIN,Jiang Su
BD4WMF,Suzhou
BD7OWS,Guangzhou
BD8DMS,
BG2GGQ,Harbin
BG4JOX,Jining
BI1VBW,Haidian
BG7QMH,Guangxi
BI6ORP,zhengzhou
BG2AKN,
BD3PH,Tangshan
BI7KKA,
BA7KRT,FoShan GuangDong
BG2AKO,
BA7KRY,
BG2AKP,
BI3THB,Taiyuan
BH4SOA,Suzhou
BI1HIA,Beijing
BA4QGF,suzhou
BG2FUW,
BD4WZN,Xuzhou
BG2MCK,None
BG5CPM,Ningbo
BA4RQY,Suzhou
BH4HQP,Shanghai
BH2XHV,shenyang
BG7NOA,SHENZHEN
BD8EFL,Chengdu
BD6INC,ZhengZhou
BD8EFN,Chengdu
BD4XZC,Huai An  Jiangsu Province
BG5EGG,Hangzhou
BG7NND,Shaoguan
BI4LHN,Zaozhuang
BA7OVW,Shaoguang
BH8GBK,Chongqing Fuling
BI1SQH,Chaoyang District  Beijing
BI1UTI,Beijing
BI1UYG,Chaoyang
BG4JQQ,zaozhuang
BH8QVV,Guiyang
BH8GBF,Chongqing
BI1UJC,BeiJing
BH6QDI,Shiyan
BG8DPU,Chengdu
BG7NOW,SG
BI3TMM,datongshi
BA7IPG,Guang Zhou
BD8EIG,
BG1RXG,Beijing
BH4GYL,Shang Hai
BG7NOT,Guangdong
BG5EEQ,ye
BG9JLT,lanzhou
BH8GEZ,Chongqing
BG8LMU,Chongqing
BG5CVL,Hangzhou
BG7NOJ,ShenZhen
BD4XNH,Suzhou
BA7KJY,GuangZhou
BG9JLZ,
BG7NPH,ShenZhen
BD7OXZ,Chao zhou
BG6HQN,Hefei
BG6UNI,
BG7ZCH,Hai kou
BG7YAX,Hai kou
BG9JLQ,
BH4AAP,SHANGHAI
BI4NEI,Jining
BD7PHA,Shenzhen City  Guangdong Province 
BD7PTU,Zhaoqing City  Guangdong Province 
BD7PUQ,Guang zhou
BG1RXE,Beijing
BH2VLQ,Anshan  Liaoning
BG7NNO,Nansha District Guangzhou City Guangdong Province
BI9AMN,Xian
BD8DKV,Chengdu Sichuan
BA4RQK,Su Zhou
BH4HHO,Shanghai
BG9JBY,Jiuquan
BG9LD,Gansu Province
BA4RFW,Changzhou Jiangsu Province China
BD4WKC,Suzhou
BG7NOM,Shenzhen
BH6RPZ,Hubei Province  Wuhan City
BI9BKG,Baoji
BG4JRT,DeZhou
BD8DYR,Chendu
BH3FZT,tianjin
BD6IZI,Zheng zhou
BH4HQU,Shanghai
BD4UPG,Nanjing  Jiangsu   
BG2WCR,Liaoyang
BH8DRM,
BD7PLZ,Shaoguan
BD8EIV,Yibin
BD8EIM,Yibin
BG6HQS,Hefei
BG9AST,Xian
BH4HEI,shanghai
BD3QEF,Tangshan
BG7QVU,Baise
BH3HLL,
BI1ULO,Beijing
BD7OWQ,Huangpu  Guangzhou
BD3PZE,Hebei
BH8GDF,chongqing
BG9IFL,Jiuquan
BI1UGY,Beijing
BH2XPS,Shenyang
BD6IUP,Kaifeng
BG5DDS,ZhuJi
BG2GKP,mu dan jiang
BD7OVP,Dongguan
BD8DTQ,
BG7QWA,Nan Ning
BH4HSK,Shanghai
BH3HLT,hulunbeier
BI7JMW,guangzhou
BI1TPT,fengtai
BH4HRM,Shanghai
BD4XGE,
BI4LJI,Jining
BH3HKU,Tongliao
BA4RFP,Changzhou
BG5DRB,Ningbo
BG7TV,laibin
BG5MGC,Jian
BI4NIX,shandong
BH3HKG,Bayannur City  Inner Mongolia Autonomous Region
BH4HLI,Shanghai
BG0EXR,Urumchi 
BG4JGB,Jinan
BD3QWZ,Shi JIa Zhuang
BH8FJA,Chengdu
BD4XIO,Jiangyin
BI1SPR,Beijing
BA4RDS,xuzhou
BD4VHI,Jiawang District  Xuzhou City  Jiangsu Province
BH8HRB,
BI3TZA,Shanghai
BI1OVG,Beijing
BI1UCB,Beijing
BI4PXX,Qingdao
BI8SBG,yunnan
BD4XFX,Wuxi
BD4TWX,Xuzhou
BG5BVB,hangzhou
BH4KKV,
BH2XVX,Dalian
BD6INI,Zhengzhou
BI1NCR,Beijing
BI4MOL,SHANGHAI
BA4QID,Shanghai
BA4QJH,Kunshan
BD6INH,Zhengzhou
BD8ENX,Chengdu City
BG2DXS,Qiqihar
BA4SE,SuZhou City 
BH6BJY,Anqing City
BH8AJT,CHENGDU
BH8FQH,chengdu
BH8QWR,Guiyang
BG7OCT,Guangzhou City   Guangdong Prov  China
BD8ENL,Chengdu
BI3XZP,Jinzhong City Shanxi Province
BG1ENU,beijing
BG8KQL,Chongqing
BH8QVL,Guiy Yang
BD6JDU,zhengzhou
BG4JVD,Shanghai
BH3AMA,China Tianjin Baodi
BG4JXV,Dongying City
BG4JQP,Yantai
BI6OVJ,henan zhengzhou
BG0EYK,XINJIANG
BG7NMX,Guangzou
BH4HSN,shanghai
BG9HQC,Jiuquan
BG4UOC,Nan tong
BG9JFX,Jiuquan
BG5EAF,Jia Xing
BH2XCY,Liaoning Dalian
BD4XHL,Wuxi City Jiangsu Province
BI1UCA,Beijing
BD8BCB,
BI9BNF,XIANYANG
BH3FQP,
BD8ELS,Chengdu
BG7QNS,Liuzhou
BG7RU,Laibin City
BD8ENU,De Yang
BG5EFY,yong kanh shi
BH2XWT,Shen Yang
BA3RY,Qinhuangdao 
BD4TIY,zhenjiang
BD8ELF,Daqing
BD8ENT,Nanchong
BG5EFJ,WenZhou
BG4LKO,Jinan City  Shandong Province  China
BH8QWU,Gui Yang
BD3RAM,TangShan
BI1MDM,
BG2VBY,DaLian
BG8JZD,Chongqing
BD4XHG,Wuxi
BH4HSU,Shanghai
BH2XVW,LiaoNing
BI1SYT,Beijing
BA7OTS,guangzhou
BG5DLJ,
BH2XXO,Da Lian
BD7PSW,
BG5DLH,
BH8QVN,Liping County  Guizhou Province  China
BG4JJR,
BI4LQN,Shandong
BI1VJG,Bei Jing
BH2XXZ,Dalian
BH3HIO,Chifeng
BI1VLR,Beijing
BH9FUJ,
BD6JDW,Zhengzhou  Henan Province
BI1VIV,Beijing
BH8XEI,Yunnan
BH2XWQ,An Shan
BA4RRI,Suzhou
BA4RRY,SuZhou
BD8EGF,Chengdu Sichuan
BD8DOU,Chengdu
BD8EHX,Chengdu Sichuan
BG0HC,Lhasa
BG3LOI,Baotou City  Inner Mongolia Autonomous Region
BI1QKK,Haidian District
BG6HTY,Hefei
BI1VNR,Beijing
BI1VPN,Beijing
BH8QZL,XingYi
BI1UMG,Beijing
BH8GCJ,Chongqing  Shapingba
BI4MOG,Shandong Qingdao Jimo
BI1RJJ,Beijing
BI1VAA,Beijing
BH6RNY,Hu Zhou
BG4IZK,Shandong
BG4JTG,weihai shandong
BH8QXI,GuiYang
BH3HLG,Hohhot
BI3ATV,tianjin
BG2MGR,Changchun
BI7KKC,Yangchun
BI2QD,Anshan
BI7KJE,Shenzhen City
BI3WZX,
BG3ADX,Dongli  Tianjin
BH2XWG,An Shan
BI1VHV,BEIJING
BI1VNN,Beijing
BD7OWU,
BD7RN,Baise City  Guangxi Zhuang Autonomous Region
BH2QHE,Shen Yang
BA4RGA,Changzhou
BH4GYB,Shanghai
BA7KIY,Mei Zhou
BD6IYH,Zhengzhou
BG4JOI,DONGYING
BH3HMA,Ordos 
BI1VAQ,Beijing
BI1VKJ,Bei Jing
BI3TJQ,Wenshui
BI3AUQ,tianjin
BD4UIP,Siyang
BG4IO,Qing Dao
BA4QVI,Wuxi
BH4HPU,Shanghai
BG8LQN,Chongqing
BH2XJZ,Anshan
BG4KAD,Jinan City
BG4KAE,Jinan
BA7ODN,Huizhou
BI7KIP,Dongguan
BI3ODS,Baoding
BH2XVD,Liaoning
BH1FUA,Beijing
BA4QFQ,Suzhou Jiangsu
BH2XYN,Dalian
BH2TEE,anshan
BD4XJT,suzhou
BH4GFK,Shanghai
BI7KII,Chao Zhou
BA7OLX,Guahgzhou
BH5HVL,
BG7ZFE,Danzhou
BI7KJI,Chao Zhou
BG3SEY,
BI8SAZ,Kun Mieg
BI9AJR,Xian
BG4KAT,shanghai
BH4HUC,Shanghai
BG5JHU,Nan Chang
BG8LEK,ChongQing
BA7NXH,Dongguan
BA7KTK,Shaoguan City
BA4RJG,
BD7PVN,
BG4GTP,Shanghai
BD8EOV,Chengdu
BI3AUD,Tian Jin
BI9BGT,Xianyang
BG2FKB, Hegangshi
BG2GLA,Qiqihar
BH2XZJ,anshan
BA7KVA,Canton
BH2WPU,Anshan
BI1VGE,BEIJING
BG5EEM,Zhejiang
BG9JDF,Jiuquan
BH2UUX,Anshan
BH7KFJ,Guangzhou
BI1RAO,Bj
BG4KBD,DongYing
BH8GBB,Chongqing
BH2TVC,DaLian
BI9BGZ,XIAN YANGSHI
BD3PRC,chengde
BG2GGU,Harbin
BG4KBF,DongYing
BG7QXQ,Nanning
BH3HLR,Manzhouli
BH2UBK,ansjan
BH3RWR,Tangshan
BI1URF,Beijing
BI4MOS,DongYing
BI7KHW,Jie Yang
BG2FNV,Harbin
BG4KBK,DongYing
BD4XNQ,Kunshan Suzhou City  Jiangsu Province
BG6HOO,None
BA4RSJ,Suzhou
BA4RRC,Shanghai
BH7JQA,Canton
BG0EVX,Bazhou
BH4HLV,Shanghai 
BI6OPV,He Nan
BG0CXA,korla
BD4XR,Jiangsu
BG1HEA,Beijing
BG4JRJ,
BH4HQN,shanghai
BA7GAO,Chaozhou
BA7NKI,Guangzhou
BG4JZA,Shanghai
BI1RND,BeiJing
BA7QQ,Wuzhou City Guangxi
BD8EHF,Chengdu City  Sichuan Province
BI4JTA,DongYing
BD8ESY,Chengdu
BG8AHJ,Chengdu
BD8EQR,Sichuan
BA3QIQ,Tangshan
BH7GZO,changsha
BD4VCY,Suqian  Jiangsu
BH1XVY,Tian Jin
BG9JOB,wuwei
BD8ERC,Chengdu
BH4OHQ,Zibo
BI1TED,Bei Jing
BI1FRI,Mentougou
BI4KLE,Yantai
BI7KIF,Chaozhou Guangdong
BD3PSX,Beijing
BA4RSF,SuZhou
BH6QHU, Wuhan
BG5EDN,ZheJiang
BG9SGU,Qing Hai
BH2XER,Jinzhou
BI9BKL,Xian
BI1TLL,Beijing
BD8EQW,Chengdusichuan
BD7POK,Zhongshan
BG2MET,Baicheng
BG6HPL,Anhui
BI8SBO,Kunming
BH2XXM,Dalian
BH8XAO,Yunnan
BD6IHF,LuoYang
BH4ANY,ShangHai
BI1QKB,Tangshan
BI3ACX,Tian?jin
BD4TXS,Ning bo
BD7OWK,Shenzhen  Guangdong Province
BH2XUE,DaLian
BH3EHU,Tianjin
BH4UTT,Nantong City  Jiangsu Province
BA4RLB,NanJing
BD8EGS,Cheng Du
BH1KQU,  Beijing 
BH2XDX,Dalian Liaoning Province 
BH2XMN,Shenyang
BG2GLF,Harbin
BD4STK,Nanjing
BD6JFC,Ruyang
BI1UIW,BEIJING
BI3AVO,Tianjin
BI3AVS,Tianjin
BI9ATT,Xian
BG2VST,Fushun
BI3AUZ,
BG6SJZ,
BH4HGV,Shanghai
BH1ETW,Beijing
BG5EKQ,Li Shui Qing Ting
BG4JQR,Ji Nan
BA4RSP,Suzhou
BG2TBN,Jinzhou Liaoning Province
BG3SZX,datong
BI2QY,Shenyang
BH3RVG,Cangzhou
BG2GIP,Harbin  Heilongjiang Province
BH4PEF,Qingdao
BD7TQ,Guilin City  Guangxi Province 
BG3VBL,datong
BI1VLD,beijing
BI1TTK,Beijing
BA4RTQ,Suzhou
BA7LZH,Shen Zhen
BG2GLL,Harbin
BH2TVF,anshan
BI3AWM,Tianjin
BA7NGE,None
BH5HFJ,Pingshui Street  Gongshu District  Hangzhou City  Zhejiang Provi
BH2XFE,jinzhou
BI3TRM,taiyuan
BG8AH,Dz-Quxiang Town
BA7ORD,Zhongshan
BA4RLV,Nanjing
BG3SZY,datong
BG3SZW,datong
BI7KJD,ShenZhen
BH6RVV,Xiaogan
BG5VZS,FuZhou
BG2GLY,Harbin
BG5VWQ,Xiamen City  Fujian Province  China
BG4JKN,Lan Ling
BA4RSM,Suzhou
BA7NWQ,Jie Yang
BG4MBC,LINYI
BD7OWH,Shengzheng
BA4RGG,Changzhou
BH8NPM,GuiYang
BG4JKT,LINYI
BD3RBV,Taiyuan
BA4QCO,Nanjing
BH4HMA,shanghai
BD3QGE,Xingtai
BG2WAY,Jinzhou
BD6IUT,ZhengZhou
BA7OUB,Chao Zhou
BG2GLC,Harbin
BG3LJW,Inner Mongolia Manzhouli
BG5ELQ,Ningbo
BG7XLG,Wuzhou
BH4GEP,SHANGHAI
BH8RBA,Chongqing
BI3TPM,
BD4WWZ,Nanjing
BG6HPU,He Fei
BD3RDW,
BA4QHY,Suzhou Jiangsu Province
BI1THA,Beijing
BH8UGH,Bei Jing
BG7QWJ,Nanning
BG4TRF,Wuxi
BG0EYB,Urumchi
BA7KGQ,None
BI7BKE,Changsha  Hunan
BI1VDV,Bei Jing
BI1NUQ,beijing
BG9HZB,Jiuquan
BH3NEK,Chengde
BI4DXJ,
BD4TMQ,NANTONG
BH3GUZ,Tongliao
BI1GIR,Beijing
BH8GIY,chongqing
BG6SMQ,jingzhou
BG2DLY,Hei He
BH6BPC,He Fei
BD8ETL,Chengdu
BD6IHA,ZouKo
BI1UJI,Beijin
BA7OQZ,Jindezhen-Jiangxi-China
BI1TNT,Beijing
BI1VQK,Beijing
BI8SBN,Kunming
BH3HJG,Huhehaote
BI1PAW,Beijing 
BH3HLF,Tongliao
BH3GVW,
BG9JPV,Pingliang
BH8UYB,Anning Yunnan
BI1TVV,Beijing
BH2XHC,Fuxin
BG9JOL,Lanzhou
BG9HWN,Gan Su Sheng Lan Zhou Shi
BD7PVW,Harbin
BA4QLP,Gulou Dist Nanjing City Jiangsu Province
BG4KFG,Jining
BH2XWJ,Liaoning
BH4GZV,Shanghai
BG4KIQ,Heze
BG5VYR,
BH3QIJ,Hebei
BI1UTY,Beijing
BH6AIT,Fuyang Anhui
BI3AUG,TIANJIN
BI2RC,Dalian
BD3PON,Xingtai
BD7NQR,Chaozhou
BG4KDO,
BG4IVJ,Dongying City  Shandong Province
BA4QWQ,Wuxi
BA4QAW,
BG9JKD,Jiuquan
BG2MEA,Siping
BG1PYQ,Beijing
BD6JEM,Zhengzhou
BD8DFW,Chengdu
BG5DNQ,Wenzhou
BD6JJK,
BG9IUT,Jiuquan
BG9JQE,
BI1VNL,Beijing
BH2XYA,
BI4MOR,DongYing
BI4NIY,Dongy
BD4TIX,Zhenjiang
BG9IIT,Jiuquan
BI6LBR,Luoyang
BI7KGD,Huinan Post Office Shanghai
BD8DFN,Chengdu
BG4KJH,Zibo
BG1AL,Beijing
BG4IEB,binzhoushi
BG9JBP,Jiuquan
BI3AWU,Tianjin
BI4UDK,Suqian
BD8EFD,Chengdu
BH3HNM,Hohhot
BH3HMP,Baotou
BD8EJA,
BH4HTK,Shanghai
BD6IYN,ZhengZhou
BG9JOT,
BI4JHL,Jining
BG8JVA,ChongQing
BI1QFG,beijing
BH4HWB,Shanghai
BG4OHH,Linyi
BG4KMV,Shanghai
BI1VNP,Shunyi
BI4OJI,qingdao
BG4SF,NANJING
BG6HPS,
BI4MJQ,Dongying
BG2RZC,Qingyuan Manchu Autonomy County Fushun City Liaoning Province
BG3LRN,baotou
BG9JOZ,Lichen
BG4KFW,Jinan
BD8EIP,Chengdu
BG2MFK,Changchun
BH3EUN,
BI1VJO,Beijing
BD3RDG,Tangshan
BI8SBF,Yunnan
BD6JHT,zhengzhou
BG8EOZ,Nanchong City
BH1WYV,Beijing
BD3RBX,Tangshan
BH6RNP,yichang
BG4KLN,JiNan
BA4RNR,Nanjing
BI9BVK,Xian
BG4KAV,
BH2XWF,Shenyang
BD3QWS,Zhangjiakou
BI1SSN,Beijing
BD3RCK,TangShan
BD6JHB,zhengzhou
BI4LOP,Jining
BD6IAJ,Luoyang
BG8LNK,
BD8EVE,chengdu
BG5JNL,Jiujiang
BH4TCT,Wuxi  Jiangsu
BH2TOJ,Dalian
BI8FXF,Chengdu  Sichuan 
BI1OBS,Beijing
BD8DCN,chengDu
BD3RJG,Xingtai
BH2VYZ,Dalian City  Liaoning Province 
BG9IUN,Jiuquan
BH2XLR,Shenyang
BG9JOO,Lanzhou
BD3REQ,Jinzhou
BH2XRR,shenyang
BI3ALH,TianJin
BD8EWE,Nanchong
BI3ACA,Tianjin
BG9JJP,jiuquan
BI4LPZ,Qingdao
BG4ITB,Rizhao
BH3FRD,Tianjin
BG6EBS,Hefei
BH6AGC,BengBu
BH6QBA,WuHan
BI3QKS,shijiazhuang
BG4KMM,Heze
BI2RO,Liaoning
BG4KGJ,Zibo
BA4RUG,
BA4RTC,Suzhou
BD3PWO,Handan
BD3RHQ,shijiazhuang
BD3REI,Tang Shan
BA7KIH,
BG4KSF,shandong
BG5JAH,nanchang
BG4VPW,Huaian
BG9JJV,Jiuquan
BH8QVJ,
BI1MUD,Beijing
BH8GDV,Chongqing
BI1MQL,China
BI1DSL,Beijing
BG9DDA,Xian
BG4KNN,Qingdao
BG7QYX,Guangxi
BI1MNT,Beijing
BI1QJT,Beijing
BI1QJZ,Beijing
BD4XZY,Huaian
BI1TDM,Beijing
BD3RFO,qinhuangdao
BD3RKR,
BD3RBY,TangShan
BD8AAP,
BG4KJN,JINAN
BG5ESW,Hangzhou
BG7QOA,Nanning  Guangxi
BI6NEM,Nanyang
BD4WQS,Wujin District  Changzhou City  Jiangsu Province China
BG5TLG,Xiamen
BA4RDR,Xuzhou City
BG8HLL,Chongqing
BG2MAO,Changchun
BI3AGW,Wuqing
BD3REV,Suning
BH2RDR,Panjin
BH8GIG,Chongqin
BD4XZR,Huaian
BG5ETI,Yiwu
BG4JVN,Taian
BH7KKD,Guangzhou
BI4LBQ,Weifang
BG2GCA,Daqing
BG4KAZ,Shandong
BG4KLS,Weifang
BG5VYX,Quanzhou
BH6AXW,Luan
BD6JQM,
BD7PVQ,
BG5AQM,Hangzhou
BG5VVA,Xiamen
BG9JON,Lanzhou
BH2XUG,Fuxin
BA4RDE,Jiang Su
BA7OVT,GUANG DONG
BG4KLL,Rizhao
BG9NZS,Yinchuan
BH6ARO,Chuzhou
BH6AXV,Hefei
BD6BD,
BG4JVB,Taian
BG4KSX,Jinan Shan Dong
BI1KUK,Beijing
BD4XZP,huaian
BA3MBA,Hengshui
BH6RKM,Enshi
BI3TRT,taiyuan
BG5EJT,Huzhou
BG4SA,danyang
BH2WWH,Shenyang
BH3HMN,Baotou City Neimenggu
BA4RLQ,Nanjing
BA7NTK,Guangzhou
BD6JAU,zhengzhou
BG4KUM,Weifang
BG1SVF,Beijing
BG6QVZ,Wuhan Hu Bei
BG9HRR,Jiuquan
BH1XAQ,Bei Jing
BH3TYS,Taiyuan
BD3RFP,qinhuangdao
BG5UWR,QuanZhou
BG5HRE,Hangzhou
BG7LBX,Zhuhai
BG7QVI,Nanning
BH3WHY,
BH8PAG,Liupanshui
BH8UWM,KunMing
BI3TDU,TAIYUAN
BI1VIJ,Beijing
BI3TFJ,Shuozhou
BD7PUU,
BD3R0K,shijiazhuang
BG7EWI,chang sha shi
BG5IMS,Nanchang
BG7KOV,Guangzhou
BH8OTZ,
BD3RQX,Shijiazhunag
BG4KHN,Jinan
BG0FBA,Changji
BG6AJG,Suzhou Industrial Park
BG8HKV,Chongqing
BG8HKR,ChongQing
BG9JGX,Jiuquan
BH4MDP,Dezhou
BH6AZZ,Anhui
BI1RLC,Bei Jing
BI3AII,Tianjin
BI1UWA,Beijing
BI7BIL,
BI9BGK,shanxi
BD3QYX,
BD8BSA,Guangyuan
BG1VIF,
BG5ETB,TZIZHOU
BH8VMN,China
BI1TIA,beijing
BI4NFH,Zibo  Shandong Province
BI3TSP,
BG6OTA,zhengzhou
BA7OVM,GUANGZHOU
BA7IQT,Dongguan
BG0BZV,Ulumqi
BG4IPA,Jinan  Shandong Province
BG5EGL,
BH3IAS,Tongliao
BI1RUH,BEIJING
BI2TY,Fushun
BI4MIG,Zibo
BI8SDE,Kunming
BA4SDD,Su Zhou
BD4XSL,Nantong Jiangsu
BD3RGP,Tang Shan
BD6JAN,Zheng Zhou
BG4KVJ,DongYing
BG1THT,Beijing
BG0IA,Lhasa
BG5DBH,Ningbo
BG5EQG,Hangzhou Zhejiang 
BI1VWK,Beijing
BH3GOX,None
BI2SP,Jinzhou
BI2UT,CHANGCHUN
BI8FLI,Suining
BI1IXS,Beijing
BD6INE,Zheng Zhou
BG4KOT,Zaozhuang  shandong
BG2GNI,
BI3RCH,Qinhuangdao
BA4LJ,Shandong
BG4KJO,Rizhao
BG6STS,Yichang  Hubei Province 
BG4KTE,Linyi
BI4NSN,Dongying
BG6XGD,Hubei
BI4WDM,Huaian
BG3UBD,Yangquan
BA4RSC,Suzhou
BA4RMY,jangsu
BA4ROX,nantong
BA4ROY,nantong
BA4ROG,nantong
BG2GFC,Email
BH7HSN,zhuzhou
BD6IYM,ZhengZhou
BD8ESR,Chengdu
BH5UOL,Fuqing
BH2XOY,
BH8PPQ,liupanshui
BI2TK,Dalian
BI3TAO,Jincheng City  Shanxi Province  China
BI3TGM,
BI4KVA,Qing Dao
BI9BPK,Xi¡®an
BG9JMY,Dunhuang City Jiuquan City Gansu Province
BA7NPQ,Guangdong
BD4XFK,Qidong Nantong
BD6JGR,Kaifeng henan CHN
BD6JJP,Zhengzhou City
BD6JMQ,
BD6JNF,Anyang
BD7PWV,Shenzhen
BH3PUT,
BI1VTA,Beijing
BI8SBU,KUNMING
BA3NE,
BA4RAB,Nan Tong
BA4SDM,Kunshan
BG4KNE,Linyi
BI9BOV,Xi An City  Shaanxi Province
BA4RTR,
BA4SAE,Xu Zhou
BA4RZZ,Xu Zhou
BD3REF,Tangshan
BD6JMR,Xinxiang Henan
BG1DL,Miyun
BG4KQW,Jinan
BG4LAY,Heze
BG5EWH,HangZhou
BG6DUI,Huainan  Anhui
BG9JMR,Lanzhou
BG6SUA,Xiangyang
BG9SYY,Qing Hai
BH1EEG,Beijing
BI1VTY,Bei Jing
BI2VQ,Shenyang
BI7KIH,None
BI8SCX,Yunnan
BI9AAG,Xian
BA4RAX,
BD6JJC,Linzhou City
BD6JOJ,Shangqiu
BD8ERM,Sichuan
BG1HHL,Beijng
BG2FSZ,Mudanjiang Heilongjiang
BG2GNY,Harbin
BG2TQB,Jinzhou
BG4BXL,SHANGHAI
BG4IMO,LinYi
BG4JMW,Linyi
BG4LCH,Qingdao
BG6HYQ,Bozhou
BH2XDP,Dalian City  Liaoning Province
BG7QZC,Ng Zau
BG9SJE,xining
BH3HHG,baotoushi
BI1TSC,Beijing
BI1VVE,Qi Qi Ha Er
BH4IGS,Zichuan Zibo   Shandong
BI3APJ,Tianjin
BI8FRZ,Suining
BI1WMB,Beijing
BA4QXO,Wuxi
BA4RGP,changzhou
BA4RGE,
BD4WTX,Nanjing
BD3RCI,Hebeitangshan
BD3QFO,xiongan
BD6INT,zhengzhou
BD4WXQ,Nanjing
BD4WXQ,Nanjing
BA4RSK,suzhou
BG4LDO,Shandong
BG5BCJ,Taizhou
BG4KOB,Qingdao
BD3QCB,Handan
BD6JEH,zhengzhou
BD7KDS,fs
BD7PWU,Shenzhen
BG1BPN,Bei Jing
BI1SPA,Bei Jing
BG9NMQ,Yinchuan
BI1VTO,BEIJING
BI9BJJ,Xi An  Shaanxi Province
BI4QYL,nanjing
BD6JEP,
BD8CBE,District  Chengdu City
BD3PFS,Langfang
BG1QMD,Beijing
BD8EUM,
BG2GPE,Daqing
BG8AMG,Chengdu Sichuan Province
BG9JPJ,Changqing Road  Qingcheng Town  Qingcheng County  Qingyang City 
BI3TTL,datong
BI8EUY,
BI6NHB,JiaoZuo
BI3TTS,
BG9JGN,Zhangye
BI4MFK,Shanghai
BA4QFZ,
BA4RAG,Qinzao Street Chongchuan District Nantong City Jiangsu Province
BA4RSG,SuZhou
BD3PYJ,QinHuangdo
BD8CMO,chengdu
BD7PFU,Shenzhen
BD8DSJ,Chengdu Sichuan Province
BD8EML,Deyang
BD8EYK,Chengdu
BD8EZP,
BD8ERP,Deyang
BD8EZU,chengdu
BD8FAI,chengdu
BG4LDK,None
BG4KFN,JI NAN
BD4XJQ,wuxi
BG2MME,Hang Zhou
BG6PQH,Zhengzhou
BG9SJD,
BG9JOI,Lanzhou
BG6QLO,Jing Men
BH4HQD,Shanghai
BH6IRJ,Kaifeng
BH6RYD,Jing Men
BH8DHT,Pengshan District Meishan City Sichuan Province
BI4PJG,Qingdao
BI4NNA,Jinan
BD3RKZ,Zhangjiakou
BD3QCO,Handan
BA4QWP,Wuxi
BD3QEN,Baoding Hebei
BD6ITA,Xinxiangshi
BG4KYM,linyi
BG5EUR,Jiaxing
BG5JAZ,GanZhou
BH2XHM,Dalian City  Liaoning Province
BI3TSK,Taiyuan
BA7OWL,ShenZhen
BD4XHX,wuxi 
BD8EYV,Chong Qing
BH3FRE,tian jin
BH3WBQ,LINFEN
BH6RYV,Hubei
BH6RZW,xiangyang
BD3REJ,Zhangjiakou
BG5DNG,jinhua
BG6DFM,Fuyang Anhui
BH2RMX,Jinzhou
BI4KLJ,Yan Tai
BA4QBI,YangZhou
BH4TBT,WuXi
BH4HYA,
BG8LTV,Banan District  Chongqing
BI1VYK,Feng Tai
BI8SGG,Kunming
BI3AXY,Tianjin
BG2GNB,Gaomi
BI2WW,Shenyang
BD3RPR,Hebei
BG4JNP,lin yi
BG2LWL,Changchun
BG4KFB,Dongying
BH1KIE,beijing
BH1EEX,Beijing
BH6RQA,Wuhan
BH1LMD,Beijing
BI1VXX,Beijing
BI1WIS,Beijing
BI1WKO,Beijing
BI1WJH,Beijing 
BI3TEO,Tai Yuan
BH6MWC,Luoyang Henan
BI1MSP,beijing
BI1SSJ,Beijing
BI2VD,
BI3AJT,Tianjin
BA7OGB,Dongguan
BG4LBS,
BG7MPV,Guangzhou
BD8DJ,Ziyang
BI1VXH,Beijing
BD3QBT,
BD8FET,MeiShan
BD8FDK,Chengdu Sichuan Province
BG1WZW,Beijing
BG2MLK,Changchun Jilin
BG2WKX,Shenyang
BG4LDN,XIAAN
BG8ESC,Pengshan District Meishan City Sichuan Province
BG7KZM,Foshan
BH2VYD,Dalian
BA4QJV,yan cheag
BG4KYU,jinan
BG2MKI,changchun
BH6SAD,WuHan
BH3HOV,Hulunbiur
BI1HND,China
BH8BBX,Mianyang
BI1WBJ,beijinf
BI1WDB,Beijing
BI4LOU,Jinan
BD8CCG,
BG2MKG,Changchun Jilin
BG5CFR,Wenling
BG4JMX,
BG6HGI,HeFei
BG6QGZ,Wuhan
BI1OXH,beijing
BI1VVU,Tongzhou district
BI3BAR,
BI3TCP,Taiyuan
BH1TSA,Bei Jing
BI4AAE,Shanghai
BI1WCB,Beijing
BI4AAH,Shanghai
BI4AAR,SHANGHAI
BA7NMZ,GuangZhou
BD6ISP,XuChang
BI1QKM,Beijing
BG3HSF,
BI1TMG,Baodi District  Tianjin 
BG2UKM,JinZhou
BH3HNI,Baotou
BH3HOF,baotou
BH4BUW,Shanghai
BH6QBD,xiangyang
BI7KEO,Shenzhen
BH8BIO,
BA4RBR,NANTONG
BA7OVB,Ganzhou
BD4RST,None
BD7PXB,foshan
BD4TUH,wuxi
BG4NZW,Jinan City
BD8CIZ,
BH4OEW,
BH4SFY,Suzhou
BH4TGQ,wuxi
BH6BIS,Cizhou
BA4QVV,Wxi
BH8GC,Chongqing
BI3TCO,Taiyuan
BI3TWB,Taiyuan
BI4SYN,
BI7KIG,Zhongshan
BI8SIG,YunNan Kunming
BD6ISM,XuChang
BH2WQS,Jin Zhou 
BD7PRM,Canton
BH2XSM, Shenyang Liaoning
BI7ANM,
BG6AC,Beijing
BA4SEX,Shanghai
BA7IFC,jilin
BD3PLL,ShiJiazhuang
BD3RDE,Tangsan
BD3QAM,Hengshui
BD6ITS,Zhoukou
BD3RSS,Shijiazhuang
BD6IKC,Henan  Xinxiang
BG0FCU,Urumqi
BG2GOR,Harbin
BG4KEV,qingdao
BG4IHU,Shan Dong
BG4LKJ,ji nan
BG4LEF,Jinan
BG4LED,Yantai
BG4LBJ,zaozhuang
BG4LKS,Yantai
BG5UXJ,
BG6EAR,Maanshan
BG6GOE,Beijing
BH2XEH,DaLian
BG7TRR,NanNing
BH2XOG,DALIAN
BH6BOF,Wuhu City Anhui Province
BH6AYP,Beijing
BH6RNS,Wuhan
BI1SQW,Beijing
BI1WIO,Haidian  Beijing
BI4ACT,SHANGHAI
BI9BPH,Shanxi
BH4HYR,Shanghai
BI4AAU,Shanghai
BH6AGP,Bengbu
BG4KYI,Xintai  Taian Shandong
BA4RKW,Nanjing
BA4RKS,Nanjing
BA4RVU,
BA6IV,Luoyang
BD6IUC,China
BD3RDN,Tangshan
BA7ORO,Zhoukou
BG2GDS,Qiqihar Heilongjiang Province
BG2ILD,Jilinshengyanbianzhou
BG6HBE,Beijing
BG2XYG,Dalian
BG6QYV,Wuhan
BG7RBS,Liuzhou
BG7LDN,Shenzhen
BH3VWP,Taiyuan
BH5ECI,jiaxing
BH4PPW,Weifang
BH6AYY,Beijing
BH6ROB,Hubei
BH6AZW,Beijing
BI1VZC,BeiJing
BI6OTA,Xuchang
BI6POB,None
BA7OOA,Shenzhen
BD2RWS,Jinzhoucity Liaoning Province
BD3NPZ,Hebei
BD3QIN,Changzhou
BD7PVD,Guangdong
BD3RLH,shijiazhuang
BG4KDQ,LinYi
BD8ESL,abazhou
BG7LDO,shenzhen
BG2MKF,Changchun City
BG7LQT,ShenZhen
BD8ESL,abazhou
BG7LSI,Shenzhen
BG7LSN,
BG7LRM,Dongguang
BG9HTK,Lanzhou
BG7RPL,NanNing
BH3HOG,Hohhot
BH1QPQ,Beijing
BH2VVY,GaiZhou
BG9NBA,zhongwei
BH6ELE,maanshan
BI3AMI,tianjin
BI3TGK,Taiyuan
BI4LIC,jining
BH4GEG,Shanghai
BH4GEG,Shanghai
BG7MDK,Shenzhen
BI4JZS,Linyi
BD8FBK,Renshou sichuan
BH3FPP,Tangshan
BI6PTV,Luo He
BG5JWF,NanChang
BG5VXQ,Putian
BI1ORM,Beijing
BI3TWO,taiyuan
BD7POT,dongguan
BG3NOZ,
BG7LRC,ShenZhen
BG5ETW,Shaoxin City Zhejiang Province Of People S Repubic Of China
BG7LRV,FoShan
BG7LSH,Shenzhen
BG9PQY,Yinchuan
BI2QBD,Dalian
BH5HRL,Hang Zhou
BH3HMC,Hohhot
BA4RGN,Chang Zhou
BD6ICK,
BD4XLD,Kenshan
BD8DTC,ChengDu
BG2MLB,Chang
BD6ICM,Luoyang Henan
BD6JOL,Luoyang
BG2MMR,Bai Cheng
BG4LLK,Dongying
BG5JWA,Nanchang jiangxi
BH2WLW,Dalian
BG9PEX,Yinchuan
BH2XHJ,Dalian
BH2XPY,None
BH2XUT,Da Lian
BH2XRZ,
BH8RBW,
BH3HPM,Tongliao
BH6IYI,Luoyang
BI2QBP,Liao Nin
BI2QAB,Da Lian
BI2UL,Dalian
BI2UK,Da Lian
BI6OBP,Luoyang
BA4QWO,Wuxi
BD6ITY,Luoyang
BG6OIJ,Luoyang
BI2QBW,China
BI6ITC,LUOYANG
BI4NVP,QIngdao City Shandong Province
BG0FFH,Xinjiang Urumqi
BD7OUB,Guangzhou
BD6KCP,Zhengzhou
BH2XCT,Dalian
BH2XAL,Dalian
BH6BQE,He Fei
BH2XFZ,Dalian
BI6OUL,LuoYang
BD3PUE,Tangshan City  Hebei Province 
BD3QZD,Zhangjiakou
BD6JQR,Luo Yang
BD7OUR,Guangzhou
BG7LSC,Shenzhen
BG7LSG,
BG7ZAN,Jiayuguan
BG9GHC,Jiayuguan
BH6LVM,Luoyang
BI3BBB,Tian Jin
BI1WAH,Chaoyang District  Beijing
BI1JXH,Beijing
BI4PSU,Linyi
BI6JIW,LUOYANG
BI7KHI,Panyu District Guangzhou City China
BI6LTC,luoyang
BD4XIX,Jiangyin
BD6IMJ,Luoyang
BG9GFX,Jiayuguan
BI4NAP,Ji Ning
BI6OUB,Luoyang
BI6JJT,Luoyang
BI6OBN,Luoyang
BI6IRW,Luoyang
BG7NMA,Guangzhou
BD6KL,Ruyang
BD8FKQ,Suining
BI4NIC,LinYi
BG6LFW,LUOYANG
BH8RBV,liupanshui
BG4KPT,Jinan
BG6KYV,Luoyang
BD3PWZ,Tangshan
BA4SME,Huai An
BD6IHK,LUOYANG
BG6LDU,Luoyang City  Henan Province
BG6LVV,Ruyang
BG8LFE,Chongqing
BI1WYN,
BH6OFV,LuoYang HeNan
BG7RIC,nanning
BI6OBL,Luoyang
BI6LFB,Zhengzhou
BG3LXX,Chifeng
BH6BSS,Hefei
BI6OTC,
BI6OTV,Ruyang
BD4XYW,Huaian
BD6ISL,Xuchang
BD6IDF,Luoyang
BD7JGP,Shenzhen
BG3PPX,Zhangjiakou
BG2GMD,Harbin
BG2GME,Harbin
BH2XDV,Dalian
BG7MFH,ShenZhen
BG6GDQ,None
BG6QZV,Wuhan
BH6IYN,Luoyang
BH4FKA,Shanghai
BI3TUK,Xi An
BI1XCE,Beijing
BI1UDD,BEIJING
BI1WTM,beijing
BI4PFN,wei hai
BI6IMU,Luoyang
BI6IMJ,Luoyang
BI7COK,Hunan
BI6NGT,Xuchang
BI6IRL,Luoyang
BI6OBO,Luoyang
BI7KHL,Guangzhou
BG2GVP,Changzhou
BA7IQE,Guangzhou
BA7MYG,HUIZHOU
BD8ETE,Chengdu
BD6JZH,Zhoukou
BG2GCG,Qiqihaer
BG7MVI,Shenzhen
BH6LWX,Luoyang
BI4RVS,Nantong
BI6ILP,Luoyang
BI6JLE,Luoyang
BD6IZF,Zhengzhou
BG7FDL,changsha
BG2GCH,Qiqihaer
BG7LSQ,Shenzhen
BG7RAN,Hezhou
BH4HYG,SHANGHAI
BH1NXG,Beijing
BH5URN,Quanzhou
BI1XCY,Beijing
BI1XDD,Beijing
BI3ATR,Tianjin
BI3BDI,tianjin
BI3BDH,Tianjin
BI6OBD,luoyang
BI4KYG,Licheng District  Jinan  Shandong 
BI8APH,
BI9BSZ,xi an
BI6PBW,Zhengzhou Henan
BA7OST,FO SHAN
BA7OMA,Shenzhen  Guangdong
BD6ISO,Xuchang
BD6JVO,Xuchang
BD6JZC,Xinxiang
BH3HQA,Hohhot
BI6MHX,None
BI6ITH,LUOYANG
BI9CCT,Xian
BH3HQT,Hohhot
BG9JGO,Lanzhou
BH3HQR,Hohhot
BA4RZN,Xuzhou
BD6JVK,xiping
BD6ITB,Luo Yang
BA7MCO,Shenzhen  Guangdong Province
BH6LWY,Luoyang
BH2XWP,Dandong
BH3HPT,Hohhot
BG7WXH,Guangxi guilin
BI3AQE,Tianjin
BI3TSJ,taiyuan
BI6NGJ,Xuchang
BG7QMO,
BD7MLY,
BH8ECD,Chengdu
BA4SPF,Jiangsu
BA4QZR,Nantong
BD4VIW,Wu Xi
BD6IDE,Luoyang
BG6EZG,Cizhou
BD3QHR,
BG6PPA,Zhengzhou
BG7MVG,Shenzhen
BH3HPE,Hohhot
BG7HVD,Hunan
BI1QYI,Beijing
BH3HQC,Hohhot
BI1TJF,beijing
BI4MUK,Qingdao
BI3WJD,Taiyuan
BI4OYY,Weihai
BD3QWT,Qinhuangdao
BD3RLO,Handan
BG7ODE,
BD4WNZ,Nan Tong Shi
BI3ASG,Tianjin
BI3SCP,Yangquan
BI9CGH,Xi an
BG4JTS,Jinan City  Shandong Province
BG5EGC,Zhejiang Taizhou Luqiao
BH4HYH,Shanghai
BH8AAP,CHENGDU
BG5EIC,Wenzhou City
BG2MLX,Changchun Jilin
BI1WPA,Bj
BH3GTO,China
BG7LUF,GuangZhou
BG4LJU,
BI8SJD,Kunming
BA7NEA,JiangMen City
BG5BKO,Zhoushan
BG5VIK,Quanzhou
BH5UUE,Fuzhou
BD3RKT,Hengshui
BD4XZM,Huaian
BG7NLP,Zhuhai
BI6IOT,Ruyang
BI1SQJ,beijing
BI9CDF,Xian
BA3PM,hengshui
BG4RSS,Zhenjiang
BH6ASA,Chuzho  Anhui Province
BH6IYB,Luoyang
BI1WAF,Beijing
BI4KHM,Weifang
BG5FLW,Taizhou
BG1RDU,Dongcheng District  Beijing
BG7RFD,NANNING
BG7LTK,
BI4NQJ,Linyi City
BI2VG,Jinzhou
BI1SCC,Shunyi
BG5BSZ,Taizuo
BI4MCR,Yantai City Shandong Province
BG5FBE,Zhejiangtaizhou
BI6LPM,Luoyang City  Henan Province
BD6JXJ,zhengzhou
BD7KBF,HuiZhou
BG5CYQ,hangzhou
BI4TAW,ZHENJIANG
BG8JDO,Chongqing
BH6FWE,Water Park Road  Daguan District  Anqing City  Anhui Province 
BA7MXG,Guangdong
BD4VEL,Wuhan Hubei
BG6KWI,HeNan LuoYang
BG7KMY,Canton
BG4JMZ,
BG7RIQ,NanNing
BH3HPZ,
BH8EQW,Xichang
BH6QFH,Enshi City  Hubei Province China
BH3HRH,Xinganmeng
BI4ADY,Shanghai
BI6LPS,LUOYANG
BI1PKW,Beijing
BH3GVJ,Tongliao
BG4JSN,
BG6RH,Xiantao
BG2EAY,Heilongjiang
BA4RCR,Nanjing
BI4ONE,Heze
BA4QYB,
BG6UGV,Xiangyang
BI4UBH,Nantong
BH3CEY,Jizhou District Tianjin China
BG7JYY,Shenzhen
BH2WAM,shenyang
BI1ULJ,Beijing
BH3QEL,Qinhuangdao
BH4FTT,Shanghai
BI8SCQ,
BG7JZH,shenzhen
BG7ZHS,Hainan
BI4NIQ,Linyishi
BG4JCJ,
BD2QBT,Shenyang
BG2CMO,Daqing
BG0CPU,None
BG6LLP,Ruyang
BG2AYZ,Harbin
BH3FKL,tianjin
BG5JIG,Nanchang City
BH6BQH,
BH5UTC,Fuzhou Fujian
BH6AZO,Maanshan
BI3AVJ,Tianjin
BI8SFK,Chengdu
BI4KRS,Linyishi
BI9BXJ,YULIN
BI4MXD,Laizhou
BI1USO,Beijing
BG9EUL,Baoji
BH2XKD,Tieling
BG9PQO,Yinchuan
BH4EXC,Shanghai
BH6RVI,Huanggang
BI1WTF,Fangshan
BI7KJU,DongGuan
BD3QAB,Handan
BD4VLH,Yangzhou
BD4VNJ,Huai An
BD3ROR,Shijiazhuang
BD4SL,Suzhou
BD6JP,Luoyang City Henan Province
BD6JTC,Henan
BD8DAQ,liupanshui
BG4JDI,Weihai
BG4JJC,Qingdao
BG5FCW,Tiaizhou
BG5FNC,Zhejiantaizhou
BG0EPW,bole
BG0FAN,Bayingolin Prefecture
BG0EUV,Kuerls
BG0FAQ,bole
BH6ERI,Zhengzhou
BH4LAY,
BI8ALX,
BG7QVB,GUILIN
BH1TYG,BJ
BH4CIJ,Shanghai
BG6TCE,shiyan
BG4SP,Zhenjiang
BG7LSE,Shenzhen
BG9JMH,LANZHOU
BG7LRX,Shenzhen
BI1NSE,Beijing
BH4FLY,Shanghai
BD3RR,chengde
BD3PEY,Shijiazhuang
BD8CXJ,
BG9BYQ,Xian
BG7JZT,Huizhou
BG7LRO,Foshan
BH3VTI,Cangzhou
BH4GMY,Jiading District  Shanghai
BG9JTQ,Lanzhou
BG9JTU,Lanzhou
BH4FJI,Shanghai
BI1MOO,Beijing
BH8CQS,Si Chuan
BH9AZD,Tongchuan
BH4GWH,Shanghai 
BI1XNP,Beijing
BI1XKX,Beijing
BI3SAN,Taiyuan
BD3RKD,Cangzhou
BI8SII,Kunming Yunnan
BA7LAK,Guangzhou
BG5CFQ,Zhejiangtaizhou
BD8ABB,Chengdu
BG4LMJ,Linyi
BG2GNX,Harbin
BG5CFS,Zhejiangtaizhou
BG5CFY,
BI2QCI,Dalian
BI6PPB,zhengzhou
BI1XOR,beijing
BI1XPG,Beijing
BA4RRW,Suzhou
BA4SFS,Suzhou
BD4XYC,Huai An
BG1TGX,beijing
BD7PTV,qingyuan
BG5VRC,Quanzhou
BG7LSS,ZhuHai
BG4JZK,Binzhou
BH2VBT,Liaoning
BH3HHQ,Chifeng
BH3QEN,Hengshui
BH2XEY,Chaoyang
BH6MMV,Henan
BI1PWF,
BH3HAI,Hohhot
BG2MFE,Changchun
BD4XYN,Jinhu
BG2GOL,Daqing Heilongjiang
BG4QT,Huai An
BG4KAI,qingdao
BG7JYZ,SHENZHEN
BH4TFF,Wuxi  Jiangsu
BI7NTN,Nanshan Commercial Cultural Center Area  Shenzhen
BI1WKW,Beijing
BD3PZL,shijiazhuang
BI6NCQ,luoyang
BI4SVD,yangzhou
BD8ACG,Chengdu
BA7IEI,Shenzhen
BD5EPC,Huzhou
BD3MUE,Tangshan
BG2LZP,Baicheng
BG4KLK,Rizhao
BG9JTT,Lanzhou
BH2XHZ,Liaoning
BH6RNK,Chuzhou
BH2XLN,Liaoyang
BI4NPR,Mudan District Heze City  Shandong Province
BI1XLC,Beijing
BG5DIZ,Shanghai
BI1OIH,Beijing
BA2NB,China
BI3XHJ,Jincheng
BG6QLM,Hubei
BG9FVN,Tongchuan
BG5DOQ,Hangzhou
BH3RLN,Cangzhou
BI1VLM,Peking P R C
BG0ETY,
BG9JTO,Gansu Lanzhou
BG9JTP,Gansu Lanzhou
BG9JUU,Lanzhou
BA7PYT,Meizhou
BG2MKV,JiLin
BI1WLM,Beijing
BH8QWT,Guiyang
BI1TMW,Feng Tai
BD8EZB,Chengdu
BD8DTL,Chengdu
BG1CIW,Chaoyang District Beijing P R China
BG1LP,MiYun
BG1LN,MiYun
BG2DGY,Harbin
BH3HGM,CHIFENG
BH8FJR,chengdu
BG1UJN,Tong Zhou
BD8DHD,Chendu
BA4RVK,Su Zhou
BG2GGS,Harbin
BG2MJL,Changchun
BG2MLC,Changchun
BG3HAF,Baotou
BG4EOA,Shanghai
BG4JSQ,Zibo shandong
BG7JZB,Zhuhai
BG4SR,Jingkou Road  Jingkou District  Zhenjiang City  Jiangsu Province
BG4KOA,qingdao
BG7KBL,ShenZhen
BG7KMR,Meizhou
BG8LME,Chongqingchina
BG9JTV,lanzhou
BG9JUI,Lanzhou
BG2HW,BEIJING
BG2JAU,Songyuanshi
BH9ASN,Xian
BH4HZQ,Shanghai
BH2TMY,Huludao
BH9BVQ,BaoJi
BI1WOH,Langfang 
BI3OTY,hebei cangzhou
BI4KUI,Tianjin
BI1XQN,BeiJing
BI3PUV,Handan Quzhou
BI6NES,Nanyang
BA4QGE,Pudong New District Shanghai
BI9BCA,Xian
BD3PAN,Handan
BD4WLB,Suzhou Kunshan
BD8EWP,Chengdu
BD3RFL,Rock Home Town
BG2CCT,Harbin
BG2GPN,HeiLongJiang
BG2GRB,Jixi
BG7SJI,Yu Li
BI2UR,Dalian
BA4SFU,Suzou
BD3MBZ,CANG ZHOU
BG4KEB,Shandong
BD3QLG,CANG ZHOU
BH6RNI,Chuzhou
BI1XEA,Beijing
BI1WGY,BEI JING
BG4KRN,Jinan
BG9IOM,TIANSHUI
BG7LXX,Shenzhen
BH1NCB,Beijing
BH2VOI,Chaoyang
BH3HTP,ChiFeng
BH5UUW,FUZHOU
BG2FZE,JiaMuSi
BD8FDN,Cheng Du
BI2QCY,Shen Yang
BH8GLK,Chongqing
BG8EBB,Chendu
BH3HKH,chifeng
BH3RAR,Shijiazhuang
BH7AOF,Zhuzhou
BH6DKK,Bengbu
BH8GLN,Chong Qing
BH7GWZ,Changsha
BI1WSN,beijing
BI1BMZ,Beijing
BI1XIT,Bei Jing
BI3MLA,Hengshui
BI2UY,Zhongshan Dalian Liaoning China
BI3TUC,Datong
BI4WRP,Changzhou
BI6PKB,Zhengzhou
BI9BRH,Xi An  Shaanxi Province
BI9CIN,Xian
BA4RLL,Nanjing
BA4RSE,Suzhou Industrial Park  Suzhou City
BA4SQO,ChangZhou
BA4SER,Jiangsu
BD3RNY,Shijiazhuany
BG0FDM,Kuitun
BD6JFS,ZhenZhou
BG2MDW,Song Yuan
BG4CLU,Shanghai
BG4SE,Taizhou  Hailing
BG4JNH,Yantai
BG5DMB,Wenzhou
BG6XCW,Nanzhang Xiangyang Hubei
BG7CNI,Yue Yang
BG7IGM,zhanjiang
BG7RHJ,Nanning
BG9JFS,Lanzhou
BG9JPB,lanzhou
BG9SEZ,Hainanzhou
BG9JTK,Lanzhou
BH2WRN,Liaoning
BI3ADA,Tianjin
BI9BPU,Shanxi
BG2BDW,Harbin
BA4RQO,Suzhou
BD8FPI,China
BG2LWG,Chang Chun
BG3UPU,Jinzhong
BG4LNB,Linyi
BG7LZL,Guangzhou
BG4LOD,Jinan
BG7JZI,Shenzhen
BH1VNE,Beijing
BG9MWN,LangFang
BH5HJU,Hangzhou
BH4HNA,Shanghai
BH5UVG,Fuqing
BI1SJZ,Bei Jing
BI1XRO,Beijing
BI1WCK,Beijing
BI1XTI,Bei Jing
BI3SDZ,Taiyuan
BH1IIS,Beijing
BI1DSP,Beijing
BH4DZB,Shanghai
BH3GSS,Chifeng City
BH3HRK,Wu Lan Hao Te
BI4OSG,Shandong
BI3BGT,Tianjin
BI1LAV,Beijing
BI4AEU,Shanghai
BA1OO,Peking
BG1JND,Beijing
BG4LOL,JiNan
BG3ATI,Tianjin
BG2GPA,Haerbin
BG2GKM,Harbin City
BG5FPR,Taizhuo
BG8LKT,Chongqing
BG7WG,Nanning
BA1GN,Pan Shui City
BA3RE,XingTai
BG9JTX,Lanzhou
BG4KJC,Jinan
BH1NCD,Beijing
BH8GNH,Chongqing
BH8GMH,chongqing
BI1RQZ,Bei Jing
BI1WRE,Beijing
BI4AFI,Shanghai
BI4AEM,Shanghai
BI2QDG,Dalian
BI9BDI,None
BG7VTT,guilin
BI3MVZ,Tangshan
BH1CZD,Beijing
BH2XTP,Chaoyang
BH4AET,Shanghai
BH8GOB,Chongqing
BH6RIZ,Xiangyang
BG7OFU,Shenzhen
BG7JZU,Zhan Jiang
BH1RIQ,Beijing
BH8OKK,bijieshi
BI3BGM,Beijing
BD7JQW,Shenzhen
BD7JQT,Shenzhen
BG3JQG,Hu He Hao Te
BG9PGI,Yinchuan
BI3TFD,Taiyuan  Shanxi
BG6IHA,Luoyang City Henan
BI8SCP,Chuxiong
BG6SXF,Xiangyang
BI7KGF,Shenzhen
BH1RVN,Beijing
BG9OGJ,Yinchuan
BI7KGE,Shenzhen
BH4HPK,Shanghai
BI3BHF,Tianjin
BG2GPT,Harbin
BH8GLB,Chong Qing
BD3QNN,Shijiazhuang
BG5EYK,Jiaxing
BD3REC,Tangshan
BG5JJZ,Ganzhou
BG9JHE,Lanzhou
BH6JGC,Xuchang
BI3BCI,Tianjin
BA4SEE,Suzhou
BH6AJW,Fuyang
BI1OTJ,Beijing
BI6PWL,Zhengzhou
BI7OCD,Guangzhou
BG4LPU,Shandong
BH2TWX,Dalian
BI4AHD,Shanghai
BG7KMI,Zhaoqing
BI3BGL,Tian Jin
BH3UFO,Tangshan
BG6SNO,Wuhan
BH8SHT,Qujing
BI1SDZ,Beijing
BI1VMP,Bei Jing
BI4IRZ,Jinan  Shandong
BI3AIR,Tangshan
BI4OTN,None
BI9AJP,Xian
BI9BOT,Xi An  Shaanxi
BI2RA,Shenyang
BD3OYV,Qin Huang Dao
BG4JZF,Ji Ning
BG4JZE,Ji Ning Shan Dong
BG1TMR,Beijing
BD8CWG,Yang Ling  Shaanxi
BG4LQE,Weifang
BG2GRG,Harbin
BG1TMR,Beijing
BG5DNV,Wenzhou
BH8GNQ,CHONGQING 
BH1OQU,Beijing
BH8GNQ,CHONGQING 
BH4GRW,Shanghai
BH2XID,Shenyang
BH6KEL,Luoyang
BG7LCN,FoShan
BG4LNF,Rizhao City
BH8GKU,Jiansheng Town
BI8EZW,Mianzhu
BG2BGV,Heilongjiang
BI1KMN,Beijing
BD3PPI,Handan
BG1QPG,China
BD8FMB,Chengdu
BG7LRL,Guangzhou
BD8FOM,Chengdu
BD6JVJ,Shanghai
BI1WNC,Beijing
BG7KOJ,Guangzhou
BG7VYH,Guilin
BA4SZJ,Nanjing
BI1VVX,Beijing
BD8FMQ,Yaan
BH2XYE,Fushun
BG2DEZ,None
BI1TND,Beijing
BG0EKQ,Korla Xinjiang
BA4RLP,Nanjing
BH2XVO,Shenyang
BH3CVN,Tianjin
BH4TAX,Wuxi
BG7KNE,Dong Guan
BH6SAC,Wuhan
BI2QCU,Fushun
BI3RPS,Tangshan
BG8AVA,Chengdu
BD4SYT,Yancheng
BI4AIA,Shanghai
BD1ABG,Beijing
BI1RMK,None
BH6BAV,Wuhu
BI4OWS,Zhuchengshi
BI1FHC,Beijin
BA4TAW,Qingdao
BD3RLT,Shijiazhuang
BG2EVY,Ha Er Bing
BI1ICO,Beijing
BI1XYX,Bei Jing
BI2RI,Hiyohara Manchu Autonomous County  Fushun City  Liaoning Prov
BI3BCG,Tianjin
BI3AND,Tian Jin
BI3AZY,Tianjin
BD1AAF,Beijing
BD7OSZ,Guangzhou
BD4QVO,Changzhou
BG2LTI,Yanji
BG2GAX,Harbin
BG2AJK,Harbin
BG0CIG,Changji
BG4KZX,Linyi
BG5JKG,Yichun Jiangxi
BG4KOL,Qingdao Shandong
BG4NHF,Zibo
BI3BEJ,Tianjin
BG7YP,Haikou
BG7YP,Haikou
BI3BEZ,Tian Jin
BI8ALR,Chengdu
BI4LSC,Zibo
BD8FNI,Chengdu
BI1XYS,Beijing
BG3RHM,Shijiazhuang
BH8PPF,Liupanshui
BI3AWF,Tianjin
BD3RNC,Shijiazhuang
BI4AIF,Shanghai
BI9CEF,Xian
BI4OKB,Yantai
BI3RPE,Handan
BD8DTT,Chengdu City
BH4MEK,Weifang
BG2MFL,
BD6JYS,Zhengzhou
BG3MCW,Shijiazhuang City Hebei Province
BH8BGF,Cheng Du
BD2AC,Harbin Heilongjiang
BA7MBF,Guangzhou
BG7LDJ,None
BI1ECQ,Beijing
BD8EPP,Yb
BH1WOV,Beijing
BA7JHN,Guangdong
BG4KJM,None
BD6JBA,Luoyang
BG6JZK,Zhengzhou
BG3PKE,Shijiazhuang
BH4PHB,Yantai
BG7WJH,Guilin
BH2XJW,Shenyang
BH8UUU,Kunming
BH8PXJ,Liupanshui
BH8QVE,Honghuagang District  Zunyi City  Guizhou Province
BG9SEC,Xining
BG9SEC,Xining
BI3ODB,Xingtai
BI3MTA,Handan
BI3MTA,Handan
BI3VPB,
BI3XZC,Taiyuan
BG0FDR,Urumqi
BD3REP,Shijiazhuang
BH6JKB,None
BH2XOX,Huludao
BI3BV,Tianjin
BI9BPA,Xi An City  Shaanxi Province
BG2XLV,Niaonin
BD8FNZ,Chengdu
BG3MRL,Cang Zhou
BI3AXN,Tianjin
BG4LOK,Weihai
BG5CBQ,Jiaxin
BI3FB,Tianjin
BG3PTO,Shijiazhuang
BI6NLN,Jiaozuo
BI4NMM,Heze
BI6PBH,Ping Ding Shan
BI4NMM,Heze
BI6MHW,Zhoukou
BI1XZI,Beijing
BD8ASA,Chengdu
BA4RNL,Nanjing
BG0CWM,Urumqi
BI4TEI,Kunshan
BI1VWH,Portable Three
BG3QAN,Shijiazhuang
BH8QKP,Guizhou Qiandongnan
BG3PXN,Shijiazhuang
BI3PQC,Shijiazhuang
BI4OTX,Weifang
BI4OTX,Weifang
BA3MAC,Xingtaishi
BG2MLI,Jilin
BG2CEM,Haerbin
BD7PWI,Guangzhou
BA4SGJ,Su Zhou
BD7PMI,Shan Tou
BD7PWI,Guangzhou
BG0HF,Lhasa
BI6LSH,Jiaozuo
BG3QLD,Shijiazhuang
BI1UHQ,China
BD4XIZ,Wuxi
BD8EYM,None
BG1GJI,Beijing
BG5FFL,Zhejiang
BI4MQW,Yantai
BI4KAD,Zibo
BH8GPH,Chongqing
BG9EUP,Bao Ji
BI3AGS,Tian Jing
BG8LAK,chongqing
BG2FZS,
BD1AGJ,Beijing
BA4RJS,Tai Zhou
BA7KTH,Zhuhai Guangdong China
BD3QLS,Handan
BG3PNQ,Tangshan
BG2GRM,Qiqihar
BH3HAL,Tl
BI2QEI,Benxi
BH8GEF,Jiulongpo Chongqing
BH6RQJ,Wuhan
BH8GEF,Jiulongpo Chongqing
BD3QMJ,Shijiazhuang
BH6SBK,Wuhan
BI3AYR,Tian Jin
BI1XCY,Beijing
BH8ESM,Chengdu
BG5FCS,Zhoushan
BG4UTT,Nan Tong
BG9GHZ,Lanzhou City  Gansu Province
BH6RPI,Yichang
BI9CDL,None
BG8SRC,Kunming
BI4AFJ,Shanghai
BD8FLR,None
BH4GWZ,None
BI4LCX,Jinan
BG9IJE,Tianshui
BH3AET,City Tianjin
BG7RSW,Nanning
BD6IVR,Xuchang Yanling
BH2XJP,Shenyang
BD8FBG,Sichuan
BD3QYG,Shijiazhuang
BD8EJH,Sichuan
BG2GSQ,Harbin
BD8CWF,Sichuan
BG9JIH,Lanzhou
BA4RLE,Nanjing
BD3QYO,Shijiazhuang
BD3RIJ,None
BG2GSD,Harbin
BD6JPR,Zhengzhou
BG2LUY,Tonghua
BD1ABP,Beijing
BG2GRY,Harbin
BI1RJB,Bei Jing
BD8CIU,None
BI1RJB,Bei Jing
BI1XWA,Beijing
BI1XWA,Beijing
BH8GGR,Cq
BI2VH,Shenyang
BG1SEH,Beibjing
BG2GLJ,Suihua
BG2GRT,Harbin
BG3RFA,Hengshui
BG2GSA,Harbin
BG2GSE,Harbin
BG6QBL,Wuhan
BG2SDF,Anshan Liaoning
BI1XZM,Beijing
BG8JB,Chongqing
BH8GOG,Chongqing
BH8GOG,Chongqing
BD6JVR,Xuchang
BD8DCB,None
BD6IPM,None
BH8QED,Guizhou
BH1NJR,Yanjiao  Sanhe City  Hebei Province
BH8GME,Chongqing
BH8GNC,Chongqing
BI1WFV,Beijing
BI1TVA,Bei Jing
BD1ADJ,Beijing
BI7CWS,Changsha
BI7CWQ,Changsha
BG7NPD,Harbin
BG3EB,Tianjin
BG0HY,None
BD3PEA,None
BG2GSW,Sui Hua
BG2GSU,Suihua
BG2GSX,Zhaodong
BG5SKT,Fuzhou
BH1JFD,Beijingshichaoyangqu
BH1KRZ,None
BH4TVU,Jiangyin City Jiangsu Province
BI1XLD,Beijing
BI3PMU,Zhangjiakou
BI4AJM,Shanghai
BI3TAC,Taiyuan City  Shanxi Province
BI1WTY,Beijing
BI1URB,None
BI1XVP,Beijing
BI2QCR,Dandong
BA7MTT,Huizhou
BD8FVA,Guangan
BD1ADV,Beijing
BG7LTA,Shenzhen
BG2GFL,Songbei District  Harbin City  Heilongjiang Province
BG7JPT,Guangzhou City
BG5VEZ,None
BG7JPT,Guangzhou City
BR6QZZ,Wuhan
BI4IPW,Shandong Weihai
BD8FOH,Chengdu
BG5CRL,Xiaoshan Hangzhou
BG3RKO,Xingtai
BG9JHX,None
BH2XUQ,Dandong
BH6AJX,Fuyang
BG4JWL,Dezhou
BI2QEC,Chaoyang
BI2QEA,Chaoyang
BH1LAF,Beijing
BH3HDV,Wulanchabu
BH4UCD,Taizhou
BH6AKC,Fuyang
BI2QET,Dandong
BI2QEZ,Shenyang
BI9CCY,Xi An
BG4DUN,Shanghai
BG4KZF,Zhuhai Road Subdistrict  Shinan District  Qingdao City  Shandong
BG1TPS,Qingdao
BG6ULJ,Qianjiang
BI2QFA,Liaoyang
BI2QEQ,Liaoyang
BI2QFS,Changchun
BH6SBO,Wuhan
BI8SCO,None
BH4HTU,Shanghai
BH4HWS,Shanghai
BI2QFG,Liaoning Shenyang
BD6JGV,Luoyang
BI2QES,Shenyang
BI1RDV,Beijing
BH1OSX,Beijingshichaoyangqu
BI3BIE,Tian Jin City
BI2QFJ,Dalian
BA4QMP,Nanjing Jiangsu Province
BI2QFX,Dandong
BG2GMX,Daqing
BD6JVC,Zhengzhou
BG4JEE,Yantai
BG4JEE,Yantai
BH6IDC,Zhengzhou
BI2QFF,Shenyang
BI2QFN,Shenyang
BD6IHL,Luoyang Henan
BD1AHN,Haidian
BG2MOZ,Changchun
BG5FZU,Zhoushan City
BG4KBZ,Weifang
BG4LSV,Zibo City
BG4JMJ,None
BG4LSV,Zibo City
BH6RJC,Zaoyang City
BH2XKP,Yingkou
BI1PWI,Beijing
BH6SCZ,Wuhan
BH6SFN,Wuhan
BH6SCZ,Wuhan
BD6IGB,Luoyang Henan
BD6KBR,Beijing
BG1KEP,Beijing
BH6SBR,Xiangyang
BG7LYT,Foshan
BI3AFU,Tianjin
BI2QFZ,Shenyang
BI3BIT,Tianjin
BI2QGB,Shenyang
BI7KJR,Guangzhou
BD4XHA,Wuxi
BH8EDU,Chengdu
BG8LTU,Banan District Chongqing City
BH1BTY,Beijing
BH6RHA,Wuhan
BI2QEB,Chaoyang
BI1UWM,Beijing
BI7CVH,Changsha
BI1UWM,Beijing
BD3OVC,Shijiazhuang
BD8EPN,Neijiang
BH6SFU,Wuhan
BD1AGX,Beijing
BI3UQX,Xinzhou
BH6QCN,Wuhan
BD7PJW,Shan Tou
BI6POJ,Zhengzhou
BG2MOU,Shuangliao
BG6UXF,None
BH3OGZ,Huang Hua
BH6QCV,Wuhan
BD3RPY,None
BD3RRD,Shijiazhuang
BG2MPE,Jilin
BG4LAE,Weihai
BH1QPG,China
BH3RQG,Shijiazhuang
BI1RNU,Beijing
BI9BKY,Xian
BI6PIL,Zhengzhou
BD3RTL,Shijiazhuang
BG4LTA,Zibo
BG2GRV,Harbin
BG7LGF,Zhaoqing Guangdong
BG9SJP,Chengbei District  Xining  Qinghai Province
BI2QGW,Anshan
BI2QEE,None
BI2QEL,Chaoyang
BI2QGW,Anshan
BD8BNF,Sichuan Chengdu
BI3AYQ,Tianjin
BI4LUS,Jinan
BI6PUI,Zhengzhou
BI9EN,Shangluo
BI9EN,Shangluo
BD1AMC,Overcast
BD6JRC,Luoyang
BD7MSL,Dongguan
BG1TOR,Beijing
BG5JMT,Nanchang
BG2MPM,Meihekou
BG3QKD,Shijiazhuang
BG3PFG,Shijiazhuang
BG3QKD,Shijiazhuang
BG7LHH,Guangzhou
BI1SGK,Beijing
BH6AAW,China
BI2QHZ,Shenyang
BH6SCU,Huangshi
BH6SCU,Huangshi
BI1TLI,None
BI1TLI,None
BI2QHS,Fushun
BI2QHS,Fushun
BI2QHS,Fushun
BI1TLI,None
BG9CRK,Xi An
BI6PKH,Zhengzhou
BG7RJE,Beihai
BI4AII,Shanghai
BA4TGP,Nanjing
BD3RCJ,Tangshan
BD6IHS,Luoyang
BA4TGQ,Nanjing
BG2GVD,China
BG4KFP,Jinan
BD1AGE,Beijing
BA7OWP,Guangzhou
BG4KJS,Decheng District Dezhou City Shandong Province
BG4LNC,None
BG4VPK,Huaian
BG7CPE,Changsha
BG5JOE,Nanchang
BG5VGE,Fuzhou
BH3HIF,Baotou
BH8GQS,Chongqing
BD8DRS,Chengdu
BH8VYR,None
BI8ETU,None
BI2QGZ,Dianlian
BI2QIE,Shenyanhg
BG3MD,Handan City  Hebei Province
BD6IPP,Xuchang
BG4LXG,Shandonglinyi
BG5FJS,Zhejiang
BG5CIA,Jiaxing
BG9IMZ,Xigu District  Lanzhou City  Gansu Province
BH6BTL,Hefei
BA4SQT,Changzhou
BG1SK,Beijing
BG2GIT,Qinggang  Heilongjiang
BG2MQT,Changchun
BG6HLR,Hefei Anhui
BG7RAV,Beihai City
BG4VTD,Suzhou
BG4JCN,Weifang
BH6AXZ,Luan
BH6SFV,Jinzhou
BH6RHS,wuhan
BH8GMY,Chong Qing
BI2QIL,Shenyang
BI6PIQ,Zhengzhou
BI4LHE,Rizhao
BA4RBO,None
BD1AMO,Beijing
BD3QBP,Baoding
BD7PIP,Shenzhen
BG2MQY,Chang Chun
BG5ITG,Ganzhou
BH6SFZ,Xianning
BG6HFD,Huainan
BH6SBT,Wuhan
BH8GLV,Chongq
BH8GQR,Sichuan
BH8GFL,Chongqing
BH8GRG,Chongqing
BI7CEQ,Changsha
BI1TUQ,None
BA4SMQ,Yancheng
BD1AIZ,Beijing
BD1ANI,Chaoyang District  Beijing
BA4SGX,Suzhou
BA4RBV,Jinhua
BD5DPP,Yiwu  Zhejiang
BD6JWP,None
BI2QJI,Liaoning Shenyang
BG7LGN,None
BG7QLB,Yizhou
BG9JWD,Lanzhou
BH1MZG,Beijing
BG9JVW,Gansu
BI1XDZ,Bei Jing
BI2QIS,Huludao
BA4RUU,Suzhou
BA4SGP,Suzhou
BD1AID,Beijing
BG0CWC,Urumqi
BD8EIH,Chengdu
BD6KCK,Zhengzhou
BD8FJZ,Chengdu
BG0EYJ,Wujiaqu
BG4KVH,Gaotang New City Shandong China
BG5FKU,
BG7LHU,Shenzhen
BG7WYF,Guilin
BH3RWY,None
BH3HUW,Xinganmeng
BA7OUU,Shen Zhen
BD4WSW,Nanjing
BG4LRU,Liaocheng
BG2KLV,
BD6JNI,Zhengzhou  Henan
BA7NDR,Foshan  Guangdong Province
BI1PNR,Beijing
BD8DNC,Zi Gong
BD8DQJ,Zi Gong
BG2FCB,Harbin
BG5FHI,Hangzhou
BG5VSY,Xiamen
BG5JPG,Ganzhou
BG5JFJ,Shang Rao
BH6BPE,None
BG7RNK,Nanning
BI2QDM,Shenyang
BI1SZK,Beijing
BI2QIX,Shenyang
BI1TYV,Beijing
BG2MRQ,Chang Chun
BI3TKZ,Yunchen
BH8GCQ,None
BH8GKX,Chongqing
BG5FBG,Taizhou
BG4LJ,None
BH6ERT,Wuhu
BG4LND,Shandong
BD8ET,Chengdu
BA4SQV,Tianning District  Changzhou  Jiangsu
BD6JEI,Zhengzhou
BG2DC,Harbin
BG2FCP,None
BH3HFO,Neimenggu
BH6SBD,None
BH8QBQ,Xingyi
BD6IMI,Zhengzhou
BD6IVI,Xuchang
BG1FGU,Beijing
BH3ON,Changzhou
BA4QLL,Qingdao
BG1FGT,Beijing
BA4SQI,Zhonglou District  Changzhou City
BA4QBU,Hangzhou
BD4VLV,Zhonglou District  Changzhou
BD4VLW,Zhonglou District  Changzhou
BI6MWO,Zhengzhou
BG5FKV,None
BG9UN,Geermu
BA4TGN,Nanking
BI6PUN,Zhengzhou
BD7IZQ,Meizhou
BG5OA,Jiujiang City Jiangxi Province
BH7GJR,Chang Sha
BH6IEY,Zhengzhou
BH8GRC,Chongqing
BG9JVA,Lanzhou
BI4PXB,Qingdao
BD3RSQ,Shijiazhuang
BI4RBD,New North District  Changzhou City  Jiangsu Province City Jade L
BD6IOB,Zhengzhou
BI1UTQ,Haidian
BA7NAH,Shenzhen
BG4KFX,Jinan
BG7RKJ,Qinzhou
BD1ASA,Beijing
BH9CXX,Xianyang
BD8EEQ,Nanchong
BD4WBX,Wuxi
BG5FPF,Taizhou
BG4KBS,Jinan
BH8PZE,Guiyao
BH8BIB,ZIYANG
BA4SGD,Suzhou
BH6SGH,Wuhan
BG7QYF,Nanning
BH6ELA,Maanshan
BG8SMN,
BD8FTK,Chengdu
BI1SWW,Beijing
BI3AOE,Tian  Jin
BI7CPT,Xiangtan
BA4TNI,Nantong
BI3BIR,Tianjin
BI1WRX,Beijing
BG6CFC,Wuhu Anhui
BG6WEY,Wuhan
BD4VCM,Suqian
BG4LIP,Qingdao
BG6RTD,None
BG6SBO,Xianning
BD4UDL,Changzhou Jiangsu
BA4TNN,Non Tong
BG9JWY,Jiayuguan
BD4SSV,None
BG7LHI,Xiangzhou Distinct  Zhuhai
BI2QKC,None
BG7LLY,Guangdong Province
BG4LYR,Jinan
BG5CJG,Jiaxing
BH6ERY,Wuhu
BD8AXG,None
BG5FOF,Wenzhou
BA7KTX,None
BH1QKX,Beijing
BG5FOD,Wenzhou
BG5FOB,Wen Zhou
BH3OEE,Xingtai
BI3AF,Tianjin
BD3RAE,Taocheng District  Hengshui City  Hebei Province
BG1JJY,Beijing
BI1FSL,Haidian
BG6XXD,Xiangyang
BA7NHL,Guangzhou
BH6AGD,Huai Yuan County  Beng Bu City An Hui Province
BG4IBG,Pingdu
BH3THG,Shuozhou
BH3FBZ,Tianjin
BI3NEM,Baoding
BI6OKX,Zhengzhou
BD3RUQ,Shijiazhuang
BH3FOV,Tianjin
BG2CVI,Daqing
BA7LUO,Foshan City
BH5UUI,Fuzhou
BG7MAH,Hongkong
BD1AEB,None
BG7LNY,Dongguan
BI3SGI,Jiexiu
BA7JTY,Chao Zhou
BD7PNE,Chao Zhou
BG5TMK,Longyan
BG7KMH,Shenzhen
BG7LVJ,Shenzhen
BI7CYB,Changsha
BI7CYA,Changsha
BG2MNU,Jilin
BG4LVC,Taian
BI9BZG,Xianyang
BG8ASC,None
BI1VUJ,Beijing
BI2QJA,Shenyang
BH6ATE,Tianchang
BG4JAD,
BI3BIP,Tianjin
BG4MAQ,Dongying
BI8FVL,Dazhou
BI3BIF,China
BI9BGU,Xianyang
BI3BJL,Tianjin
BI2VK,Diaobingshan  Liaoning
BH6ATA,Chuzhou
BG7LLW,Guangdong
BG9JXB,Lanzhou
BG5JOI,Ganzhou City  Jiangxi Province
BA4SAU,Xuzhou
BI2QFV,Shenyang
BD4VZZ,Changzhou
BG9JXK,Pingliang
BG9JRL,Lanzhou
BI1ALE,Beijing Hebei Tianjin Shandong
BI4QGZ,Haimen District  Nantong City  Jiangsu Prov
BD6JUA,Zhoukou
BD8FSE,Chengdu Sichuan
BG4JQM,Jining
BD8EQD,Mianyang
BH1CWK,Beijing
BG4JVW,Taian
BH1LJX,None
BG7MAK,Guangzhou
BH3FBX,Tianjin
BI3AVU,Tianjin
BI6OVD,Henan
BH1XSP,Beijing
BA4RBJ,None
BD8FQJ,Chengdu Sichuan
BG7MBV,Guangzhou
BG7LUR,Guangzhou
BD4VNB,Huaian
BG0FHI,
BD8ENR,Gy
BD3QMD,Xingtai
BG7JZA,Huizhou
BI2QHU,Benxi
BI3ATI,Tianjin
BD3RTT,Hengshui Hebei
BG8LCY,None
BI3AKY,Tianjin
BG5FOP,Ningbo
BG5HVN,Hangzhou
BI8AOI,Sichuan Dazhou
BG6JGR,Maanshan
BD1AXZ,Beijing
BI3AFR,Tianjin
BD8FWN,Chengdu
BH3HVE,Eerduosi
BD6ISI,Xuchang
BG7MWJ,Shen Zhen
BG7LZU,Shenzhen
BD3RSK,Shijiazhuang
BG7LNI,China In Hubei Wuhan
BG6BSF,Suzhou
BI3BCD,Tianjin
BD8FRW,Shehong
BG7LLB,Guangdongjiangmen
BI3BLP,Tianjin
BD1AXX,Hohhot Beijin
BD8EYL,None
BD8FQF,Chengdu Sichuan
BH6SHX,Xianning
BH8DWH,Suining
BI3BLM,Tianjin
BA4SGV,Suzhou
BA4TGG,Nanjing
BH4UKY,Taizhou
BD7NGZ,Longhua District  Shenzhen  Guangdong Province
BD1AXP,Beijing
BD8FYX,Chengdu
BD1AUK,Beijing
BD1AFH,Beijing
BG7KMT,Panyu District Guangzhou City China
BG5CIT,JX
BI1XTS,Beijing
BH8QYZ,Zunyi
BI3AOU,Tianjin
BI7CAQ,Changsha
BI4VNZ,Changzhou
BG6UYJ,Wuhan
BD4UPV,Nanjing
BG7LUL,Guangzhou
BD8FAK,Chengdu
BD1AXK,Beijing
BD1AXQ,Beijing
BI3OVU,None
BG9JWB,Qingyang
BI3AOT,Tianjin
BG4LWP,Taian
BI4RVH,None
BH3GFH,Baotou
BI4LOJ,Pingyi County  Linyi City
BI7CZK,None
BD6IDD,Zhengzhou
BA8ADE,Chengdu
BH5BUT,Zhejiang
BD8FZD,Chengdu
BI1DGF,Beijing
BD4VEI,Yangzou
BG7LGR,Shaoguan
BH6SGO,Wuhan
BD8EYP,Chengdu
BI1SRO,Beijing
BG3CPX,Tianjin
BH8VVK,Kunming
BD1AYD,Beijing
BI1WQM,Beijing
BG9SJS,Xining
BG6DFN,Huaibei
BG5JPU,Nanchang
BD4QLK,Taizhou
BI8CTE,Chengdu
BG2DET,Harbin
BH6AHA,Bengbu
BG5DSI,Shao Xin
BG7MJA,Shenzhen
BG8CVE,Chengdu Sichuan
BG2GTC,Daqing
BI1CAL,Haidian
BG5HFR,Hangzhou
BI4NOJ,Jinan
BI4OST,Taian
BG2JGJ,Songyuan
BI3BLE,Tianjin
BG2JGI,Songyuan
BD7LKB,None
BG7KLV,None
BH7GXJ,Huaihua
BI4PTE,Jinan City  Shandong Province
BD8FTG,Nanchong
BG4TF,Nanjing
BG2LVM,Songyuan
BD7MCP,Shenzhen  Guangdong
BG2XOQ,Dalian
BG8CYO,Chengdu Sichuan
BG7LOH,Dongguan
BH8GNE,None
BH7KZI,Shan Tou
BA8ABF,Chengdu
BI4JVL,None
BI7BHG,Changsha
BD8EZV,Mianzhu
BH2XWL,Chaoyang
BA8AAT,Ziyang
BI7DDE,Hengyang Hunan
BH1AGS,Shijingshan
BI1JCY,Beijing
BI3AVW,Tianjin
BD4XEO,Nantong
BI3OSJ,Langfang
BI4PZC,Nanjing  Jiangsu Province
BA4RBU,Nantong
BI6NCL,Luoyang
BI2QIH,Liaoyang
BG4LTW,Linyi City Of Shandong Province
BA4QZA,Yin
BG0FFD,None
BH2XSK,Liaoyang
BH6ERO,Wuhu
BI4PBB,Weihai
BA4RET,Nanjing
BI9ARA,Xian
BI9CLP,Xi An
BI9CLR,None
BI7DBR,Hengyang
BG4LER,Qingdao
BG7MLH,Guangzhou
BG2MSA,Baoji
BA4IAA,Heze
BD4VMB,Wuxi
BG7KOD,Guangzhou City  Guangdong Province
BG7LCT,Guangdong Heyuan
BI3SIC,Shanxi
BG5FPV,Hangzhou City
BI9CNV,Xian
BA7OEG,Guangdong
BI4MXA,Shandongqufu
BI9CLS,None
BI9COJ,Xian
BG4KII,Jinan
BA4RPE,Jiangsu Nanjing
BH2WPS,Pan Jin
BG7LOI,Guangdong
BG7YSI,Haikou
BH6IIO,Zhengzhou
BG4LRC,Zhongguoshandon
BA4TJL,Jiangsunanjin
BA4RBN,Nantong
BD1AXS,Chaoyang
BI3BDT,Tianjin
BI4TKL,Nan  Jing
BG6THO,Wuhan
BI4JVD,Shandong Jinan
BD1AJI,Beijing
BH4SKY,Suzhou
BH6RJD,Qianjiang
BG9JYV,Lanzou
BI9AGT,Xian
BD4XEC,Dantu District  Zhenjiang City  Jiangsu Province
BA4RQG,Suzhou
BD7OJB,Guangzhou  Guangdong
BG2VHL,None
BH3HVI,Wuhai
BH2UHR,None
BD8CAS,None
BG9JWM,Lanzhou
BI9COU,Xian
BG7OGB,Guangzhong
BI1WTA,Beijing
BG7LUP,Beijing
BH6ASQ,Langya Dist   Chuzhou  Anhui China
BD8DXG,Nan Chong
BH2XSC,An Shan
BA8AED,Suining City
BA4SQS,Changzhou
BG2MOB,Songyuan
BG7WHY,Guangxiguilin
BI3MVH,Tangshan
BG7LON,Guangzhou
BH6AAV,Bo Zhou
BD3RMN,Shijiazhuang City
BG6AGI,Lingbi County  Suzhou City  Anhui Pr
BD4XIJ,Wuxi
BG4LSU,
BI3MXN,Tangshancity
BG4LTE,Liaocheng
BI3ATP,Tianjin
BH4GKO,Shanghai
BD7NXC,Shenzhen
BG7OVC,Shenzhen
BG4KNA,Jinan
BI9COE,China
BG7MDC,Guangzhou
BG9IPW,Lanzhou
BG7MNL,Shenzhen
BH2XHN,Dalian
BG7AMD,Zhuhai City  Guangdong Province
BI4LJU,Jining
BG4KDP,Linyi
BG4KNG,Linyi
BG4JMC,Linyi
BI3AWS,Tianjin
BH6ROT,Hubei
BI7DCF,Changsha
BG7KCO,Dongguan
BG4JKW,Linyicity  Shandong Province
BH3RSC,Baoding
BG5FKM,Hangzhou
BG4JKO,Linyi
BG7LDW,Shzenzhen
BI9CML,Xian
BD1BJE,Beijing
BH6ROA,Yichang
BI1FRJ,Beijing
BG4JKX,Linyi
BH3QFA,China
BI4AEL,Shanghai
BG5EFA,Wenzhou
BG7JDH,Shen Zhen
BI3TPQ,Jincheng
BH3PYB,Heibei Tangshan
BD6KEE,Jiaozuo
BI4PCB,Shandongweihai
BG6BNQ,Hefei
BH5HGR,Jinhua
BG4JQX,Liaocheng
BG7AEW,Xiangxiang  Xiangtan City
BH6ESH,Wuhu
BI2QLW,Panjin
BI4AOQ,Shanghai
BI3MOM,Tangshan
BI7CPA,Xiangxi City Hunan Province
BA7LIY,None
BD3RWU,Shijiazhuang
BG6KQI,Zhumadian
BH7LGV,Guangdong Province Jiangmen City Pengjiang District
BG7LVG,Shenzhen  Guangdong
BA8AFU,Chengdu
BD3RRE,Shijiazhuang
BH2XWX,Dalian
BI4AOY,None
BG8KIW,None
BG2GOK,Harbin
BG2KOL,Songyuanshi
BI1SSD,Beijing
BA4QFI,Suzhou
BG5ETL,Wenzhou
BH3EED,Tianjin
BI5UNQ,Xiamen
BH3FHN,Tianjin
BI4AMZ,Shanghai
BD3RYJ,Shijiazhuang
BD3RZG,Beijing
BG7MOG,Guangzhou
BI4AOX,Shanghai
BG9SIV,Delinghashi
BD4UIQ,Jiangsu
BG3PJN,Shijiazhuang
BI3BLA,Tian Jin
BD3RRL,None
BG5EYI,Haining
BI9ABP,Xian
BG4ILM,Qingdao
BH3QVP,Qinhuangdao Hebei Provice
BG4LSL,None
BD4WUC,Nanjing
BH6QHK,Hubei Wuhan
BG5RAY,QuanZhou
BG5BOI,Ningbo
BG4LTC,Shandong Zibo Linzi
BD3RTN,Shijiazhuang
BD8EXZ,Shichuandazhou
BI1WEE,Beijing
BG8JAK,Chongqing
BH4DAK,Shanghai
BI3AQZ,Tianjin
BG4QAT,Zhenjiang
BI3BNZ,Tianjin
BA4IFS,Zheng Zhou
BI7BJT,Enpingcityjiangmencityguangdongprovince
BI3MAX,Shijiazhuang
BG2MTD,Changchun
BD3RTP,Shijiazhuang
BI8SMJ,Kunming
BG4LTU,None
BA7OVL,Zhongshan
BA7NTF,Shenzhen
BA4QHJ,Suzhou
BI3ANY,Tianjin
BG7LCQ,None
BI3AJG,Tianjin
BH3RYU,Xing Tai
BI3BKX,Tianjin
BI3ARO,Tianjin
BA4SHY,Suzhou
BG5FBL,Ningbo
BI3BNP,Tianjin
BA4TJQ,Nanjing
BG7MPG,Dongguan City
BD3RWR,Kalgan
BG7LGW,Shen Zhen
BG2MTI,
BG8LMW,Yongchuan Chongqing
BI3BNX,Tianjin
BG6HMA,Changfeng Hefei
BA4SAG,Beijing
BI3BNQ,Binhai New Area
BI3BPG,Binhaixinqu
BD3QID,Shijiazhuang
BI3BOJ,Tianjin
BD6JAV,Zhengzhou
BH8GIF,Chongqing
BA8ADU,Chengdu
BI3MOG,Handan
BI2QKA,Kaiyuan City
BI7DDL,Changsha City
BD3RWX,Beijing
BG2MTW,None
BD1ACM,Beijing
BD1AXO,Beijing
BG5JHA,Jiangxi
BG2MSY,None
BD6IJX,None
BG7ZHC,Hainan
BG9IWL,Lanzhou
BI8SMO,None
BA8ABH,No 352 Wujiang Road  Jiujiang Town  Shuangliu District  Chengdu
BD3RYE,Shijiazhuang
BI6NDQ,Zhengzhou
BG7MWU,12Th Floor  No  2020  Dongmen South Road  Nanhu Street  Luohu Di
BH6EMP,Ma Anshan
BG0IQ,None
BG7NMF,Gaozhou
BG2MUD,Chang Chun
BI4ARC,Shanghai
BA4RWJ,Suqian
BG2MTK,Changchun
BI1VYJ,Beijing
BG2GVY,Harbin
BI4ARR,Shanghai
BA4RHH,Changzhou
BA4IHW,Jining
BA4INU,Wuhan City  Hubei Province
BI4MXJ,Jining
BI4ULN,None
BA4RXN,Nanjing
BI4UBD,Nantong
BI4ULO,None
BI2QAZ,None
BG2MUO,Shenyang
BD7LON,Jiangmeng
BG7LBL,Maoming
BH6BUZ,Hefei
BG6HUI,Hefei
BI4NCG,Linqing Cityliaocheng Cityshandong Province
BH6QYP,Wuhan
BA4QWL,Wuxi
BG2MTV,Changchun
BD8FQV,Chengdu
BG6HMJ,He Fei
BD8EVV,Qu County  Dazhou Sichuan
BG4KBC,Dongying
BH8GRV,Yubei Chongqing
BI1MBA,Beijing
BA4TCF,Taixing
BG6UCN,Xianning
BD4SUH,Lishui District Zhenzhu North Road No 10
BD3RUR,Xingtai
BH3RFI,Tangshan
BI8SMR,Kunming
BI3BCY,Tianjin
BG3IQT,Hohhot
BG7LYE,Shenzhen
BH6BUS,Hefei
BD4WUH,Lishui District
BG9JYY,Lanzhou
BH3HLH,None
BG4VW,Nanjing
BG7RRZ,Beihai
BI3SHC,None
BG2GVT,Harbin
BA4TFI,
BA4SW,Yancheng
BI4AQQ,Shanghai
BI4NQI,Linyi  Shandong Province
BD3RZO,Shijiazhuang
BD4XJK,Wuxi
BG4JIN,Shibei Qingdao
BG7LHM,None
BG6TNV,Wuhan
BD6IJQ,Zhengzhou
BI7CDF,Zhuzhou
BH7JKA,Zhongshan
BA4RPP,Nanjing
BG7MRA,Shenzhen
BG7MQE,Guang Zhou
BD3RVZ,None
BG5JWQ,Nanchang
BA4IAW,Bin Zhou
BA4IMP,Heze
BG2GWM,Daqing
BH1HEE,Beijing
BG2MTN,
BA7JTI,Guang Zhou
BA7LAW,Huizhou
BH8GTP,Chongqing
BH3SNE,Linfen
BH8BID,Sichuan Dazhou
BA4IHQ,Linyi
BI4RAR,Changzhou
BI3BPT,
BA4IDY,Bincheng Binzhou
BD3PVH,None
BA8AGW,Shichuandazhou
BG8ERW,Dazhou
BD1BGA,None
BD1BGA,None
BD1BFU,Bei Jing
BD1BIT,Beijing
BI3BOC,Tianjin
BI9BYO,Baoji
BG7RXR,Nanning
BG2MTB,None
BH8XPB,Puer
BH6ESJ,Wuhu
BD8DSQ,Chengdu
BD1BQL,Beijing
BD1BMP,Beijing
BG5DEL,Shaoxing
BA4QZP,Nantong
BI1XPK,Beijing
BD1BIJ,Beijing
BG7RRM,Fangchenggang Port
BH8QHJ,Guiyang
BA4TYO,Suzhou
BI1XRV,Beijing
BG2GXG,Harbin
BA4RLS,Nanjing
BH3GOA,huhehaote
BG2KYZ,None
BG3GSR,None
BG2GXX,Harbin
BH3HWT,Hohhot
BH3HWM,Hohhot
BG5EQI,Zhejiang Yuyao
BG7ZJT,None
BG2MUW,None
BH6NLM,Nanayng
BI3MGK,Handan City
BG2GVX,Haerbin
BI8EPW,Chengdu
BH3HWW,Hohhot
BA4QBK,Yangzhou
BH3HXC,Hohhot
BD3RVO,Beijing
BD1BNU,Beijing
BH3HWI,Hohhot
BH3HXB,Hohhot
BH3HXO,Huhhot
BI3BLY,Tianjin
BH3HXT,Huhehaote
BI7KGI,Shenzhen
BA4TLO,Nanjing
BH3GVK,Hohhot
BA4RKE,Suzhou
BA4RGC,Changzhou
BD8FYT,Chengdu
BG2MIG,Jilin Changchun
BG4GYW,Shanghai
BG0FBY,Urumqi
BH3HXJ,Hohhot
BI3BOE,None
BI4ASZ,Shanghai
BI2QCV,Liaoning Province
BG9SIU,None
BD8FPD,None
BA4IRY,Jining
BI2QJL,None
BD1BPW,Beijing
BD6KEG,Xinxiang
BG2MUG,Changchun
BH3HXZ,Hhht
BD1BND,Beijing
BA8AKU,Chengdu
BA4IAV,Binzhou
BG4QAN,Zhenjiang
BG5WBQ,Xiamen Fujian
BA3MRJ,Shijiazhuang
BD4SMN,Nantong
BH3HXX,None
BH3HXH,Hhht
BH6BVV,Hefei
BI3ARG,Tianjin
BI3SJO,Changzhi
BG3UVK,Taiyuan
BI3AST,Tianjin
BG2GYF,Harbin
BI3BCX,Tianjin
BH3EUZ,None
BG5EWN,Jiaxing City
BH1CQZ,Beijing
BH3HXK,Hohhot
BG3HVX,Hohhot
BD3MDU,Shijiazhuang
BI1QCY,Beijing
BI7CPM,None
BI3SHL,None
BG3NQZ,Handan
BG2GWL,Daqing
BD4XPE,Suzhou
BA4TGK,Nanjing
BA8ALF,Chengdu
BI4ASC,None
BI8SEV,Kunming
BA4RWN,None
BA4TNV,Shanghai
BG3JXJ,Huhhot  Inner Mongolia
BH3HYG,Hohhot
BG0FAH,None
BH3HYT,Hohhot
BH3HYP,Baotou
BI2QZV,None
BD6KER,
BI2QKS,Fushun
BI2QIK,Jinzhou
BI7LVX,Guangzhou
BA8ALU,None
BG5FDC,No 119 Gushui Road  Longyou  Quzhou City Zhejiang Province China
BG5JKC,Jiangxi Ganzhou
BI3SPP,Shanxi
BG7RAZ,None
BH3RYX,Cong
BI3SLL,Taiyuan
BA4SNY,Dongtai
BD1AEE,Beijing
BG7ZHV,Hainan Haikou
BH8GKA,Chongqing
BG4KPJ,Jining
BH6SKA,Wuhan
BH3HWN,Baotou Neimenggu
BG6RDB,Wuhan
BI3SJS,Taiyuan
BI3SMF,Taiyuan
BA4SNZ,Dongtai
BG4KOH,Qingdao
BD1BUV,Beijing
BG9JRO,Lan Zhou
BG9JYG,Wuwei
BI3BRT,None
BA8AIO,Chengdu
BA8AKP,Chengdu
BG4PVC,Linyi
BD7OSN,Enping City
BA8ALL,Chengdu
BH3HPA,Ordos
BD1BUM,Beijing
BI3TDS,Taiyuan
BA4SCE,Yangzhou
BH3DBI,None
BH3RQA,Haigang Development Zone  Leting County  Tangshan City  Hebei Pr
BI4MRK,Weihai
BH6BSD,Luyang District Hefei
BA4SRJ,Tianning District  Changzhou City  Jiangsu Province
BD7MLO,Jiangmeng
BI3BSA,Tianjin
BI7NTQ,Jiangmen
BA8AKA,Meishan
BA7KRU,Jiangmeng
BH6SAO,None
BG7KMM,Jiang Men
BH8GWM,Chongqing
BI4ASJ,Shanghai
BI1DGU,None
BG5FTW,Hangzhou
BD1BVS,Lishui
BA8AKL,Chengdu
BA8AKL,Chengdu
BD1BOR,Beijing
BG0IP,Nying City
BG0IT,Lhasa
BG3HXE,Kangbashi
BA8AHE,Chengdu
BA8AIF,Dazhou
BA8AIV,Nanchong
BA8AOA,Chengdu
BD1BMU,Beijing
BD6KES,Zhengzhou
BD1BTA,Tongzhou
BD3QWJ,Shijiazhuang
BA7LSJ,None
BG2GUC,Hegang
BA4IRN,
BI3BRE,None
BI2QYL,Liaoning Dalian
BH8GTT,Chongqing
BD7MLI,Jiangmeng
BG5VVK,Fujian Province Fuzhou City  Jinan District
BI7CKO,Changsha
BH3QFE,Tangshan
BI3MAW,None
BI8SOW,Kunming
BG3FV,Tian Jin
BG2MQQ,Songyuan
BA3MMC,Shijiazhuang
BA8ALW,Chengdu
BH3HOB,Baotou
BH3HAF,Ordos City  Inner Mongolia
BG3NGW,Tangshan
BG1SUL,None
BG8BTG,Chengdu
BD8ECX,Chengdu
BG0FDI,Changji
BI1JMI,Beijing
BA4TMD,Nanjing
BI1OMF,Beijing
BH6RPL,Wuhan
BI1XDY,Beijing
BI2QNB,Liaoyang
BI2QNB,Liaoyang
BI3BRU,Tianjin
BI3SNX,Jincheng
BI2QYY,Liaoning
BI8SQF,Yuxi Yunnan
BD7KAE,Yu Ling
BH3FPZ,Tianjin
BG7BLR,Chenzhou
BI2QIJ,Shenyang
BI8SPA,Kunming
BA7NJZ,None
BG6ADK,Huainan  Anhui
BH3QVS,Qian An
BH2UHC,Jinzhou
BI3TDB,Shanxi Shuozhou
BH6BPU,Hefei
BA8APF,Chengdu
BG9IZV,Lanzhou
BI9CPX,Xian
BA4ISG,Qufu
BI3SMJ,Shanxi
BH8GUQ,Jiangjin District  Chongqing
BD1AOF,Beijing
BI4AUK,Shanghai
BH6ESI,Wuhu
BD1BNT,Beijing
BD6KFN,Xinxiang
BH3HYI,Hulunbuir
BI4AUE,None
BI9BNZ,Ankang
BA4IHB,Taian
BH6SLR,Wuhan
BH6BOM,Wuhu
BD1ABF,FengTai
BD1BYS,Beijing
BD1CAG,Beijing
BD1CGP,Beijing
BH8GUU,Nan An District  City Chongqing
BI1WJT,Beijing
BI7DHB,Changsha
BI1LKX,Beijing
BI1PWQ,Beijing
BG4XVM,Yancheng
BI3BSN,Tianjin
BA4IYW,Linyin
BG2LGH,Changchun
BH8GWG,Chongqing
BI2XV,Shenyang Liaoning
BH2XWZ,Shenyang Liaoning
BG2MVL,Jilin
BD4WVA,Nanjing
BA8ANL,Chengdu
BD1BSX,Chaoyang
BH4PXJ,Jinan
BG4JNK,Linyi
BI7DKC,None
BA4ISP,None
BI2QYS,Dalian
BA4ITG,Heze
BG6AXL,Hefei
BI4SXX,Nanjing
BA8AIS,Mianyang
BI9CLF,Xi An
BD1BXP,Beijing
BD6KGF,Hebi
BD8CYR,Chengdu  Sichuan Province
BH3HKA,Hohhot
BI1ING,Dongcheng  Beijing
BH6AKN,Fuyang
BI3AZK,Jingwu Town  Xiqing District  Tianjin City
BI3BSS,Tianjin
BI3AZK,Jingwu Town  Xiqing District  Tianjin City
BI3SKR,Taiyuan
BA3MEA,Xingtai
BA4IKE,None
BA4IGU,Qingdao
BI3SKR,Taiyuan
BD1BVV,None
BA8AOS,Dazhou
BA4INQ,Weifang
BA4INQ,Weifang
BD1BVV,None
BI1PVI,Beijing
BD4RFM,Nanjing
BD8DEA,Chengdu
BD4VPJ,Suzhou City
BG4MAY,Wefang Weicheng
BD1BOZ,Beijing
BG5AHL,Hangzhou
BI4MRJ,Jining
BG6QLS,Xiangyang
BA8AHQ,Chengdu
BD7NVR,Jiangmen
BG2MKJ,Changchun
BG7QHA,Hechi
BI1QYE,None
BI4ALQ,Shanghai  P R  China
BI3SGY,Xingtai
BD1CAZ,Wuhan
BD1AGD,Beijing
BA8AJZ,Chengdu
BG7LCO,Guangdong
BI3NPY,Langfang
BG5VVP,Fuzhou
BI2QZI,Ln
BD1BWL,Haidian
BD8DFL,Shichuanganzi
BH3QGB,None
BI3VVX,Shanxidatong
BG4UAT,Yangzhou
BG3JLY,Hulunbuir
BH3STJ,Taiyuan
BA8APC,None
BI7PGU,Lechang County  Shaoguan City  Guangdong Province
BA4SGR,Development Zone Kunshan City
BI3SKN,Shuozhou
BA3MFJ,None
BG4QAS,Zhenjiang
BI3SAQ,None
BI1LUI,Beijing
BI6AN,Hefei
BA8AIZ,Chengdu
BI3BRZ,None
BI8SQN,None
BA4TTE,Xuzhou
BA7NGZ,Foshan
BI8SRK,Kunming
BI7BZH,Changsha
BG7DVU,Yueyang
BG7RGZ,Liuzhou
BG5JRK,Ganzhou
BG7ILZ,Guangdong
BD6JSE,None
BA4IES,Linyi
BA4JBQ,Linyi
BA8AIP,Chengdu
BH1UME,None
BA7ONZ,Guangzhou
BI1UYQ,Beijing
BG5JMY,Nanchang
BH2XWI,Jinzhou
BA4RWT,Jiangsushengshuyangxian
BD3QNU,Hebei Qinhuangdao
BD1CCA,Beijing
BI7DFY,Changsha
BH3IAK,Hohhot
BI2QNR,Chaoyang
BD1CAQ,Beijing
BG6UOJ,Xiaogan
BA8ADQ,Chengdu
BI8SRG,Kunming
BA4IVB,Linyi
BD1CFC,Beijing
BD7POW,Dongguan
BG6HGF,Hefei
BG5WAH,Quanzhou
BI1NKD,Beijing
BH8QXZ,Guiyang
BA8AJV,Chengdu
BG4JZV,Zibo
BG0IV,Lasa
BD8ABG,Guang Hang
BA4QMD,Nanjing
BH6ELM,None
BI1WKT,Beijing
BG2TAN,Dalian
BH6BSC,Hefei
BG6UAU,Hubei
BA8ALI,Suining
BA4INB,Binzhou
BH3UUN,Daxing
BD1BHC,Beijing
BA8ALJ,Suining
BG6STN,Yichang
BG7MOM,Yangjiang
BD3RSR,None
BD8EWF,Dazhou
BG2GTF,None
BA4IZB,Linyi
BH1DHW,Bj
BD7BA,Yueyang
BI1TEK,Beijing
BA7IXK,Guangzhou
BA4JDY,None
BI2QYK,Anshan
BH6BWD,Hefei
BG7RNZ,Guangxi
BG8ROM,Guizhou
BH4JPH,Zibo
BD1ASU,Mi Yun
BG7MII,Guangdong Province
BD6JIM,None
BG4QAR,Zhenjiang
BG5CSF,Hangzhou
BG5FXN,None
BG7IBP,Kaiping City  Guangdong Province
BG7MRC,Shenzhen
BH8RFX,Tong Ren
BI1RKB,Beijing
BI1SZG,Mi Yun
BI2QJV,Shenyang
BI2QWO,Anshan
BD1CFW,Beijing
BD3OXG,Cangzhou
BA4SSF,Shanghai
BY1BZH,Beijing
BI4AVI,Shanghai
BA7OOR,Chongqing
BA7OPL,Yangjiang
BI1NYM,Beijing
BH8XHN,Kunming
BD1CHL,Beijing
BD3RQG,Baoding
BI2QYU,Dalian
BA7OPF,Zhuhai
BA8AIB,Mianyang
BD6KGU,Zhengzhou
BG2GVZ,Harbin
BI7CVU,Changsha
BA8AHG,Yibin
BI8SPF,Kunming
BD6KGX,Zhengzhou
BH1SUV,None
BD1AMJ,Beijing
BI4PYM,Zaozhuang
BG2MQM,Changchun
BA4JFI,Qingdao
BD8FTC,Jinnan District Tianjin City
BH3UCD,China
BD1CKC,Beijing
BH8RCK,None
BH3HWL,Hohhot
BD7PMU,Dongguan
BG4LFM,Heze
BI8SQH,Hegang
BI3BTE,Tianjin
BH8DSK,Chengdu
BI8SML,Kunming
BD3RSE,Zhangjiakou
BI2RHG,Jinzhou
BG7MUK,Maoming
BH3RVM,Tangshan
BG4VXM,Huaian City  Jiangsu
BH8VGQ,Yunnan
BA4RWU,Suqian
BI1VEV,Beijing
BH8EFQ,Suining
BI4AGT,Yangpu District
BG9PTQ,Zhongwei
BH8GTW,Fuling
BG9PUB,Zhongwei
BG7MLL,None
BH8UFS,Wang
BA3QAA,None
BD4ROA,Lianyungang
BG7MCQ,Shaoguan
BA8AOZ,China  Chengdu City
BD1CKF,Beijing
BG7TCJ,Nanning
BG4TJI,Wuxi
BI1WPW,Beijing
BG7LUK,None
BG8MCG,Guiding County
BG9JZZ,None
BI8SSW,Kunming
BH8REN,Zunyi Guizhou
BA4TZU,None
BG0FLI,Urumqi City
BI1UZN,Beijing
BG0FLA,Changji
BG7MQU,Dongguan
BH8QHH,Qujing
BI3SEQ,Jincheng City
BI7JEN,Zhang
BA7LUX,Chaozhou
BI1XEH,None
BG5WAO,Fuzhou
BG0FKV,Urumqi
BH2RBC,Hui Cui Hu Hong Wei District Liaoyang City
BH4UMN,Yangzhou
BI1WKQ,Beijing
BI4AEW,Shang Hai
BA4TOG,Nantong
BG3AEL,Tianjin
BG5FQG,Pang
BH6RGQ,Yichang
BH6SOE,Xiangyang
BA4IUI,Linyi
BD2JDR,Shenyang
BD1CHN,Beijing
BD3QMP,Cangzhou
BI7DLE,Chenzhou
BI1KXE,None
BA4IEM,Linyi
BG8NUY,Kaili
BA4IIK,None
BG3MFP,Hebei
BG5CEW,Jinhua
BG5WCR,None
BI1VXU,Beijing
BD1ABR,Beijing
BG2GZE,Dai
BG7NAS,Huizhou
BI1UZV,
BI3BTI,Tianjin
BA6IM,Xianxiang
BA4TND,Nantong
BI8SUE,Kunming
BD3PCI,Qinhuangdao
BG5FBW,Jiaxing
BD7LHK,Donguan
BH8REX,Zunyi City  Guizhou Province China
BH6BUD,Hefei
BH4CYO,Wang
BH8GXW,Chongqing
BI3SUL,Yuncheng
BG8ORV,Pan
BA4IUX,Linyi
BD1CMR,Wang
BG9JYT,Dunhuang Jiuquan
BI3SRM,Henan
BI3STP,Pingdingshan
BG6RIB,Wuhan
BG6QWY,Guo
BH8RET,Zunyi
BD1BMC,Beijing
BA4SLH,Huaian
BH5HTS,Hangzhou
BH5HWW,Hang Zhou
BI3MNR,Hengshui City  Hebei Province
BG7YNS,Haikou
BH3FCA,Zhongguo
BI3TJT,Taiyuan  Shanxi Province
BA4IYY,Linyi
BG5UEN,Fuzhou
BA4STF,Wuxi
BH8USL,Yun Nan
BG4LBR,None
BA4SIK,Suzhou
BA4SML,Jiangsu
BH8WYJ,Kunming
BG5BUT,Zhejianghangzhou
BH7DRX,Yueyang
BA4SIR,Suzhou
BA4SWN,Jiangyin
BA7NXE,Shenzhen
BG2WFM,
BG9SJR,Xining
BI1WKD,Beijing
BI7ASJ,Yueyang
BG0FLZ,Urumqi
BG4LZO,Taishan District  Tai An City  Shandong Province
BG7MAT,Shaoguan Of China
BG7RMG,Guangxi
BG7MUM,Maoming
BG7NCJ,Huizhou
BG9JHG,Lanzhou
BA4TMX,Nanjing
BH6SRW,Xiangyang
BD8CCH,Deyang
BG7LYJ,Zhaoqing
BH3HJA,Ordos Inner Monglia
BA4SOE,Yi
BD7PVK,None
BH6SCN,None
BI8SOZ,Kunming
BA4JAE,
BG7ZKK,Haikou
BG7PUO,
BI8SAK,Baoshan City
BI4AZY,Shanghai
BG5IWE,Jiujiang
BI3SVH,Taiyuan
BD4WRZ,Yangzhou
BI3SHV,Taiyuan
BD8BBL,XiChang
BG7OFM,Guangzhou
BI8SFT,Xishuangbanna
BG8LMT,Canton
BI9CCU,Wu
BA7IPX,Guangzhou
BD1CBC,Beijing
BD1CVN,Beijing
BD4WUS,Zhang
BD1CVP,None
BG6CZ,None
BA3MLD,Hebei
BA3MDB,Tangshan
BD1CRV,Beijing
BD8DJC,
BG6AJQ,Suzhou
BI3BUD,Tianjin
BI4SRG,Suzhou
BI9AEU,Xi An  Shaanxi
BD6KCW,None
BD4VPU,Suzhou
BA3MWQ,Shijiazhuang Hebei
BG2BZN,Daqing
BG8TO,Dehong
BG2GZN,Daqing
BI1OME,Pek-Airport
BI1LYI,Beijing
BI1XRP,Beijing
BI8STA,Liu
BI8SPS,Kunming
BG4RH,None
BA4TCG,Taizhou
BG2GZQ,Daqing
BI8SSZ,Kunming
BA3MZF,Shijizhuang
BD3RSA,Shijiazhuang
BI4IXO,Weihai
BD4WCL,Wuxi Jiangsu Province
BH8QDM,Guiyang
BA4TKT,Nanjing
BD1CVR,Beijing
BG8JDA,chongqi
BG2MGP,Changchun
BG1VMA,Beijing
BG5FOW,Wenzhou
BG2MEG,Jilnshi
BI2QGE,Dalian City  Liaoning Province
BA8AVH,Dazhou
BI1WJX,Dongcheng District  Beijing
BI3ALS,Tianjin
BA8ASU,Cheng Du
BG4VVR,Huai An
BG3MYJ,Langfang City Hebei Province
BG4JXK,Yantai
BA3MQG,Tangshan
BA3MQB,None
BD1BEA,Beijing
BH3BTC,None
BH6SSU,Wuhan
BA3MJQ,Shijiazhuang
BG2HAV,Harbin
BI8SOU,Yuxi
BG7PVA,Guangzhou
BG8KFM,Suining
BG3LLG,None
BG3LXF,Ordos
BH3HRV,None
BD3QEO,Baoding
BA8ATU,Chengdu
BD1CCC,Miyun
BD3MHZ,Xu
BH3HEV,Ordos
BH8GZL,Fan
BH8OIA,bijieshi
BH8RCX,Guiyang
BI3TTI,Shanxidatong
BA4UBL,Suzhou
BG7QFZ,
BA4SLY,Huai  An
BA8AUF,Chengdu
BD6JMV,Guoshengzhang
BA8AUN,Chengdu
BG1TR,Beijing
BG0EJP,Urumqi  Xinjiang
BG2GZT,China
BH6BWG,Hefei
BG8NHV,None
BG8PNA,None
BH6SRT,Wuhan
BI8SQI,Kunming
BI7DQJ,Changsha
BI3WIU,None
BI9CWM,NoneXIAN
BG3LIT,None
BG7PZA,Maoming
BH8REJ,None
BI3SIO,Shanxi Datong
BA4UAP,Suzhou
BG8NOW,None
BG8POX,None
BI3SVM,Taiyuan
BA3MQH,Tangshan
BG8MHY,None
BG8MNE,None
BH4EOW,Shanghai
BG8MJT,None
BA4UAM,Suzhou
BI4AXK,Shanghai Pudong
BG5EHM,Hangzhou
BA4SRD,Changzhou
BG4QBC,Zhenjiang
BG5IYN,Yicun
BA4RZA,Jiangsu Xuzhou Jiawang
BH6SKH,Wuhan Hubei
BI3AUS,Tianjin
BI4LLP,Qingdao
BA3MFD,Xingtai
BD3PYG,Xingtai City
BG8NSQ,None
BH6ESS,KOWLOON
BG2GYR,Suihua
BH3FNZ,None
BG9IPS,Lanzhou
BG0IW,Lasa
BI3BVX,Tianjin
BG2EPC,Wei
BH3SZN,Taiyuan
BI3PXS,Qinhuangdao
BA8ATN,Mian Yang
BD1CWM,Beijing
BD1CWN,Beijing
BD3RYL,None
BD4QMA,Yancheng
BG6QYI,Wu Han
BG7PVS,Shenzhen
BH2WOO,Shenyang
BG6WDC,Wuhan
BH6SVT,Wuhan
BA4SLT,Jiangsu Huaian
BI1HHB,Beijing
BA8ATM,Chengdu
BG2MYO,Shuangliao
BG5DGU,Ningbo
BG6QXK,Hu Bei
BG6XWG,Wuhan
BI8SAV,Kunming
BA7KGV,Guangdongguangzhou
BA7JLP,Shenzhen  Guangdong
BH6RHJ,Wuhan
BG7UYC,Guilin
BG7MAC,Shenzhen Guangdong
BA7JLQ,Shenzhen  Guangdong
BD1CZP,Beijing
BD1DCI,Beijing
BD6ICP,Luoyang
BG7UKL,Guilin
BG8JKR,Chongqing
BH7LQX,Foshan
BH4WCT,Jurong
BI2RHX,Chaoyang
BI2RKX,Dalian
BI3SYD,
BA3RRR,Cangzhou
BA4IME,
BA4UCK,Suzhou
BD1CSO,Beijing
BD1DCD,
BD3OLG,Shi Jia Zhuang
BI2RIF,Dalian
BA4SOF,Yancheng
BI2RMW,Liaoning
BG2MXI,Yanbian
BI1TRF,Bei Jing Shi
BG7IJT,Guangzhou
BA4ILX,Dongying
BA8AUU,Chengdu
BG2MYI,Chang Chun
BG5CDR,Wenzhou
BH6ETB,Wuhu
BI8SKW,Kunming
BG3JKC,Baotou
BI3BWX,Tianjin
BI1WBK,Beijing
BI2RRA,Shenyang
BI3XMO,Shuozhou
BA4TEG,Nanjing
BD8FPN,Chengdu
BG3GGC,Baotou
BG4NZV,Jinan
BG7OER,Huizhou City Guangdong Province
BI8SPI,Kunming
BG5TWH,Fujian
BG7MUQ,None
BH3IAO,Hlbeier
BH5UOT,Shenyang
BA4JAV,Taian
BA4RHS,Nanjing
BG3QJ,Langfang
BG2BFG,Daqing
BI3SJB,Shuozhou
BI7MBT,Dongguan City
BA4STS,Wuxi
BD6RP,Xiangyang
BA4RGU,Nanjing
BI3XFT,Shuozhou
BA4ICG,Feicheng
BI4MSL,Liaocheng
BA3RMN,Zhangjiakou
BA8AZT,Jian
BI8SSY,Kunming
BG4ILL,Jinan
BG5GAQ,Hangzhou
BI2RLQ,Dandong
BI3OVI,Langfang
BI4AYZ,Shanghai
BI2QEN,Qingshen
BA4SIO,Suzhou Kunshan
BI2QYM,Songlin
BD7NGV,Shenzhen
BH4JPF,Linyi
BH6SUI,Huanggang
BI1AFK,Beijing
BI3RYW,Shijiazhuang
BA4UFR,Nanjing
BD4ADJ,Shanghai
BD7IQV,Shenzhen  Guangdong
BG7LMW,Maoming
BG9SQQ,Xining
BG9STT,Xining
BH6DFC,Beng Bu
BG9SMB,Qinghai Xining
BH1NMS,None
BH6SRP,Wuhan
BA4RDO,Xuzhou City
BI2RIR,Dalian
BD8EZX,Chengdu
BH7BVJ,Hunan
BG2DPB,Guangdong Shenzhen
BA4ILH,Tsingtao
BG0FNS,Akesu
BG1DT,Beijing
BH6RHO,Wuhan
BA4TOA,Nantong
BA7KK,Zhanjiang
BG0FBU,Bole
BA3MDV,Wuxi
BA4SLI,Huaian
BG7RJJ,Yulin City  Guangxi Zhuang Autonomous Region
BH1QYR,Beijing
BI4IKS,Shandongweifang
BA4TAY,Nanjing
BG7LSP,Huizhou
BD1ARC,None
BG7MZC,Shantou
BD1BIH,Beijing
BA4JQP,None
BI4AXH,Shanghai
BA4ILB,Qingdao
BA8ATX,Chengdu In Sichuan Province Of China
BG7VZN,Guilin
BH3IBF,Hulunbuir
BH3HYU,Wulanchabu
BI4JVV,Jinan City Shandong Province
BH7IHE,Foshan  Guangdong
BG7SBC,Liuzhou
BG7NAV,Zhongshan
BG9KDG,Lanzhou
BI3TYV,Taiyuan
BA4RTS,Suzhou
BD1AEW,Changping
BG4WDU,Nanjing
BH6BWK,None
BI3AJC,Tianjin
BG0FPL,Hami
BG7VXF,Guilin
BG0FOR,
BG1RGV,Beijing
BG4QGU,Changzhou
BH4GCZ,shanghai
BG6HTS,Hefei
BI2RST,Panjin
BH8QWS,Guizhou
BA8BAF,Guangyuan
BD4WGE,Changzhou
BG7TBN,Gxbl
BH3HYV,Erdos
BH8CCY,Yibin
BI1ADW,Beijing
BA4UDH,None
BG7PXK,Chaozhou
BG4LKB,None
BG6SQE,Wuhan
BD4XBM,Jiangsu
BG7NCK,None
BG4KQI,Songyuan
BD1CYU,None
BH3IAY,Baotou
BI7DOY,Changsha
BG9KAO,
BA4SSQ,Changzhou
BD4TXA,Xuzhou
BG9DSD,Chencang District  Baoji C
BG2NAP,Chang Chun
BH6STX,Wuxue
BD1BYD,Dongcheng
BG9PXM,Yinchuan
BA4UFD,Nan Jing
BG7NOQ,Guangzhou
BH8HAO,Chong Qing
BG7XCX,Guilin
BA4IGI,Weihai
BA4UFQ,Taixing
BD8BTL,Cheng Du
BG2AEY,Haerbin
BH8GUN,Chongqing
BG8GUY,Chongqing
BG2GZK,Haerbin
BH4HUJ,None
BI1TRT,Bei Jing
BG4IKD,Jinan
BH4FOX,Shanghai
BH8GQT,Chongqing
BG5USD,None
BG5WFA,Fujian Fuzhou
BI1RGP,Beijing
BD3MZZ,Cangzhou
BD1DFU,China
BH3PD,Zhangjiakou
BG0IZ,Xizang
BI9ACG,
BD1CPO,None
BA8AVC,Chengdu
BD4SEK,None
BG4JTT,Shandong
BG7SDQ,Nan Nin
BH3CNR,Tianjin
BH3GXQ,New Xinbaerhu Zuoqi Hulunbeier City Neimenggu Autonomous Region
BA7OEO,Shenzhen
BD8EGQ,China
BG0IY,Nyingchi
BG5VPZ,Quanzhou
BG7LMP,Huizhou
BH3VYK,Datong City
BH6EFC,Hefei
BD8COG,Zigong
BG2GWN,Daqing
BG5JTN,Nanchang
BA4SLF,Nanjing
BA4SLM,Huai An District  Huai An City  Jiangsu Province
BI8BWB,Chengdu
BA4UHV,Nanjing
BG7UPQ,Guilin
BH6RYS,Wuhan
BH4HPX,Shanghai
BH6RFF,Wuhan
BG2FRH,Daqing
BD1CHA,Beijing
BD6KGT,Zhengzhou
BG2GGF,Harbin  Heilongjiang
BH2VKS,Dalian
BD1AFI,Miyun
BD4WG,Nanjing Jiangsu China
BG1FE,Beijing
BD1DHI,Beijng
BI2XM,Anshan
BG9KCL,None
BA4IHZ,Qingdao
BI3OWI,None
BH6SXJ,Wuhan
BD7IIT,Foshan City
BG7QYB,Guilin
BA3MPJ,None
BA3MHY,Shijiazhuang
BA8BBW,Guangyuan Sichuan Province
BG2MTO,Changchun
BD3NTR,Zhangjiakou City  Hebei Province
BG6TAE,Xiangyang Hubei
BH6DFG,Bengbu
BI3BOW,Nanjing Jiangsu Provence
BI3BCP,Tianjin
BG9SKA,Xining
BH3HIK,Chi Feng
BH6QBY,Xiangyang  Hubei
BH8HBL,Chongqing
BG3MKX,Shijiazhuang
BI4LYZ,Jinan
BA8BCR,None
BD8DAN,Chengdu Sichuan
BG5BSY,Taizhou
BG8HGY,Chengdu Sichuan
BH6SXE,Xiangyang
BI1SFL,Beijing
BH6QGN,Wuhan
BD3RSW,Cangzhou
BH3HYH,Hohhot
BG7RHK,Liuzhou
BI4LZB,Jinan
BG2LRX,Songyuan
BG4QBI,Zhenjiang
BA4IIF,Shandong
BD1CWJ,Beijing
BD7PEG,fo shan shi
BI1UUO,Beijing
BG0FPQ,Urumqi
BD6KHE,Huangshi City  Hubei Province
BD3RFF,Shijiazhuang
BG7OEB,Shenzhen
BI7KTV,Chna
BG4LVG,Taian
BG8LWC,Shapingba District  Chongqing
BI2RYN,Jinzhou
BD3QLD,Baoding
BD1CGF,Beijing
BI1WYS,China
BI1PHO,Beijing
BG9GOL,Baiyin  City
BI1SXR,Beijing
BA3MEO,Xingtailincheng
BG6SPP,Wuhan
BI4BBE,Shanghai
BG0FRS,Urumqi
BH6SKD,Wuhan
BA4TNM,Nantong
BD3RZA,Shijiazhuang
BH6AAT,Cheng
BA4RPX,Changzhou
BH3ICL,Ordos
BH1KTJ,Beijing
BI3SWU,Lvliang
BD6JOM,Luoyang
BI4BBS,Luojing Town  Baoshan District
BA4IFO,Zibo
BA7LNI,Futian District  Shenzhen  Guangdong
BG1MLF,Beijing
BH6RSJ,None
BI3ABK,None
BA4JSC,Jinan
BA4RDW,Xuzhou
BG4VHS,Xuzhou
BI8CRR,Sichuan Yibin
BG7AAS,Panyu  Guangzh China
BA8AOT,Chengdu
BI8DEB,None
BA7OQC,Meizhou
BI4NCR,Weifang
BG7VWZ,Guilin
BI2QWR,None
BG9CAC,Xian
BG4JZO,Hu
BH6AET,Benbu
BI1OND,Beijing
BH8HCE,Chongqing
BI1CNF,Beijing
BI4BBJ,Shanghai
BA4ITR,Heze
BA7IPW,Shenzhen
BI3KTU,Langfang
BG5EAG,Hangzhou
BH4IB,Nanjing  Jiangsu
BI4NJR,Shandong Weifang
BA7MDL,None
BI8SPK,Chuxiong
BI2QLN,Jinzhou
BI8STQ,Kunming City
BI9CXC,Xian
BA4IYU,Dongying
BG7JZV,Shenzhen
BG5WDR,Quanzhou
BD3RZZ,Hengshui Hebei
BA4IUW,Shandong
BH8GYH,Longshan Town  Yubei District  Chongqing City
BA4IBZ,Weifang Shandong
BG0FJS,Urumqi
BG6UGD,
BG4RU,None
BI8SUB,Kun Ming
BA4JJA,Suzhou
BA4UOI,None
BG0FHQ,Yining
BH6SWI,Jingmen
BI1JTZ,None
BI7CXZ,Changsha
BA4ICY,Weifang
BG2HAY,
BI3QAC,Chengde
BI1QKP,Beijing
BG3IZG,Hohhot
BG5GGN,Hangzhou
BG5JRE,Ganzhou
BD3PVJ,Tangshan
BG6TCQ,Wuhan
BH8GYC,Chongqing
BH9FTQ,Yulin
BD1BOL,Beijing
BH4GLY,Shanghai
BI1NFE,Beijing Haidiianqu
BH6SYH,Wuhan
BA4UIC,changzhou
BG7PXE,Guangzhou
BG7PYM,None
BI4KSZ,None
BI1SCA,Shandong
BI8SJQ,Lijiang
BG2NBB,Jilin
BG7SDX,Qin Zhou
BG7MZO,Foshan
BG6CLL,Hefei
BG2NAT,Jilin
BI4JYT,
BG7SDP,Nanning
BH4HHR,Shanghai
BG3JDT,Null
BA4ISO,None
BD1AVC,Beijing
BG2GPR,Haerbin
BG5JME,Ganzhou
BG3HPB,Ordos
BG5JOK,Ganzhou Nankang
BD3QJF,Shijiazhuang
BG5JOH,Zhongnanhai
BG7RZK,Liuzhou
BA4UGF,Nanjing
BG2GWF,Haerbin
BH7EUH,Zhu Zhou
BI2RFI,Liaoyang
BI3VV,Xinzhou
BA4VAN,Wuxi
BG7PUL,Zhongshan
BG7NDJ,ShenZhen
BA3NKW,Cangzhou
BG9AMJ,Xian
BG4QBF,Jingkou District  Zhenjiang City  Jiangsu Province
BA8AXT,Chengdu
BD8DYL,Sichuan Province China
BI4BDV,Shanghai
BG7NDU,Shenzhen
BH4TAM,Wuxi
BI3UDI,Taiyuan
BG2GZU,Harbin
BG3IMQ,Hohhot
BG7KEE,Shenzhen
BG5JTL,None
BG7PXA,Shenzhen City
BI9CXB,Xian
BA4QBV,Nanjing City Jiangsu Province
BG5JHF,Ganzhou City
BH7DBR,None
BG7KEA,Shenzhen
BH6KIY,Zheng Zhou
BG5JRH,Ganzhou
BG8AAK,Chengdu Sichuan
BI2QWB,Shenyang
BI4AUW,Shanghai
BG0FRD,Tacheng
BH3UIZ,Shuozhou
BH3UJC,Shuozhou
BI1TTW,Shuozhou
BI3SOH,Shuozhou
BG2KOO,Siping
BH6CAA,Hefei
BA6HT,Anhui
BG7LTG,Guangzhou
BG4VSI,Xuyi
BH2XHI,Dalian
BG2WDU,Shenyang
BA4JAH,None
BG5FJD,
BI1XJT,Shijiazhuang
BG7ZGA,None
BA4VBQ,Nanjing
BG7KEM,Guangzhou
BA4SNM,Sheyang
BG5JRI,Jiang Xi Sheng Gan Zhou Shi Zhang Gong Qu
BH6BVP,Hefei
BI4MVC,Qufu
BA8AHH,Chengdu
BH3HEC,Inner Mongolia Autonomous Region
BI1XMU,Beijing
BI1PPA,Beijing
BI8CZV,Chengdu
BH3QHC,Tangshan
BG4QBD,Du
BI3SJN,Shanxi
BH1SZI,Beijing
BI2RVE,Dalian
BA3MWY,Shijiazhuang
BA4JVK,Jinan
BD1CMM,Beijing
BG5QAL,Fuzhou
BD7JWW,Shenzhen
BA7NZL,Shenzhenguangdong
BD4UOE,Jiangsu Nanjing Jiangbei New Area
BD7IJR,Guangzhou City  Guangdong Province
BD3OOW,Shijiazhuang
BA3RGQ,Shijiazhuang
BG7KES,Guangzhou
BG7PWC,Foshan
BG7PUW,Dongguan
BG7KDT,Shenzhen
BH3HBC,Baotou
BI3SQE,Datong
BA3QCS,Shijiazhuang
BG7KEO,Shenzhen
BA4UCC,Kunshan
BG3MWQ,Qhd
BI7PTK,Zhanjiang
BG2HCB,Linyi
BG2HCM,Haerbin
BG5ASF,Jinhua
BG7YAH,None
BH6RVX,Wuhan
BG9SGM,Xining
BI2QCA,Chaoyang
BI4BDW,None
BI1TLO,None
BA8BM,Chengdu
BA4IRU,Yantai
BG8LZA,Chongqing
BG7PUK,Foshan
BG5FRF,Ningbo
BG0FHU,Urumqi
BI4RPH,
BG2HCW,Daqing
BG5GHA,Jiaxing
BD3RRX,None
BA8BEQ,Chengdu
BI1FUK,Beihang University
BA4III,Daiyue District  Tai An City  Shandong Province  China
BG6JGV,Luoyang
BG2KVG,None
BA8BFE,Cheng Du
BI2RPJ,Shenyang
BH6CZV,Suzhou
BD6KLP,None
BG3NQJ,Shijiazhuang
BI6IRM,Luoyang
BA8BFI,Chengdu Sichuan
BA8BFM,Chengdu
BD7LMK,Guicheng Nanhai Foshan Gd P R China
BG7TBK,Guilin Guangxi
BD5QW,Fuzhou
BI4PTK,Jinan
BA8BEI,Chengdu  Sichuan
BG0FDV,Xinjiang Urumchi
BG0EXG,Urumqi
BA4TMR,Nanjing
BA8BFZ,Nanchong
BI3BSW,
BD7KMS,Zhongshan
BA7NWW,Shenzhen
BG2MOO,Jilin
BI1XUY,
BG7MHR,Guangzhou
BG7NDI,Shenzhen
BA8BHA,None
BH7DFZ,Changsha
BA7NUC,Zhuhai
BG0EXE,None
BH6BNY,None
BG7OEL,Guangzhou
BD5RGB,Fuzhou
BA4VDA,Nanjing
BG0FJK,Wulumuqishi
BG2CJY,Heihe
BH5UWP,Fuzhou
BG6IJZ,Luoyang
BG7NAI,Guangzhou
BG6FPE,Su Zhou
BA3QLB,Shijiazhuang
BI7EAI,Huaihua
BI7BLA,Changsha
BI2SY,Shenyang  Liaoning
BD8FOO,Chengdu
BG0FRZ,None
BH2VGR,Shenyang
BG2LXR,Changchun
BA8BGY,Chengdu
BD6JRA,Zhengzhou
BG9JZG,Lanzhou
BI3BZO,Tianjin
BG0FIN,Hami
BG9PXT,None
BH6AIK,Fuyang
BH3ECK,Tianjin
BG4LRG,Weihai Shandong
BH3HDY,Hulun Buir
BG2GUA,Hegang
BG9CZS,Xian
BI7DHD,Changsha
BD1BYB,Beijing
BG3HXD,Inner Mongolia
BI8CYI,CHENGU
BG2MXU,Jilin
BD6IGS,henan
BG2MOL,changchun
BG0FJJ,Urumqi
BI1OJU,beijing
BD7LMC,foshan
BH3IEV,Huhehaoteshi
BI1FJJ,Tongzhou
BH6RFU,wuhan
BG0EWX,wulumuqi
BG3PFS,BaoDing
BG2KSK,Jilin
BI1FJJ,Tongzhou
BI3BYP,Tianjin
BI9CYZ,Xi An
BG7DRW,ChenZhou
BD8DNG,ChengDu
BH6RFU,wuhan
BI9CYL,xi'an
BH5UOH,longyang
BA4IPX,Shandong Dongying
BG7IBM,Zhaoqing
BH1NSN,Lugou Bridge Fengta
BA3OKL,shijiazhuang
BG7ZJL,Haikou
BI4AMP,Shanghai
BI8SVX,QuJing
BG2NDR,Changchun 
BG8AWK,Chengdu
BG7KOQ,Guangzhou
BA4TSC,Xuzhou
BA4KEP,Jinan City
BI8STP,Kunming Yunnan
BH6CZW,shuo zhou
BH1RVT,Beijing
BI3TBX,Shanxi
BG8KVN,Chongqing
BA4RMQ,Jiangsu
BI8SPD,Kunming
BH6SJD,jingzhou
BG9HLU,Lanzhou
BD8EJT,ChengDu
BA8BJY,chengdu
BG9KFB,pingliang
BG9KEW,lanzhou
BG2KTO,changchun
BH3IFZ,lnner Mongolia
BI4PXQ,qingdao
BI8CEG,Chengdu
BA8BGO,Chengdu
BH3MYP,Qinhuangdao
BI7DZO,jinshi
BA7JJZ,Shenzhen
BG2NBG,Changchun
BH6SMM,WuHan
BI4MCD,Tai
BG7JOT,guangzhou
BD1BOQ,MiYun
BG0FIF,Urumqi
BD1ANO,Tongzhou District
BG0FPE,Urmuqi
BI1RQF,HuaiRou
BG0DEL,Urumqi
BG2DVM,HAERBIN
BG0FQZ,Urumqi
BG9COT,shaanxi 
BH8GYU,chongqing
BH3WUL,shuozhou
BG8NRN,Guizhou Xingyi
BH3HYB,ChiFeng
BG8KGT,chongqing
BG3MAS,shijiazhuang
BG0FRV,TaCheng
BA4SGE,kunshan
BI4IRD,Jinan
BI3CAS,Tianjin
BG0CCC,Urumuqi
BA4JQI,Shandong
BG5DMX,Jindong District Jinhua City Zhejiang Province China
BG0ECS,Urumqi
BI7AQG,Hengyang
BG4API,shanghai
BA4JKJ,ZB
BA8ADT,Pengzhou Chengdu Sichuan
BD6KID,MinQuan
BA8BGJ,Chengdu
BG7ZID,Haikou
BD1CGM,Miyun
BH4IQG,Jinan
BH8UVH,Chuxiong
BD4RCF,NanJing
BD4RBS,NanJing
BI4TLD,NanJing
BD4RUJ,NanJing
BG0FPC,wulumuqi
BI4MTO,weifang
BH8NOX,Guiyang
BG0CRN,Urumqi
BI2WC,Fushun
BI6OFD,Zhengzhou
BI4BFR,Shanghai
BG4QNC,suzhou
BA4QWR,china jiangsu wuxi
BG0FMK,Urumqi
BI3SQD,datong
BG7TBU,Guilin
BG0FMU,Urumqi
BA3QYW,Cangzhou
BA4THA,nanjing
BG2NDU,Changchun
BG0FIX,Urumqi
BG0ATV,YiNing
BI3UCW,Shanxi Province Shuozhou City Shuocheng District
BD1DOQ,Beijing
BA3OWJ,cangzhou
BA4IIT,Zaozhuang
BA8BGM,Chengdu
BA4KFT,Jinan
BG2HCX,Daqing
BA8BIU,Chengdu
BG3JTZ,Baotou
BA4VCX,Nantong
BG2TR,panjin
BD7ORA,ShenZhen
BD1DOC,Beijing
BD6KKS,Zhengzhou
BD6KKC,Zhengzhou
BG6SHD,WuHan
BA4JCH,WEHAI
BH6BNT,WuHu
BG7JSU,ShenZhen
BI4NKD,Rizhao City  Shangdong Province 
BA4TVY,Yunlong District Xuzhou City Jiangsu Province
BI1PJW,Beijing
BG2GYE,Harbin
BA4VAB,wuxi
BG2HAC,Shuangyashan City  Heilongjiang Province
BH3GNS,Hulunbuir
BD4SBZ,Lianyungang City  Jiangsu Province 
BD7OE, Zhuhai City
BG4IUF,weihai
BG2MWZ,Changchun
BH8ACK,Panzhihua
BG6RUG,Yichang City  Hubei Province 
BD1DJB,Beijing
BG4LZN,Daiyue Taian
BG4VQN,Xuyi
BA4SWC,WuXi
BG0FLU,wulumuqi
BH5QL,long yan
BA3MFM,beijing
BG7OHO,Meizhou
BG2JYU,ChangChun
BD1DPV,Beijing
BG4KRL,Yantai
BG5FEI,Hangzhou
BI2RXJ,ShenYang
BG6WAC,Wuhan
BH6AFN,bengbu
BA4SUW,Wuxi
BG0FRJ,fukang
BD0AW,Urumuqi
BD4XMH,suzhou
BA7JIJ,guangdong
BG8OBK,Zunyi
BG4KLY,jinan
BG7NDS,Shenzhen
BG6ITJ,shangqiu
BG3IZE,hohhot
BG2HCZ,Daqing
BG4JLT,qingdao
BD6IZS,zhengzhou
BG0EVW,Urumuqi
BA4IEF,weifang
BH6SZD,Wu Han
BH1JES,B
BA3NAC,shijiazhuang
BA3MMS,Shangzhuang
BH8GPV,Chongqing
BG4KEF,Shandong Jinan
BI1JPP,beijing
BG0FSZ,Changji Manas
BG5WGI,fuzhou
BG0FNV,xinjiang
BD6KIQ,HeBi
BG5WJE,Quanzhou
BI4UXP,yixing
BH4XIX,Lianyungang City  Jiangsu Province
BH8GBO,Yongchuan Chongqing
BD3OCE,handan
BA8BKJ,kunming
BH6SGE,Wuhan City  Hubei Province
BD3RGF,Shijiazhuang Hebel
BD8FBU,chengdu
BI4JVI,linyi
BG5WJX,xm
BD1DKK,Beijing
BG4LNG,Shandong
BG5WHZ,Xiamen
BG0DQC,WULUMUQI
BA4UCZ,Suzhou
BA4IIE,YANTAI
BI7DKX,changsha
BD6KMI,zhengzhou
BG4IJM,Jinan
BI2RCY,Shenyang
BG0AFB,Urumuqi
BI7IFF,Guangzhou
BG9KCJ,wuwei liangzhouqu
BG7LMQ,Shantou
BI4AIS,ShangHai
BG6TAO,Wuhan 
BG7MLT,shengzhen
BH5DKZ,Jinhua City Zhejiang province
BG6JKQ,shangqiu
BG4OIR,Binzhoushi
BI3QXD,ShiJiaZhuang
BI4ASH,Shanghai
BG7KLJ,shenzhen
BG0BY,Urumqi
BH7OXT,Guangzhou
BH7ENG,Hunan
BG7MSV,GuangZhou
BI3AQH,Beichen District  Tianjin
BH8RER,Zunyi
BG8KOR,chongqing
BI9BML,Weinan
BD1DPB,beijing
BI4BDK,Shanghai
BG2UCP,Panjin
BG2QNA,Panjin
BD7OLO,heyuan 
BI3CX,neimeng
BH3NJD,Baoding
BA3RHT,qinhuangdao
BI8FPE,Chengdu
BA8AJY,suining
BG9KFS,WuWei
BA4SAO,xuzhoushi
BG7ZLI,haikou
BH9AFJ,Xian
BH1HBH,Beijing
BH7KBW,Guangzhou
BH8GAH,Yongchuan Chongqing
BI4AVZ,Shanghai
BI4BCV,Shanghai
BG5JVF,jiangxi
BH6SPH,yichang
BI7ECJ,Zhuzhou
BI3BPN,beijing
BA3RGG,qinhuangdao
BA3MAQ,TangShan
BD1DPG,miyun
BA4IYL,Linyi Shandong
BG2IKH,Changchun City   Jilin Province
BI7MCK,Panyu GuoZhou
BA4TLH,Nanjing
BG4QBH,Zhenjiang
BI9CDK,Xi'an
BD6KKL,Zhengzhou  Henan
BI9CKG,Xi'an
BG8UJ,Wenshan
BA4KGY,shangdong
BI7KIM,Shenzhen nanshang  songpingcun 
BD1DTX,Beijing
BA4TMT,Jiangsu Nanjing
BI4ADR,Shanghai
BI1GKE,Beijing
BA4TSP,Jiangsu
BG7RHV,liuzhou
BD3QCA,shijiazhuang
BG3IOA,huhehaote City  neimenggu Province
BH6SMH,Wuhan
BG6RCX,wuhan
BH3IFU,Baotou
BH3HYN,BaoTou
BG6HVB,Anhui
XX9NA,Macao
BD1DQR,Beijing
BI9CDM,XiAn
BG9KFW,Gansu Lanzhou
BI4BEB,Shanghai
BG7TWG,WuZhou
BA4KHG,taian
BI4APF,Shanghai
BA8AHK,Nanjiang
BH4HGF,shang hai
BI4AGE,Shanghai
BA4TCS,Jingjiang
BA7NVP,Enping
BG7ZLJ,Haikou
BG7STG,Chongzuo
BD1DUK,XiCheng
BG8NTA,ZunYi
BG1LER,beijing 
BA4JPW,beijing
BI8SVT, kunming
BG3NXB,Shijiazhuang
BA7NDP,Guangzhou
BG0FRR,Hami
BI1SPX,beijing
BG8NTG,zunyi
BG4QHP,Changzhou
BH4LOT,Dong Ying City Shan Dong Province
BH6SLJ,wuhan
BG0FUY,Urumqi
BG4KDD,Shandong
BG7CDM,Hunan
BI8SEF,QuJing
BI8SAF,Dehong Ruili
BI7EDZ,Changsha
BD7DB,changsha
BG7IZK,foshan
BG4KLF,jn
BG2FYI,QiQiHaEr
BI7KID,Chaozhou
BA3REV,han dan
BH6SVA,Wuhan
BD1DSD,Fengtai
BA3OMF,Han Dan
BD7KSF,Foshan
BA4JUR,Qingdao
BH6BVG,Hefei Feixi
BD1BPT,Beijing
BD1DSI,Bejiing
BG0FUS,eijing
BI4BEI,Shanghai
BI7BNO,Kaifu District   Changsha City   Hunan Provence   P R China
BA3PKZ,chinahebeibaodingzhuozhou
BG2MWY,changchun
BG6CCG,Beijing
BG8NIQ,zunyi
BG5WDB,Xiamen
BI9DAE,Xianyang
BH2RAG,Shenyang
BH2STM,benxi
BG2JZX,Changchun
BH6ERV,Anhui Wuhu
BD1DUM,Beijing
BG0FUB,urmqi
BG0FDX,Urumqi
BA7NBP,HEYUAN
BI4KOQ,Jinan
BH6AUM,TianChang
BG0FUC,ShiHeZi
BD1CZH,Beijing
BG5WBA,Xiamen
BG1JPQ,Bei'Jing
BG7OFI,Heyuan
BH1KOA,Beijing
BD1DOH,Beijing
BA7NBN,Heyuan
BG1AIK,Beijing
BI3BUL,Tianjin
BG2HEF,Haerbin
BG7QIP,Yulin
BG4QBK,Zhenjiang
BG5JSW,Jiangxi
BG0FRN,Urumqi
BI7DLN,Yueyang
BI1BFY,Beijing
BG0BDK,Urumqi
BA8AOL,Guang-An
BA4KCP,Linyi
BD8ERD,Chengdu
BD4QAM,Su Zhou
BD1BGE,Beijing
BI3CCE,Tianjin
BG7NEY,SHENZHEN
BH4HTD,Shanghai
BG7NGQ,HuiZhou
BG7KBB,Shenzhen
BA4IFR,Taian
BI7BGE,ChangSha
BG6LBO,JiaoZuo
BI3SLF,Taiyuan
BD1BLN,Changping
BD1DQI,Beijing
BG4VKJ,Xuzhou
BI4AOM,Shanghai
BG4IEN,jinan
BG5JOG,Nanchang
BA8BLK,Deyang
BA4KCB,Shijiazhuang
BI1OPZ,Beijing
BD1BWP,Beijing
BG7JVB,Dongguan
BI7BXA,Shenzhen
BI3RWX,Chengde
BI3AUW,Tianjin
BH6BOP,Hefei
BA3OIN,Handan
BH5HSJ,Hangzhou
BG2MZU,Jilin
BG5FCN,Zhoushan
BA3MEK,Shijiazhuang
BH7EYF,Changsha
BI2RJH,Shenyang
BG8LWG,Chongqing
BD1MMR,Beijing
BI7AGM,Changde
BI8SPC,Kunming
BH3QKM,hebeishenghengshuishi
BA7NNC,Foshan City
BH6BWN,Hefei
BG0FLL,Korla
BG0FKB,Korla
BG7NGI,Guangdong
BH3IEX,Hhht
BH1KNO,Beijing
BG7SWG,Nanning
BH4SKN,Zhangjiagang
BD1ATG,Beijing
BI7MWM,Foshan City
BG0DWU,Manasi
BG5HZA,Hangzhou
BG0FIH,Urumqi
BG7NGO,Shenzhen
BG0FMY,Urumqi
BD4VLF,Yangzhou
BG2HDE,Jixi
BG2KZQ,Jiling
BA4KAD,Binzhou
BD7KGJ,Zhuhai
BH3MPC,Baoding
BA8BLJ,Deyang
BG0FRA,Urc
BG8PZZ,Guiyang
BG0FQU,Shihezi
BG2JZV,Changchun
BA3PJS,Shijiazhuang
BG2HCP,Qiqihaer
BI1USL,Beijing
BG5JPI,Jiangxi
BR3AO,Tian Jin
BH6RJB,Xiangyang
BG6XMQ,Wuhan
BD1DSC,Beijing
BG4QNU,Zjg
BG5WIC,Xiameng
BG5WIR,Xiamen
BH3HME,Xilinhot
BI1TPF,Beijing
BD3MNO,Shijiazhuang
BA4REM,Nanjing
BG6GXL,Huangshan
BI7MTS,Guangzhou City
BH2XIJ,Jinzhou
BG6DKS,Maanshan
BA8ADH,Chengdu
BH8VZD,Kunming
BI3PUJ,Handan
BG9KBK,Gansulanzhou
BG9SOB,Xining
BA8BLN,Deyang
BG4JMY,Qingdao
BG7PXL,Heyuan
BG7PTU,Heyuan
BG0FNI,Urumqi
BG6ATE,Huainan
BG3MWT,Renqiu
BG5NH,Shenzhen
BI2RQA,Shenyang
BG5JKZ,Nanchang
BA8BGW,Chengdu
BD1DZT,Changping
BG7MSC,Dongguan
BI8SWK,Honghe
BG7PTY,Shenzhen
BG0FOZ,Urumqi
BI2RIP,Shenyang
BH3IHW,Tongliao
BI1TMJ,Beijing
BH5EAX,Jiaxing
BH5EAT,Jiaxing
BH7JZQ,Shenzhen
BH8RFC,Lps
BG6WTW,Wuhan
BI1WFM,Beijing
BD1DYR,Beijing
BG1CS,Beijingshi
BI1PPY,Beijing
BG8LFS,Chongqing
BD7OVY,Shenzhen
BD8EAX,Chengdu
BI3UFR,Taiyuan
BH5EEW,Jiaxing
BG7LJQ,Heyuan
BI1QAB,Changping
BH8RCY,Guiyang
BI4OTY,Linyi
BI3BWU,Tianjin
BH6SBN,Wuhan
BG6DYW,Guoyang
BA4QGL,Kunshan
BG2GYU,Heilongjiang
BI4IPJ,Shandong
BH5EEH,Jiaxing
BG5ENV,Jiaxing
BD3RTG,Shijiazhuang
BA3NZH,Baodingshi
BH3GNV,Hulunbuir
BI7JAR,Guangzhou
BD8DNV,Guangan
BI1NKX,Beijing
BG2HFB,Jiamusi
BH9AYR,Baoji
BG7NEF,Hong Kong
BG4KZG,Qingdao
BH6BDD,Beijing
BI8SQA,Yunnan Qujing
BH6SUC,Hu bei
BI4LFW,Shandong
BD7III,Guangzhou
BH5EHL,Jiaxing
BD8FLU,Chengdu
BG4IHT,Middle Jin Dou Lu Xin Tai City
BG5GIC,Jiaxing
BG4KBY,Weifang
BI1XCB,Pinggu
BG7JOU,Shenzhen
BH3HZV,Erdos Dalateqi
BD7KNZ,Guangzhou
BD7PPA,Shenzhen
BI3CBV,Tianjin
BG5EFC,Jiaxing
BH8AAX,Luzhou
BG2ATC,Haerbin
BH9DAX,Baoji
BG5ANF,Hangzhou
BG7HV,Changsha
BG7JUO,Shenzhen
BH6SYX,Huanggang
BD1CFM,Beijing
BH7KBG,Shenzhen
BG2AZJ,Harbin
BA8BMC,Mianyang
BI4MNB,Yantai
BG2AHK,Harbin
BD3QYB,Shi Jiazhuang
BG0FUT,Aksucity
BH6QIA,Wuhan
BH8RBJ,Guiyang
BG7MMG,Guangzhou
BG6JJH,Luoyang City Henan Province
BA4JVV,Binzhou
BA4JPR,Lixia District Jinan City Shandong Province P R China
BG5GIB,Jiaxing
BG7MTD,Shenzhen
BG0FWA,Urumuqi
BG7UXH,Shenzhen
BD3QWY,Tangshan
BH3GEZ,Chifeng
BH5UVN,Fuzhou
BI1OTO,Beijing
BD7NMD,Foshan City
BG3TON,Taiyuan
BH8EBE,Chengdu
BG3TCA,Taiyuan
BG7MI,Xingning City  Guangdong Province
BD1DZI,Haidian District
BA4SLZ,Huaian
BI8SQG,Yuxi City Yunnan Province
BD1DTM,Beijing
BH4PJO,Shandong
BG2AZF,Harbin
BA4VAH,Wuxi
BG7KNO,Shenzhen
BG7MLJ,Guangzhou
BG5EGI,Jiaxing
BA4QMN,Nanjing
BI2RPF,Anshan
BI3AKO,Tianjin
BG7KCU,Sz
BH6TAC,Wuhan
BA4USS,Suzhou
BA4JFB,Qingdao
BA4JWO,Yantai
BG5JUF,Jiujiang
BI4KVT,Jinan
BD1CGP,Beijing
BG4KON,Qingdao
BG2AIR,Haerbin
BG5GGL,Zhejiang
BA4QZJ,Nantong
BG7LPW,Guangzhou
BG4LLQ,Jinanshi
BI1SQQ,Beijingshi
BH2TQT,LiaoYang
BG4OSU,Weifang
BI2RZQ,Dalian
BG2EHA,Dongning City
BH1XPK,Beijing
BA4IQH,Shandong
BA7NLU,Foshan
BI7JZG,Qu Jian Suburb Shao Guan City Guangdong Province
BA7NPS,Hedong
BG0FKQ,Korla
BA4KKG,Jining
BI4ALS,Shanghai
BI3BZC,Tianjin
BG4IPY,Zibo
BG2GRW,Harbin
BG9SKV,Xining
BG7OOW,Foshan
BI8SRB,Kunming
BI2RTM,Fushun
BH6STN,Wuhan
BA4SDV,Suzhou
BH2WQQ,Fs
BD1EBT,Beijing
BI3AVC,Tianjin
BI3AZQ,Tianjin
BI3CCK,Tianjin
BA4KGV,Qingdao
BI9CQB,Shaanxi Xi'An
BI3AVX,Tianjin
BI3UJR,Linfen
BI3AXJ,Tianjin
BG7JUM,Zhongshan
BG6UBO,Xianning  Hubei
BH3EMS,Shijiazhuang
BH7EVK,Shaoyang
BI3UHF,Taiyuan
BI9CT,Xian
BG4JJJ,Weihai
BG4LYW,Liao Cheng Shi
BD8FZU,Chengdu City  Sichuan
BG7KUH,Guangzhou
BH8MOT,Tongren
BG9JVE,Wuwei
BD2OF,Jilin
BG7NAX,Guangzhou
BI9CCP,Xi An
BG2GUZ,Daqing
BG0AEM,Urumqi
BI2RAE,Shenyangshi
BG1FXV,Beijing
BI4AVV,Shanghai
BI4NDA,Tai'An
BH6NOQ,Nanyang
BD1AJQ,Haidian District  Beijing
BA4JAQ,Jining
BA4QIL,Suzhou
BI1JNI,Beijing
BI6NDU,Nan Yang
BG2GKQ,Harbin
BG3NYY,Lang'Fang'
BI3CEB,Tianjin
BI2RTW,Liaoyang
BI3CEE,Tianjin
BA8AHV,Chengdu
BI2RAL,Dandong
BG7NIB,Heyuan
BG1LUN,Beijing
BA4KLH,Qufu
BA4SBF,Taizhou City  Jiangsu Province
BA4KKM,Heze
BG7NII,Zhong Shan
BH6SKX,Yingcheng City
BH1FOL,Chaoyang District  Beijing
BI3CDR,Tianjin
BG0EEG,Akesu
BG7RDF,Beihai Nanning Shenzhen
BH6BYB,Hefei
BD1BPN,Wuxi
BG7PXV,Guangzhou
BD7OVS,Guangzhou
BH6BYP,Hefei
BA3RHK,Baodin
BG7NIC,Guangzhou
BG2HCY,Da Qing
BI9CKR,Xian
BA3OAQ,Baoding
BG0FWW,Hami
BA4KJA,Shandong
BG7NIJ,Dongguan
BG7NUX,Guangzhou
BG7NUQ,Shenzhen
BG7NTA,Shenzhen
BG2HFY,Harbin
BG1HE,Beijing
BH4HXV,Shanghai
BI6NYR,Zhumadian
BA4VDJ,Jiangsu
BG7ASE,Chenzhou
BG2HFM,Harbin
BG0EYW,Urumqi
BD6KLO,Luoyang
BA4TRU,Suining  Xuzhou  Jiangsu
BH3UYQ,Hytera
BA4KJC,Weihai
BG3GUL,Keerqin District Tongliao Inner Mongolia
BG2XFM,Panjin
BH6QIJ,Jing Men
BI2RJL,Dalian
BI2RUA,Dalian
BG4LRV,Liaocheng
BI9DEU,Weinan
BG6SSA,Hubei
BH3HST,Wuhai
BG7LBR,Shenzhen
BG4JQR,Ji Nan
BI6MCU,Luoyang
BD1DTL,Tongzhou District Beijing
BI9CWO,Xian
BG7QJU,Guilin
BH2TIT,Liaoning
BD3RCL,Tangshang
BG5FST,Wenzhou
BI3BVC,Tianjin
BG7OOC,Guangzhou
BI3CEV,Tianjin
BH3XIX,Xy
BG7SFS,Qinzhou
BD4XUY,Changzhou
BH3DOG,Tianjin
BA4SSP,Changzhou  Jiangsu
BI3AMX,Tj
BG9JQD,Gansu Lanzhou
BI4BGS,Shanghai
BI9CKL,Yanan
BG7OQX,Shenzhen
BG8SF,Kunming Yunnan Province
BG9GPB,Gansu
BD7OIV,Shenzhen
BG4JUW,Ji Nan
BH6BYO,Hefei
BG9JZS,Lanzhou
BD4WKM,Suzhou
BI9CKM,Yanan
BA4TNH,Nantong
BG2HGF,Hlj
BG7KVL,Zhongshan
BH3IHI,Huhehaote
BG0FLT,Cocodala
BI3UKO,Taiyuan
BH6SCW,Wuhan
BG0FVL,Cj
BH3PJV,Qinhuangdao
BD6KMQ,Henan
BD1BQW,Beijing
BI4ULB,Yangzhou
BI3AXI,Tianjin
BG3JDW,Inner  Mongolia
BD1EBU,Chengruiyang
BD1CJW,Beijing
BH7FML,Yueyangshi Xiangyinxian
BI3BNE,Tianjin
BI4IRO,Zibo
BG7SJU,Qinzhou
BI3BVT,Tianjin
BG7NER,Huizhou
BG5SKJ,Longyan City Xinluo
BH6TCV,Jingmen
BG2AIQ,Ha Er Bin
BG7NHR,Jiangmen City
BD3PGW,Shijiazhuang
BA7OXS,Foshan City
BI3UIH,Taiyuan
BI3VQK,Taiyuan
BG9KHX,Zhangye
BH7MNE,Gz
BG7SFI,Guigang
BH8HFB,Chongqing
BD1DMO,Beijing
BG4HBR,Shanghai
BI1WME,Beijing
BG7NHB,Guangzhou
BG2NDD,Sys
BA4TSV,Xuzho
BG5GIN,Jiaxing
BI3TYU,Taiyuan
BH3HOI,Chifeng
BA4VFY,Nanjing
BA4VEH,Nanjing
BA8BOJ,Sichuan
BD4UQU,Nanjing
BI3UCY,Taiyuan
BH8HEB,Chongqing
BD1EHY,Beijing
BA4VEC,Nanjing
BA4WCM,Kunshan
BG5JVJ,NanChang
BG7JQP,Shenzhen
BD1EFF,Beijing
BA7IDE,Guangzhou
BD1EGP,Langfang
BI7CWZ,Jiangxi Fuzhou
BH8PBQ,Guizhou Xingyi
BR7KSE,Foshan
BH3HQW,Tongliao
BD1EGA,Beijing
BH4ELS,Shanghai
BI2RUQ,Shenyang
BD1EFO,Beijing
BD6KPL,Anyang
BG7MTB,Guangzhou
BH6TCM,Jingzhou
BG0EEJ,Akesu
BG6RKE,hubei
BD1EHQ,Citydingsiroadbeiqijiatownchangpingdistrictbeijingchina
BI7DKM,Huaihua
BD6KPC,Luoyang
BI6NTB,Zhengzhou
BI2RQT,Jinzhou
BH6IZY,Luoyang
BD6KTT,Zhengzhou
BI4APH,Shanghai
BG7LVY,Shenzhen
BA4WDG,Suzhou
BG6UGI,Yi Chang
BG7OTB,Yunfu
BI1MDE,Beijing
BI3CFY,Tianjin
BH8HFO,Chongqing
BG7KMD,Guangzhou
BH4CRV,Shanghai
BG7OQS,Maoming City
BG7OTG,Shenzhen
BH6QKF,Wuhan
BH6TAD,Shiyan
BD4MYL,Jinan
BD4MHH,Jinan
BD4MSY,Jinan
BD3RSG,Zhabgjiakou
BG2DEP,Mudanjiang
BD6KDP,Zhengzhou
BA4RZY,Jiangsu Province
BH4ICP,Weihai
BI2RQS,Shenyang
BH6SNZ,Wuhan
BD6KQG,Xinxiang
BA4VEA,Nanjing
BG6UGS,Yichang
BG7MQC,Yufu
BH6TDE,Wuhan
BG7ORO,Shenzhen
BG6VGA,Yi Chang
BH6SRB,Yichang City
BG5IDJ,Gan Zhuo
BG7PVH,Yunfu
BH6TDA,Wuhan
BG6JDS,Henan
BG2HGW,Harbin
BI4BIP,Shanghai
BG7OOF,Shenzhen
BH3QFL,Tangshan'Qianan
BA4IEV,Qingdao
BD3MIF,Langfang
BG7OQV,Tsuen Wan
BG7TCU,Guangxi
BG5BTN,Taizhou
BI3TBZ,Taiyuan
BH4HFJ,Shanghai
BG2MXJ,Changchun
BD6KQA,Xinxiang
BG5EHT,Taizhou
BA4KKU,Jinan City
BA4VNC,Yangzhou
BG7ZMH,Haikou
BG5VHC,Fuzhou
BG7OPP,Guangzhou
BA4JIT,Linyi
BG7KIH,Gz
BH3CUI,Tian Jin
BH6ROD,Yichang
BD4IWG,Linyi  Shandong
BH6TAQ,Yichang
BH6SRA,Yi Chang
BG2NAO,Changchun
BH2UDK,Huludao
BA4IJR,Qingdao
BA4IFU,Qingdao
BH2TPX,Shenyang
BH6SRK,Xianning
BA4QWI,Wuxi
BG0FPB,Karamay
BG7OQI,Guangzhou
BH6SKW,Wuhan
BG2NBX,Changchun
BI4BIW,Shanghai
BH6TEQ,Yichang
BG0FOS,Urumuqi
BA4VRH,Yangzhou
BH3CIR,Tianjin
BG7OSL,Zhangjiang
BI1LLM,Beijing
BG8PIQ,Guizhou
BR7LRF,Yunfu
BH6TEE,Yichang
BI3AQQ,Tianjin
BD4TDF,Lianyungang
BI3BKY,Tianjin
BA4VRM,Yangzhou
BG6XXR,Yichang
BH6TCZ,Wuhan
BI4KWG,jinan
BH6AZA,Maanshan
BI2RTK,Shenyang
BA4UFE,Nanjing
BG7NXD,Nanhai
BA4UUC,Zhangjiagang
BG6UGP,Yichang City
BI3SLL,Taiyuan
BD7OGI,Guangdong Foshan
BG7OOI,Huizhou
BD1EGO,Beijing
BG5WMR,Quanzhou
BH2VIU,Fuxinshi
BD6KSK,Luoyang
BI3CEM,Tianjin
BI1LVU,Beijing
BH1SWJ,Beijing
BG1DXZ,bei jing
BG2MWU,Changchun
BI4PQC,Zibo
BG5THX,Longyang
BG8GVJ,Chongqing
BG7OPK,Shenzhen
BI9BYY,Baoji
BG2HGA,Harbin Heilongjiang China
BH2WJC,Shenyang
BH6TEM,Wuhan
BG2LAV,Jilin
BH7FUM,Changsha Hunan
BG5WLW,Fuzhou
BA3MQA,Tangshan
BG4GTL,Shanghai
BA3RZH,Hebei
BI4BKX,Shanghai
BD6KRL,Zhengzhou
BI3CFK,Tianjin China
BG5GKM,Ningbo
BG0EJL,Wlmq
BG6EMA,Anqing
BG9KID,Lanzhou Gansu
BI4BLM,Shanghai
BA4UWP,Kunshan
BG7MGW,Zhuhai Guangdong
BG7SID,Nanning
BG5GJB,Huzhou
BG7OIQ,Guangzhou
BA4VJI,Jiang Su Zhen Jiang
BI3CHC,Tianjin
BG7ZMI,Hainan
BG3JPH,Bts
BG1HRM,Beijing
BD1CSU,Beijing
BA3OXG,Shijiazhuang
BA4KMW,Weifang
BA8BNP,Guangyuan
BI1PIC,Beijing
BI9DCL,Meixian County-Baoji City
BD7NQU,Guangzhou
BA4VGC,Lianyungang City
BG9EXE,Xian
BI9DJU,Xi'An
BG8EMT,Sichuan
BG3FB,Tianjin
BG4MAP,Dezhou
BI7EJS,Fo Shan
BG4TTY,Wuxi
BI8CGU,Meishan
BG0FIL,Urumqi
BG7WQA,Guilin
BD1ENO,Beijing
BG2HGS,Jiamusi
BI4BLU,Shanghai
BA4IRQ,Jining
BG5GQP,Taizhou
BD7PCO,Shenzhen
BA4KOO,Zibo
BD1EMA,Beijing
BI4BLN,Shanghai
BH4QGD,Changzhou
BG2NFA,Songyuan
BG6XRJ,Wuhan
BD1ELJ,Beijing
BG2NFL,Jilin
BH5UA,Long Yan
BD1ELZ,Beijing
BH5UE,Fujian Longyan
BI7EMX,Cs
BI2QXS,Dandong
BH4FBW,Shanghai
BA3ONI,Handan
BG2NFM,Chang Chun
BG8JNI,Chongqing
BH4XIX,Lianyungang City  Jiangsu Province
BA4VJO,Zhenjiang
BA8BXR,Neijiang
BH2WWB,Liaoning
BA4RBS,Nantong
BA4KQL,Qingdao
BG7OHU,Shenzhen
BI9DHB,Xian
BI3BYS,Tianjin
BA4KPA,Qingdao
BA3RX,Qinhuangdao  Hebei 
BG7OJJ,Guangzhou
BH1OPZ,Beijing
BG5WFL,Quanzhou
BG7OIX,Shenzhen
BG6SGH,Wuhan
BA4RBX,Xuetian Subdistrict Chongchuan District
BH6TCW,Jingmen
BG7RZW,Qinzhou
BI3CCD,Tianjin
BD1EKE,Beijing
BG6ZQQ,Wuhan
BI9DKD,Xi'An
BG6JDZ,Wuhan
BI3CGP,Jinnan
BI3BUW,Sjijiazhuang
BA4KGY,shangdong
BI6AN,Hefei
BG7LPU,Zhongshan
BI1PPB,Beijing
BG7NIE,Shenzhen
BG7OXS,Guangdong
BH3IKI,Hhht
BG7OHV,Shen Zhen
BH3HZQ,Xinganmeng
BH2RCS,Shenyangshi
BI9CPX,Xian
BH4DFB,Shanghai
BA4SSZ,Jiangsu-Wuxi
BH3GPC,Baotou
BA4KMV,Leling
BG7OWY,Guangzhou
BG2NFY,Changchun
BG7UMZ,Guilin
BG1AXB,Beijing
BH5QJ,Fujian Longyan
BG5WEJ,Xiamen
BG7MYZ,Shenzhen
BG7VKW,Guilin
BH6ELX,Maanshan
BH7HKI,Changsha
BA4UJD,Changzhou
BG1EGF,Beijing
BG7OIY,Zhuhai Guangdong
BD1ENT,Beijing
BH6AHI,Bengbu
BA4KRP,Zibo
BH6BYT,Anhui Hefei City
BA4TFQ,Nanjing
BA4KTB,Weihai
BG7WZH,Guilin
BD1ETD,Beijing
BG5GIY,Hangzhou
BI7JQB,Shenzhen
BD1ERB,Xicheng District Beijing
BI4BJH,Shanghai
BH4TLF,Wuxishi
BA3NLR,Bao Ding
BA8BXC,Chengdu
BH6THG,Xianning
BG5JSU,Nanchang
BG7RYQ,Nn
BH8VZN,Kun Ming
BG1IX,Beijing
BG1IBT,Beijing
BG1FU,Beijing
BI1UUN,Beijing
BG1EFZ,Beijing
BH2WUM,Tielingshi
BH4DFG,SHANGHAI CITI BAOSHAN
BD1CMU,Beijing
BA7ITT,Foshan
BD6KPC,Luoyang
BI3BUW,Sjijiazhuang
BG6XQQ,Xiangyang
BH3IKP,Inner Mongolia
BA8BXT,Heze
BG7EPM,Changsha
BH6AJG,Fuyang
BA4IGG,Dezhou
BH2XDR,Anshan
BA4VVM,Nanjing
BG7NUN,Foshan
BG2HAJ,Changchun
BG7NWH,Guangzhou
BI4BHQ,Shanghai
BI7EHQ,Changsha
BH4PDV,Qingdao City
BD1DZB,Beijing
BG5WNS,Quanzhou
BG2HHU,Daqing
BA4TCW,Taizhou
BI4BKH,Shanghai
BA4IJQ,Qd
BG7VCH,Guilin
BG1EDT,Beijing
BG7PDY,Shenzhen
BA4RDY,Xuzhou
BD3RTX,Shijiazhuang
BG7OWM,Shenzhen
BG7OIU,Shen Zhen
BG6TA,Wuhan
BG5GJL,Zhoushan
BH3VLZ,Taiyuan
BG6RYD,Wuhan
BH8RJO,Guiyang
BA4SAK,Nanjing
BI2RYP,Dalian
BG9JXI,Pingling City  Kongtong District
BA4VFN,Nanjing
BH7ECV,Changsha
BA4RJB,Taizhou
BD7JHQ,Guang Zhou
BG7OHG,Shenzhen
BG4KGY,Qingdao
BA4KPM,Zhangdian District Zibo City
BI1JVA,Beijing
BI9CRF,Shanxi
BA4UHH,Nanjing
BA4WCX,Suzhou
BG7PFG,Zhongshan
BI5UNF,Zhangping City Fujian Province
BD8AMR,Chengdu
BG4QBA,Zhenjiang
BA4WCR,Suzhou
BH4SJU,Shuzhou
BA4WDT,Suzhou
BI2RHY,Shenyang
BH6NUS,Shangqiushi
BI4BJI,Shanghai
BG7LIB,Shenzhen
BH1SKJ,Beijing
BA4TJM,Nanjing
BA4UUW,Kunshan Jiangsu
BI1XPL,Bei'Jing
BA4UJQ,Chang Zhou
BD1EOF,Beijing
BH1DVF,Beijing
BI3UPG,Taiyuan
BH6TIJ,Wuhan
BI4OKY,Tsingtao
BH3IKB,Inner Mongolia
BG2NFD,Shanghai
BD6JNP,Shangqiu Shi
BG7PLP,Zhongshan
BG9ELF,Xian
BA3MHT,Baoding
BI2RIW,Jinzhou
BD3RHI,Cangzhou
BG5WNZ,Quanzhou
BA4VUU,Nanjing
BA4TRT,Xu Zhou
BG4IWW,Rizhao City  Shandong Province
BG2DR,Yichunshi
BD1EOE,Beijing
BI1GCO,Beijing
BG0FYC,Urumqi
BA4TSR,Xu Zhou
BG2IOD,Jilinshi
BH6TDR,Wuhan
BG4LQQ,Qingdao
BA4WEQ,Suzhou
BI9CZC,Xian
BR8PQB,Bijieshi
BG2DRL,Da Qing
BH6BPP,Hefei
BG7PLT,Zhongshan
BA4VKS,Zhenjiang
BA4RWX,Suqian
BH6BZW,Anhui
BH6BZZ,Hefei
BA4UOR,Huaian
BG5JXD,Jian
BA4WCD,Suzhou
BG7PHN,Zhongshan
BA4KOI,Zaozhuang
BD1EOY,Beijing
BG9AOW,Xi'An
BG4NZW,Jinan City
BG7PGR,Shenzhen
BA4KRL,Laiwu District Jinan City
BH3IFH,Xam
BG2JDJ,Jilinshi
BG6QBX,Huanggang
BG7NDL,Foshan
BG2NBA,Changchun
BD1EMJ,Beijing
BI4BNW,China
BG7PZU,Foshan
BH1HZG,Beijing
BG7JCJ,Guangzhou
BD6KEN,Zhengzhou
BI2RFH,Panjin
BG1HXW,Beijing Chaoyang
BD3RQM,Guan
BA3NNW,Shenzhou
BH8DQE,Chengdu
BG7OKY,Huizhou City
BH6REB,Wuhan
BD1CIT,Chaoyang  Beijing
BH6EME,Maanshan
BA4JBU,Taian
BG9ICK,Lanzhou
BG7PJE,Guangzhou
BG4EOG,Shanghai
BD4TZY,Suzhou
BA4WEG,Suzhou
BI8FYU,Chengdu
BG4ETL,Shanghai
BH4OBL,Zaozhuang
BI8AKW,Shifang
BA4IPS,Qingdao
BI8STR,E
BG2AYH,Hegang
BI9AYU,Xian
BI4BKE,Shanghai
BH8EAJ,Shehong
BH4OBM,Jinan
BG2HIY,Dqs
BG5WMD,Xiamen
BI1GWB,Beijing
BG5WKL,Xiamen Fujian China
BH4IQZ,Taian
BI4BJC,Shanghai
BA3NGK,Shijiazhuang
BD3QFM,Hengshui
BI4NCF,Liaocheng
BG7PKZ,Shenzhen City
BH3DXR,Baodi
BA4JLM,Weifang
BG0JL,Lhasa
BD1ANO,Tongzhou District
BG7PKJ,Zhongshan
BD1DGF,Beijingshi
BG4LZM,Taian
BG5JYA,Nanchang
BG7ZFO,Hainana
BG4OIR,Binzhou
BG9GOK,Gansu
BG9KFY,Lanzhou
BH3IJT,Hohhot
BA4VTJ,Nanjing
BG0JR,Lasa
BH9BGW,Yulin
BG3HJV,Hhht
BG1HOI,Beijing
BG1HXY,Beijing
BI4BOA,Shanghai
BI3UHK,Dangtong
BD6KTN,Zhengzhou
BA4QXB,Wuxi
BG2NBM,Changchunshi
BG2GVG,Jiamusi
BI8SXQ,Kunming
BH3IKA,Hohhot
BA4KJQ,Weihai
BD1EYQ,Beijing
BI7EOJ,Changde
BI7EMM,Zhangjiajie
BI3UQD,Taiyuan
BH4PDV,Qingdao City
BI9DMG,Xian
BG7RMT,Guigang
BD1DYQ,Beijing
BH5HQE,Hangzhou
BG7PRM,Shenzhen
BH6TCD,Wuhan
BG7OSN,Beijing
BD1EXE,Beijing
BH6TJR,Wuhan
BG7PKD,Pengjiang District  Jiangmen City  Guangdong Province
BI1XYV,Wuxi
BG5CVF,Zhejian Shaoxing
BH5HKL,Hangzhou
BD6KVH,Nanyang
BH6REA,Jingmen
BG7PHG,Shenzhen
BD1EYT,Beijing
BH3NGJ,Tangshan
BG7SO,Nanning
BH6FXD,Anqing
BA8BTR,Bazhong
BH8QFY,Liupanshuicity
BA3MCY,Huanghuashi
BD6KBJ,Henansheng Zhoukoushi Luyixian
BH3EDN,Tianjin
BA4UJS,Changzhou
BA7JEZ,Zhongshan
BH6TEZ,Shiyan
BD7LIJ,Shenzhen
BG0FZK,Tacheng
BG2HCC,Harbin
BH8HKA,Chongqing
BI3UJX,Taiyuan
BD1EYJ,Beijing
BA4VWS,Nanjing
BG2HJM,Haerbin
BI4BJJ,Shanghai
BI2RVR,Shenyang
BA4VUN,Nanjing
BD6KTQ,Zhengzhou
BG2HHC,Haerbin
BG6UMS,Wuhan
BD4VGB,Xuzhou
BH8GAU,Chongqing
BG5JYE,Nanchang
BG7KUW,Yunfu
BG0IK,Lasa
BH8RIC,Guiyang
BD1FCQ,Beijing
BI8SYM,Kunming
BA4KSA,Weifang
BG7OSK,Guang Zhou
BG6STT,Yichang
BG5JIP,Nanchang
BH6SNU,Wuhan
BG7JQR,Shenzhen
BH6NZS,Sanmenxia
BG2HIO,Harbin Shuangcheng
BG6LQZ,Nanyang City Henan Province
BI8SPM,Kunming
BG9KDQ,Lanzhou
BG5JTX,Jiangxi Province
BH8FMV,Yibin
BD1FBZ,Fengtai
BG7PIV,Zhongshan
BD1FAM,Beijing
BG5WNY,Quanzhou
BG5IIZ,Nan Chang
BI9DJN,Xian
BH6FWA,Anqing
BG5JYI,Nanchang
BH6TFG,Wuhan
BG7PQR,Jiangmen
BI8SZI,Kunming
BA4QWZ,Yixing
BD6KKM,Zhengzhou
BA4JTL,Jinan
BD7PRF,Guangzhou
BG7KYM,Dongguan
BH1SZE,Beijing
BG7PQE,Shenzhen
BA4SVS,Wuxi
BH1DAY,Beijing
BG4KMX,Qingdao
BA7JHY,Zhongshan
BG7QKE,Nanning
BA3NDJ,Hebei
BA4TST,Xuzhou
BG5BIV,Shaoxing
BG0IR,Bomi
BI1SFU,Haidian
BG5WPR,Zhangzhou
BI8SZQ,Kunming
BG2CCR,Harbin
BA8CCT,Guang'An City
BI9DGK,Xianyang
BG2GEB,Harbin
BD6KNH,Zhengzhou
BA8CCU,Guang'An
BI8SSJ,Xsbn
BI3SQB,Jinzhong
BG2GJM,Daqingshi
BI2RJK,Shenyang
BG5GUI,Huzhou
BA4KXM,Tianjin
BI3BPU,Tianjin
BA8ALE,Chengdu City
BH6SYF,Xian
BD1FP,Beijing
BA4KUH,Qingdao
BG2CIY,Harbin
BI2RKL,Shen Yang
BG0FYP,Shz
BA4SUY,Jiangyin
BA4KSM,Weifang
BG7TCN,Nanning
BI3AJO,Tianjin
BG9KDS,Lz
BA7MPQ,Heyuan
BI1VOW,Chaoyang
BG5WQE,Quanzhou
BH6EUB,Wuhu
BA4KUW,Qingdao
BA4SNF,Nanjing
BA4KAD,Binzhou
BH1CWK,Beijing
BH4JBV,Jinan
BH6SZD,Wu Han
BG3LPO,Hohhot
BH4HOK,Shanghai
BG7JOU,Shenzhen
BG2GBY,Daqing
BD1CHL,Beijing
BI4BHG,Shanghai
BH3HLR,Manzhouli
BD7OXJ,Kowloon
BG2GJF,Qiqihaer
BI7IOB,Foshan
BG4NZW,Jinan City
BA4KUH,Qingdao
BA4KAD,Binzhou
BI3TDU,Taiyuan
BH6BVV,Hefei
BG4ILJ,Jinan
BG9JFQ,Lanzhou
BI2RVE,Dalian
BG2HFY,Harbin
BD3QEF,Tangshan
BH5UVG,Fuqing
BH7JZQ,Shenzhen
BH3SNE,Linfen
BG4ILL,Jinan
BG2MBC,Changchun
BH5EAW,Haining
BD4TZY,Suzhou
BD6JVJ,Shanghai
BI9BBL,Xian
BG5RAY,QuanZhou
BA8BAF,Guangyuan
BG7IZK,Foshan
BA4JJA,Suzhou
BG2MBC,Changchun
BI3SPP,Taiyuan
BG5BUN,Taizhou
BD1CHA,Beijing
BH5EAT,Jiaxing
BG6TES,Wuhan
BG7OGB,Guangzhong
BI1LLM,Beijing
BI3VQK,Taiyuan
BA8AIV,Nanchong
BD4SEK,Yancheng
BG6QBX,Huanggang
BG9FVN,Tong Chuan
BM6HFL,TAINAN
BX9AAD,TAINAN
BX9AAD,TAINAN
BM6HFL,TAINAN
BX3ACR,Hsinchu
BX3ACR,Hsinchu
BM8CVR,Pingtung
BM8CVU,Pingtung
BM7ALF,Kaohsiung
BV2AI,Taipei
BM6CEN,Taiwan
BV5DO,Yulin
BV3BA,Hsinchu
BV5AB,Taichung
BV2BJ,Taipei
BV2BJ,Taipei
BM3HRK,Hsinchu
BV7RR,Kaohsiung
BX2ADE,Taipei
BU3AA,Taoyuan
BV1EQ,Keelung
BM2MQL,Taipei
BU2BW,New Taipei
BM4JFO,Taichung
BM4JPB,Taichung
BU2CI,New Taipei
BM4JPB,Taichung
BM2MIM,Taoyuan
BM2KRQ,Taipei
BM2NHC,Taipei
BM6GWW,Chinyi
BV7RT,Kaohsiung
BM3INW,Taipei
BM1BXQ,Taipei
BX4ACC,Taichung
BM3HTR,Taoyuan
BM4LAD,Taichung
BM4JVR,Taichung
BM3HUK,Taoyuan
BM3HUU,Taoyuan
BM4KEG,Taichung
BM2LBC,Taipei
BV3UB,Taoyuan City
BU2ER,Taipei
BM2MEM,Taipei
BM4HVW,Taichung
BM4KFG,Taiwan  Miaoli
BM4JRH,Taiwan  Taichung
BM4KCR,Taichung
BM8CQF,Pingdon
BM2IPY,Taipei
BM4BYX,Miao Li Xian
BM4KLL,Taichung
BM3ANR,Taoyuan
BM2KRJ,Taipei
BV2FB,Lu Zhou Shi
BM1BKB,Keelung
BM2MPV,Taipei
BM4KPK,Taichung
BM4KVS,Taichung
BM7HMK,Tainan
BM5GDE,Yunling
BM2KRL,New Taipei
BM2KRQ,Taipei
BM5FVT,Changhwa
BV2CG,Taipei
BM2LUT,Taipei
BM3IAG,Taoyuan
BM2MFE,Taipei
BM3EUS,Hsinchu
BM4KJP,Taichung
BM4GFC,Taichung
BM2LKG,Taipei
BM2MFB,Taipei
BM7HSG,Tainan
BM6HAK,Talnan
BM5GJE,Nantuao
BX5AG,Changhua
BM2NHO,Taipei
BM2NHS,Taipei
BM3HNO,Maioli
BM1CGW,Keelung
BM7HSH,Tainan
BU2BB,New Taipei City
BM2MEM,Taipei
BM2JRK,Taipei
BM2NEP,Taipei
BM5CSX,Yuanlin
BM2KTQ,Taipei
BM2NFA,Taipei
BU2DQ,Taipei
BM2ARE,New Taipei City
BM5CSX,Yuanlin
BM2NEB,Taipei
BM4KHQ,Taichung
BM4KWE,Taichung
BM4LBQ,Taichung
BM3IOJ,Taoyuan
BM2KRL,New Taipei
BM2KRJ,Taipei
BX2ADJ,Taipei
BV4HW,Taichung
BM2NEW,Taipei
BM2EFQ,Taipei
BX4ABC,Miaoli County
BM4HWK,Taichung
BM4KDE,Taichung
BM5GKD,Chunghwa
BM2NFP,Taipei
BM3IMT,New Taipei
BX6AK,Tainin
BM4KSE,Taichung
BM5GAE,Changhwa
BM8CQE,Pintung
BM2NGD,Taipei
BM3ILH,Taoyuan
BV1EQ,Keelung
BM2CFB,Taipei
BV2KI,Taipei
BX2AFH,Taipei
BM7FKF,Kaohsiung
BU2EB,Taipei
BX2AFK,Taipei
BX3AC,Taipei
BX3ABR,Taoyuan
BM4BYX,Miao Li Xian
BM2MGG,Taipei
BX2AET,Taipei
BM2JKG,New Taipe
BM2LAM,New Taipe
BU2BO,Taipei
BU2BE,Taipei
BU2DQ,Taipei
BM4LEF,Taichung
BU2CB,Taipei City
BX6AH,Tainan
BM2NIW,Taipei
BU2DH,New Taipei City
BV2OL,
BM8CRL,Pingtung
BM8CRL,Pingtung
BU2DV,
BU2EE,Taipei
BU2BN,New Taipa
BM2ALC,Taipei
BV3TL,Yangmei District Ta
BV3TQ,Taoyuan
BV3TC,Ty
BM1CHF,I-Lan
BX2ADJ,Taipei
BU2CM,
BV5DD,Taipei
BM5AVX,Yun Lin Xian
BM3BIA,Taoyuan
BM4GNC,Taoyuan
BM4KUF,Taichung
BX2AL,Taipei
BX2AL,Taipei
BX1AC,Yi-Lan
BU3AA,Taoyuan
BV0HAM,Taipei
BV0HAM,Taipei
BV2SR,Taipei
BX2AFJ,Taipei
BX1AD,
BM2GNJ,New Taiwan City
BM1CIQ,Ilan
BV5ON,Changhwa
BV3UE,Hsinchu
BU2ET,Taiper
BV3UI,Taoyuan City
BX6ABC,Tainan
BX6ABC,Tainan
BM2AOS,Taipei
BU2EE,Taipei
BU2BG,Taipei
BM2JAI,Taipei City Tw
BX1AC,Yi-Lan
BM2JAI,Taipei City Tw
BM2NLK,Taipet
BM2NLK,Taipet
BV3UB,Taoyuan City
BM3IUS,Hsinchu City
BV5OW,New Taipei City
BM6HDI,Tainan
BM6AHR,Chiayi
BM2NMP,New Taipei City
BM6AHR,Chiayi
BM2NNG,Taipei
BM6HEQ,Tainan
BM6AMZ,Tainan City
BM6CKY,Taipei
BM2NOG,Taipei
BM3AQZ,Taoyuan
BM6CKY,Taipei
BV3AT,Chungli
BV3AT,Chungli
BM2JRW,Taipei
BM4HFK,Taipei
BM4HFK,Taipei
BX7ADU,Kaohsiung
